{"Key":35,"Weenies":[{"WCID":30897,"Position":{"ObjCellID":2294024,"Origin":{"X":9.60435,"Y":-29.1658,"Z":-17.9951},"Angles":{"W":0.999941,"X":0.0,"Y":0.0,"Z":-0.0109057}},"ID":1879191552},{"WCID":7924,"Position":{"ObjCellID":2294024,"Origin":{"X":11.2338,"Y":-29.2014,"Z":-17.995},"Angles":{"W":0.999941,"X":0.0,"Y":0.0,"Z":-0.0109057}},"ID":1879191553}],"Links":[{"Source":1879191552,"Target":1879191553}]}