{"Key":719,"Weenies":[{"WCID":8200,"Position":{"ObjCellID":47120737,"Origin":{"X":20.0,"Y":0.0,"Z":18.0},"Angles":{"W":1.0,"X":0.0,"Y":0.0,"Z":0.0}},"ID":1881993216},{"WCID":8188,"Position":{"ObjCellID":47120795,"Origin":{"X":33.0909,"Y":-57.4758,"Z":18.17},"Angles":{"W":1.0,"X":0.0,"Y":0.0,"Z":0.0}},"ID":1881993217},{"WCID":3955,"Position":{"ObjCellID":47120797,"Origin":{"X":30.0,"Y":-69.5,"Z":18.0},"Angles":{"W":1.0,"X":0.0,"Y":0.0,"Z":0.0}},"ID":1881993218},{"WCID":23,"Position":{"ObjCellID":47120800,"Origin":{"X":43.2581,"Y":-2.12732,"Z":18.029},"Angles":{"W":-0.53426,"X":0.0,"Y":0.0,"Z":-0.84532}},"ID":1881993219}],"Links":[{"Source":1881993219,"Target":1881993218}]}