{"Key":720,"Weenies":[{"WCID":4378,"Position":{"ObjCellID":47186191,"Origin":{"X":41.4308,"Y":-40.6088,"Z":-6.0},"Angles":{"W":-0.116454,"X":0.0,"Y":0.0,"Z":-0.993196}},"ID":1881997312},{"WCID":8192,"Position":{"ObjCellID":47186263,"Origin":{"X":0.0,"Y":-20.0,"Z":12.0},"Angles":{"W":1.0,"X":0.0,"Y":0.0,"Z":0.0}},"ID":1881997313},{"WCID":8189,"Position":{"ObjCellID":47186282,"Origin":{"X":32.524,"Y":-32.156,"Z":12.005},"Angles":{"W":0.382683,"X":0.0,"Y":0.0,"Z":-0.92388}},"ID":1881997314},{"WCID":8187,"Position":{"ObjCellID":47186282,"Origin":{"X":28.1178,"Y":-31.3216,"Z":12.0634},"Angles":{"W":-0.807861,"X":0.0,"Y":0.0,"Z":-0.589373}},"ID":1881997315}]}