{"Key":723,"Weenies":[{"WCID":8217,"Position":{"ObjCellID":47382791,"Origin":{"X":10.05,"Y":-66.123,"Z":0.005},"Angles":{"W":-4.37114E-08,"X":0.0,"Y":0.0,"Z":-1.0}},"ID":1882009600},{"WCID":509,"Position":{"ObjCellID":47382794,"Origin":{"X":21.5664,"Y":-40.9855,"Z":0.0},"Angles":{"W":-4.37114E-08,"X":0.0,"Y":0.0,"Z":-1.0}},"ID":1882009601},{"WCID":8219,"Position":{"ObjCellID":47382837,"Origin":{"X":50.0,"Y":-3.697,"Z":6.005},"Angles":{"W":1.0,"X":0.0,"Y":0.0,"Z":0.0}},"ID":1882009602}]}