{"Key":776,"Weenies":[{"WCID":30777,"Position":{"ObjCellID":50855936,"Origin":{"X":69.6136,"Y":65.68,"Z":21.8061},"Angles":{"W":0.714421,"X":0.0,"Y":0.0,"Z":0.699716}},"ID":1882226688}]}