{"Key":1032,"Weenies":[{"WCID":412,"Position":{"ObjCellID":67633413,"Origin":{"X":106.26,"Y":133.237,"Z":87.2047},"Angles":{"W":0.707107,"X":0.0,"Y":0.0,"Z":-0.707107}},"ID":1883275264}]}