{"Key":1291,"Weenies":[{"WCID":11638,"Position":{"ObjCellID":84606976,"Origin":{"X":8.19378,"Y":151.334,"Z":76.1201},"Angles":{"W":0.930081,"X":0.0,"Y":0.0,"Z":-0.367355}},"ID":1884336128}]}