{"Key":2054,"Weenies":[{"WCID":412,"Position":{"ObjCellID":134611205,"Origin":{"X":106.387,"Y":114.811,"Z":73.9939},"Angles":{"W":0.707107,"X":0.0,"Y":0.0,"Z":-0.707107}},"ID":1887461376}]}