{"Key":2056,"Weenies":[{"WCID":25939,"Position":{"ObjCellID":134742016,"Origin":{"X":106.431,"Y":149.94,"Z":24.9022},"Angles":{"W":-0.807097,"X":0.0,"Y":0.0,"Z":0.590419}},"ID":1887469568},{"WCID":25939,"Position":{"ObjCellID":134742016,"Origin":{"X":191.911,"Y":96.8828,"Z":14.0124},"Angles":{"W":-0.805639,"X":0.0,"Y":0.0,"Z":-0.592407}},"ID":1887469570}]}