{"Key":2308,"Weenies":[{"WCID":10795,"Position":{"ObjCellID":151257088,"Origin":{"X":12.298,"Y":178.345,"Z":89.2889},"Angles":{"W":-0.996524,"X":0.0,"Y":0.0,"Z":-0.083304}},"ID":1888501760}]}