{"Key":2312,"Weenies":[{"WCID":11638,"Position":{"ObjCellID":151519232,"Origin":{"X":148.614,"Y":111.013,"Z":28.0},"Angles":{"W":0.839979,"X":0.0,"Y":0.0,"Z":-0.542619}},"ID":1888518145},{"WCID":25939,"Position":{"ObjCellID":151519232,"Origin":{"X":113.015,"Y":177.739,"Z":20.8408},"Angles":{"W":-0.323856,"X":0.0,"Y":0.0,"Z":-0.946106}},"ID":1888518146},{"WCID":25939,"Position":{"ObjCellID":151519232,"Origin":{"X":74.0659,"Y":53.1559,"Z":22.4585},"Angles":{"W":-0.656579,"X":0.0,"Y":0.0,"Z":-0.754257}},"ID":1888518150}]}