{"Key":2313,"Weenies":[{"WCID":11638,"Position":{"ObjCellID":151584768,"Origin":{"X":130.551,"Y":15.1832,"Z":22.0},"Angles":{"W":0.743979,"X":0.0,"Y":0.0,"Z":-0.668203}},"ID":1888522241},{"WCID":25939,"Position":{"ObjCellID":151584768,"Origin":{"X":100.07,"Y":36.3644,"Z":17.0226},"Angles":{"W":0.575587,"X":0.0,"Y":0.0,"Z":-0.817741}},"ID":1888522244},{"WCID":7786,"Position":{"ObjCellID":151584768,"Origin":{"X":8.15572,"Y":10.6827,"Z":14.005},"Angles":{"W":-0.853519,"X":0.0,"Y":0.0,"Z":-0.521061}},"ID":1888522246}]}