{"Key":2575,"Weenies":[{"WCID":412,"Position":{"ObjCellID":168755463,"Origin":{"X":130.24,"Y":60.95,"Z":223.331},"Angles":{"W":0.707107,"X":0.0,"Y":0.0,"Z":-0.707107}},"ID":1889595392}]}