{"Key":2678,"Weenies":[{"WCID":30777,"Position":{"ObjCellID":175505408,"Origin":{"X":68.6312,"Y":65.6666,"Z":5.72427},"Angles":{"W":0.581683,"X":0.0,"Y":0.0,"Z":0.813415}},"ID":1890017280}]}