{"Key":3183,"Weenies":[{"WCID":14888,"Position":{"ObjCellID":208601088,"Origin":{"X":135.673,"Y":1.76111,"Z":90.005},"Angles":{"W":-0.328949,"X":0.0,"Y":0.0,"Z":-0.944348}},"ID":1892085760}]}