{"Key":3332,"Weenies":[{"WCID":412,"Position":{"ObjCellID":218366213,"Origin":{"X":34.24,"Y":132.95,"Z":117.66},"Angles":{"W":0.707107,"X":0.0,"Y":0.0,"Z":-0.707107}},"ID":1892696064}]}