{"Key":3336,"Weenies":[{"WCID":6388,"Position":{"ObjCellID":218628096,"Origin":{"X":130.907,"Y":177.518,"Z":27.4041},"Angles":{"W":0.509868,"X":0.0,"Y":0.0,"Z":-0.860253}},"ID":1892712448},{"WCID":6401,"Position":{"ObjCellID":218628096,"Origin":{"X":47.991,"Y":123.971,"Z":22.6626},"Angles":{"W":-0.707107,"X":0.0,"Y":0.0,"Z":-0.707107}},"ID":1892712449},{"WCID":22927,"Position":{"ObjCellID":218628096,"Origin":{"X":124.528,"Y":180.894,"Z":27.404},"Angles":{"W":0.509867,"X":0.0,"Y":0.0,"Z":-0.860253}},"ID":1892712450}]}