{"Key":3513,"Weenies":[{"WCID":7923,"Position":{"ObjCellID":230227968,"Origin":{"X":8.13524,"Y":83.6341,"Z":0.005},"Angles":{"W":0.999151,"X":0.0,"Y":0.0,"Z":-0.0412077}},"ID":1893437440},{"WCID":10923,"Position":{"ObjCellID":230227968,"Origin":{"X":13.8769,"Y":81.6908,"Z":0.00500001},"Angles":{"W":0.414722,"X":0.0,"Y":0.0,"Z":-0.909948}},"ID":1893437441},{"WCID":10924,"Position":{"ObjCellID":230227968,"Origin":{"X":15.6835,"Y":80.0079,"Z":0.0248},"Angles":{"W":-0.932667,"X":0.0,"Y":0.0,"Z":-0.36074}},"ID":1893437442}],"Links":[{"Source":1893437441,"Target":1893437440},{"Source":1893437442,"Target":1893437440}]}