{"Key":3592,"Weenies":[{"WCID":30778,"Position":{"ObjCellID":235405312,"Origin":{"X":41.062,"Y":150.705,"Z":22.005},"Angles":{"W":0.605231,"X":0.0,"Y":0.0,"Z":-0.79605}},"ID":1893761024}]}