{"Key":3636,"Weenies":[{"WCID":5382,"Position":{"ObjCellID":238288896,"Origin":{"X":183.78,"Y":156.0,"Z":33.6857},"Angles":{"W":0.707107,"X":0.0,"Y":0.0,"Z":-0.707107}},"ID":1893941248}]}