{"Key":3889,"Weenies":[{"WCID":30777,"Position":{"ObjCellID":254869504,"Origin":{"X":66.2087,"Y":66.0578,"Z":-0.095},"Angles":{"W":-0.356149,"X":0.0,"Y":0.0,"Z":-0.934429}},"ID":1894977536}]}