{"Key":3893,"Weenies":[{"WCID":5148,"Position":{"ObjCellID":255131648,"Origin":{"X":77.658,"Y":18.246,"Z":5.124},"Angles":{"W":0.92388,"X":0.0,"Y":0.0,"Z":-0.382683}},"ID":1894993920},{"WCID":5148,"Position":{"ObjCellID":255131648,"Origin":{"X":54.201,"Y":17.645,"Z":5.124},"Angles":{"W":0.92388,"X":0.0,"Y":0.0,"Z":-0.382683}},"ID":1894993921}]}