{"Key":3897,"Weenies":[{"WCID":7291,"Position":{"ObjCellID":255393792,"Origin":{"X":175.0,"Y":97.5,"Z":38.545},"Angles":{"W":0.681737,"X":0.0,"Y":0.0,"Z":-0.731598}},"ID":1895010304}]}