{"Key":3945,"Weenies":[{"WCID":7285,"Position":{"ObjCellID":258539520,"Origin":{"X":121.592,"Y":12.7986,"Z":0.00499997},"Angles":{"W":0.019298,"X":0.0,"Y":0.0,"Z":0.999814}},"ID":1895206912}]}