{"Key":4149,"Weenies":[{"WCID":509,"Position":{"ObjCellID":271908864,"Origin":{"X":186.487,"Y":129.966,"Z":72.005},"Angles":{"W":-0.308864,"X":0.0,"Y":0.0,"Z":0.951106}},"ID":1896042496},{"WCID":4037,"Position":{"ObjCellID":271908864,"Origin":{"X":129.476,"Y":152.539,"Z":72.005},"Angles":{"W":0.981724,"X":0.0,"Y":0.0,"Z":-0.190308}},"ID":1896042497}]}