{"Key":4282,"Weenies":[{"WCID":11953,"Position":{"ObjCellID":280625152,"Origin":{"X":63.773,"Y":123.247,"Z":-0.095},"Angles":{"W":-0.615992,"X":0.0,"Y":0.0,"Z":-0.787753}},"ID":1896587264}]}