{"Key":4405,"Weenies":[{"WCID":6854,"Position":{"ObjCellID":288686336,"Origin":{"X":15.127,"Y":83.413,"Z":71.729},"Angles":{"W":-0.461749,"X":0.0,"Y":0.0,"Z":-0.887011}},"ID":1897091072},{"WCID":8155,"Position":{"ObjCellID":288686336,"Origin":{"X":9.8968,"Y":83.6549,"Z":71.729},"Angles":{"W":0.460377,"X":0.0,"Y":0.0,"Z":-0.887724}},"ID":1897091075},{"WCID":1154,"Position":{"ObjCellID":288686336,"Origin":{"X":12.3716,"Y":86.4013,"Z":71.705},"Angles":{"W":0.830928,"X":0.0,"Y":0.0,"Z":-0.55638}},"ID":1897091074},{"WCID":6866,"Position":{"ObjCellID":288686080,"Origin":{"X":18.8,"Y":80.65,"Z":73.305},"Angles":{"W":-0.953717,"X":0.0,"Y":0.0,"Z":-0.300706}},"ID":1897091073}],"Links":[{"Source":1897091075,"Target":1897091074}]}