{"Key":4499,"Weenies":[{"WCID":11192,"Position":{"ObjCellID":294846464,"Origin":{"X":155.895,"Y":35.6788,"Z":0.005},"Angles":{"W":0.708578,"X":0.0,"Y":0.0,"Z":-0.705632}},"ID":1897476096}]}