{"Key":4678,"Weenies":[{"WCID":2568,"Position":{"ObjCellID":306577664,"Origin":{"X":132.162,"Y":69.3276,"Z":46.805},"Angles":{"W":0.996562,"X":0.0,"Y":0.0,"Z":0.082845}},"ID":1898209280},{"WCID":1154,"Position":{"ObjCellID":306577664,"Origin":{"X":134.456,"Y":68.5802,"Z":46.805},"Angles":{"W":0.719954,"X":0.0,"Y":0.0,"Z":-0.694022}},"ID":1898209281}],"Links":[{"Source":1898209280,"Target":1898209281}]}