{"Key":4754,"Weenies":[{"WCID":11192,"Position":{"ObjCellID":311558144,"Origin":{"X":132.561,"Y":132.87,"Z":0.00499998},"Angles":{"W":-0.705632,"X":0.0,"Y":0.0,"Z":-0.708578}},"ID":1898520576},{"WCID":11192,"Position":{"ObjCellID":311558144,"Origin":{"X":37.274,"Y":132.473,"Z":0.00499998},"Angles":{"W":-0.705632,"X":0.0,"Y":0.0,"Z":-0.708578}},"ID":1898520577},{"WCID":11192,"Position":{"ObjCellID":311558144,"Origin":{"X":83.6475,"Y":35.7261,"Z":0.005},"Angles":{"W":0.724256,"X":0.0,"Y":0.0,"Z":-0.689532}},"ID":1898520578}]}