{"Key":4755,"Weenies":[{"WCID":11192,"Position":{"ObjCellID":311623680,"Origin":{"X":107.872,"Y":131.741,"Z":0.005},"Angles":{"W":-0.71446,"X":0.0,"Y":0.0,"Z":-0.699676}},"ID":1898524672},{"WCID":11192,"Position":{"ObjCellID":311623680,"Origin":{"X":12.2894,"Y":131.758,"Z":0.005},"Angles":{"W":-0.708605,"X":0.0,"Y":0.0,"Z":-0.705606}},"ID":1898524673},{"WCID":11192,"Position":{"ObjCellID":311623680,"Origin":{"X":60.3655,"Y":35.9967,"Z":0.005},"Angles":{"W":0.708578,"X":0.0,"Y":0.0,"Z":-0.705632}},"ID":1898524674},{"WCID":11192,"Position":{"ObjCellID":311623680,"Origin":{"X":155.566,"Y":36.0412,"Z":0.005},"Angles":{"W":0.708578,"X":0.0,"Y":0.0,"Z":-0.705632}},"ID":1898524675}]}