{"Key":4756,"Weenies":[{"WCID":11192,"Position":{"ObjCellID":311689216,"Origin":{"X":108.41,"Y":131.677,"Z":0.005},"Angles":{"W":0.702355,"X":0.0,"Y":0.0,"Z":0.711827}},"ID":1898528768},{"WCID":11192,"Position":{"ObjCellID":311689216,"Origin":{"X":60.2905,"Y":36.0032,"Z":0.005},"Angles":{"W":0.690394,"X":0.0,"Y":0.0,"Z":0.723434}},"ID":1898528769},{"WCID":11192,"Position":{"ObjCellID":311689216,"Origin":{"X":156.016,"Y":35.8243,"Z":0.005},"Angles":{"W":-0.714773,"X":0.0,"Y":0.0,"Z":0.699356}},"ID":1898528770}]}