{"Key":4757,"Weenies":[{"WCID":11192,"Position":{"ObjCellID":311754752,"Origin":{"X":155.795,"Y":36.3515,"Z":0.005},"Angles":{"W":0.0713147,"X":0.0,"Y":0.0,"Z":-0.997454}},"ID":1898532864}]}