{"Key":4908,"Weenies":[{"WCID":3951,"Position":{"ObjCellID":321650946,"Origin":{"X":38.3862,"Y":162.78,"Z":9.205},"Angles":{"W":0.587764,"X":0.0,"Y":0.0,"Z":0.809032}},"ID":1899151361},{"WCID":29229,"Position":{"ObjCellID":321650946,"Origin":{"X":39.6756,"Y":160.974,"Z":9.205},"Angles":{"W":0.997095,"X":0.0,"Y":0.0,"Z":-0.0761725}},"ID":1899151362},{"WCID":412,"Position":{"ObjCellID":321650688,"Origin":{"X":39.8935,"Y":165.297,"Z":10.0},"Angles":{"W":0.157832,"X":0.0,"Y":0.0,"Z":-0.987466}},"ID":1899151360},{"WCID":29237,"Position":{"ObjCellID":321650688,"Origin":{"X":43.4081,"Y":151.383,"Z":10.005},"Angles":{"W":0.612912,"X":0.0,"Y":0.0,"Z":-0.790151}},"ID":1899151363}],"Links":[{"Source":1899151362,"Target":1899151361}]}