{"Key":4920,"Weenies":[{"WCID":7244,"Position":{"ObjCellID":322437120,"Origin":{"X":174.997,"Y":110.955,"Z":97.2529},"Angles":{"W":-0.999895,"X":0.0,"Y":0.0,"Z":0.0144589}},"ID":1899200512}]}