{"Key":5010,"Weenies":[{"WCID":11192,"Position":{"ObjCellID":328335360,"Origin":{"X":157.415,"Y":131.12,"Z":73.5947},"Angles":{"W":-0.701094,"X":0.0,"Y":0.0,"Z":0.713069}},"ID":1899569152}]}