{"Key":5011,"Weenies":[{"WCID":11192,"Position":{"ObjCellID":328400896,"Origin":{"X":108.901,"Y":131.705,"Z":0.005},"Angles":{"W":-0.708605,"X":0.0,"Y":0.0,"Z":-0.705605}},"ID":1899573248},{"WCID":11192,"Position":{"ObjCellID":328400896,"Origin":{"X":12.3218,"Y":131.593,"Z":0.005},"Angles":{"W":-0.696747,"X":0.0,"Y":0.0,"Z":-0.717317}},"ID":1899573249},{"WCID":11192,"Position":{"ObjCellID":328400896,"Origin":{"X":59.8747,"Y":36.4423,"Z":0.005},"Angles":{"W":0.708578,"X":0.0,"Y":0.0,"Z":-0.705632}},"ID":1899573250},{"WCID":11192,"Position":{"ObjCellID":328400896,"Origin":{"X":155.295,"Y":36.8398,"Z":0.005},"Angles":{"W":0.708578,"X":0.0,"Y":0.0,"Z":-0.705632}},"ID":1899573251}]}