{"Key":5012,"Weenies":[{"WCID":11192,"Position":{"ObjCellID":328466432,"Origin":{"X":108.4,"Y":131.875,"Z":0.005},"Angles":{"W":0.708262,"X":0.0,"Y":0.0,"Z":0.70595}},"ID":1899577344},{"WCID":11192,"Position":{"ObjCellID":328466432,"Origin":{"X":12.621,"Y":131.423,"Z":0.005},"Angles":{"W":0.725688,"X":0.0,"Y":0.0,"Z":0.688024}},"ID":1899577345},{"WCID":11192,"Position":{"ObjCellID":328466432,"Origin":{"X":59.3553,"Y":36.4359,"Z":0.005},"Angles":{"W":0.702966,"X":0.0,"Y":0.0,"Z":-0.711224}},"ID":1899577346},{"WCID":11192,"Position":{"ObjCellID":328466432,"Origin":{"X":156.336,"Y":35.7304,"Z":0.005},"Angles":{"W":0.720525,"X":0.0,"Y":0.0,"Z":-0.693429}},"ID":1899577347}]}