{"Key":5013,"Weenies":[{"WCID":11192,"Position":{"ObjCellID":328531968,"Origin":{"X":107.963,"Y":132.57,"Z":0.005},"Angles":{"W":0.704651,"X":0.0,"Y":0.0,"Z":0.709554}},"ID":1899581440},{"WCID":11192,"Position":{"ObjCellID":328531968,"Origin":{"X":13.1271,"Y":130.97,"Z":0.005},"Angles":{"W":-0.698767,"X":0.0,"Y":0.0,"Z":-0.71535}},"ID":1899581441},{"WCID":11192,"Position":{"ObjCellID":328531968,"Origin":{"X":59.429,"Y":35.7975,"Z":0.005},"Angles":{"W":-0.714774,"X":0.0,"Y":0.0,"Z":0.699356}},"ID":1899581442},{"WCID":11192,"Position":{"ObjCellID":328531968,"Origin":{"X":155.026,"Y":36.1535,"Z":0.005},"Angles":{"W":-0.714774,"X":0.0,"Y":0.0,"Z":0.699356}},"ID":1899581443}]}