{"Key":5014,"Weenies":[{"WCID":11192,"Position":{"ObjCellID":328597504,"Origin":{"X":59.5074,"Y":35.8394,"Z":0.005},"Angles":{"W":0.675091,"X":0.0,"Y":0.0,"Z":-0.737735}},"ID":1899585536},{"WCID":11192,"Position":{"ObjCellID":328597504,"Origin":{"X":155.014,"Y":36.6058,"Z":0.005},"Angles":{"W":0.716953,"X":0.0,"Y":0.0,"Z":-0.697122}},"ID":1899585537}]}