{"Key":5204,"Weenies":[{"WCID":7360,"Position":{"ObjCellID":341049344,"Origin":{"X":137.25,"Y":189.976,"Z":70.005},"Angles":{"W":0.519052,"X":0.0,"Y":0.0,"Z":0.854743}},"ID":1900363776},{"WCID":7360,"Position":{"ObjCellID":341049344,"Origin":{"X":182.834,"Y":4.96342,"Z":20.0258},"Angles":{"W":0.899411,"X":0.0,"Y":0.0,"Z":0.437105}},"ID":1900363777}]}