{"Key":5244,"Weenies":[{"WCID":1116,"Position":{"ObjCellID":343670784,"Origin":{"X":81.0,"Y":109.1,"Z":148.288},"Angles":{"W":0.382683,"X":0.0,"Y":0.0,"Z":-0.92388}},"ID":1900527616},{"WCID":419,"Position":{"ObjCellID":343670784,"Origin":{"X":97.6338,"Y":93.5507,"Z":131.445},"Angles":{"W":-0.828045,"X":0.0,"Y":0.0,"Z":-0.560662}},"ID":1900527617},{"WCID":1900,"Position":{"ObjCellID":343670784,"Origin":{"X":57.5786,"Y":69.2374,"Z":149.09},"Angles":{"W":-0.212667,"X":0.0,"Y":0.0,"Z":0.977125}},"ID":1900527618}]}