{"Key":5266,"Weenies":[{"WCID":11192,"Position":{"ObjCellID":345112576,"Origin":{"X":34.9983,"Y":132.713,"Z":72.22},"Angles":{"W":-0.704223,"X":0.0,"Y":0.0,"Z":-0.709978}},"ID":1900617728}]}