{"Key":5267,"Weenies":[{"WCID":11192,"Position":{"ObjCellID":345178112,"Origin":{"X":107.701,"Y":132.144,"Z":0.005},"Angles":{"W":-0.7027,"X":0.0,"Y":0.0,"Z":-0.711486}},"ID":1900621824},{"WCID":11192,"Position":{"ObjCellID":345178112,"Origin":{"X":13.2205,"Y":130.97,"Z":0.005},"Angles":{"W":-0.7027,"X":0.0,"Y":0.0,"Z":-0.711486}},"ID":1900621825},{"WCID":11192,"Position":{"ObjCellID":345178112,"Origin":{"X":84.8813,"Y":35.7777,"Z":11.6729},"Angles":{"W":-0.701758,"X":0.0,"Y":0.0,"Z":0.712415}},"ID":1900621826}]}