{"Key":5268,"Weenies":[{"WCID":11192,"Position":{"ObjCellID":345243648,"Origin":{"X":108.841,"Y":131.791,"Z":0.005},"Angles":{"W":0.725687,"X":0.0,"Y":0.0,"Z":0.688025}},"ID":1900625920},{"WCID":11192,"Position":{"ObjCellID":345243648,"Origin":{"X":11.8638,"Y":131.563,"Z":0.005},"Angles":{"W":0.708262,"X":0.0,"Y":0.0,"Z":0.70595}},"ID":1900625921},{"WCID":11192,"Position":{"ObjCellID":345243648,"Origin":{"X":60.198,"Y":35.8786,"Z":0.005},"Angles":{"W":0.693065,"X":0.0,"Y":0.0,"Z":-0.720875}},"ID":1900625922},{"WCID":11192,"Position":{"ObjCellID":345243648,"Origin":{"X":155.651,"Y":35.9625,"Z":0.005},"Angles":{"W":0.704983,"X":0.0,"Y":0.0,"Z":-0.709224}},"ID":1900625923}]}