{"Key":5269,"Weenies":[{"WCID":11192,"Position":{"ObjCellID":345309184,"Origin":{"X":108.125,"Y":131.762,"Z":0.005},"Angles":{"W":0.704651,"X":0.0,"Y":0.0,"Z":0.709554}},"ID":1900630016},{"WCID":11192,"Position":{"ObjCellID":345309184,"Origin":{"X":11.8804,"Y":131.799,"Z":0.005},"Angles":{"W":0.704651,"X":0.0,"Y":0.0,"Z":0.709554}},"ID":1900630017},{"WCID":11192,"Position":{"ObjCellID":345309184,"Origin":{"X":60.0838,"Y":35.3189,"Z":0.005},"Angles":{"W":-0.697069,"X":0.0,"Y":0.0,"Z":0.717004}},"ID":1900630018},{"WCID":11192,"Position":{"ObjCellID":345309184,"Origin":{"X":154.79,"Y":36.0262,"Z":0.005},"Angles":{"W":-0.703019,"X":0.0,"Y":0.0,"Z":0.711171}},"ID":1900630019}]}