{"Key":5270,"Weenies":[{"WCID":11192,"Position":{"ObjCellID":345374720,"Origin":{"X":59.5669,"Y":34.4861,"Z":0.005},"Angles":{"W":0.699302,"X":0.0,"Y":0.0,"Z":-0.714826}},"ID":1900634112},{"WCID":11192,"Position":{"ObjCellID":345374720,"Origin":{"X":154.67,"Y":37.0528,"Z":0.005},"Angles":{"W":0.564165,"X":0.0,"Y":0.0,"Z":-0.825662}},"ID":1900634113}]}