{"Key":5461,"Weenies":[{"WCID":7360,"Position":{"ObjCellID":357892096,"Origin":{"X":19.8986,"Y":67.8996,"Z":70.005},"Angles":{"W":-0.564025,"X":0.0,"Y":0.0,"Z":0.825758}},"ID":1901416448}]}