{"Key":5524,"Weenies":[{"WCID":11192,"Position":{"ObjCellID":362020864,"Origin":{"X":106.9,"Y":132.15,"Z":0.005},"Angles":{"W":-0.703019,"X":0.0,"Y":0.0,"Z":0.711171}},"ID":1901674496},{"WCID":11192,"Position":{"ObjCellID":362020864,"Origin":{"X":12.7393,"Y":132.14,"Z":0.005},"Angles":{"W":0.71412,"X":0.0,"Y":0.0,"Z":0.700023}},"ID":1901674497}]}