{"Key":5525,"Weenies":[{"WCID":11192,"Position":{"ObjCellID":362086400,"Origin":{"X":12.6419,"Y":131.744,"Z":0.005},"Angles":{"W":-0.657031,"X":0.0,"Y":0.0,"Z":0.753864}},"ID":1901678592},{"WCID":11192,"Position":{"ObjCellID":362086400,"Origin":{"X":59.5779,"Y":34.9101,"Z":0.005},"Angles":{"W":-0.703019,"X":0.0,"Y":0.0,"Z":0.711171}},"ID":1901678593}]}