{"Key":5553,"Weenies":[{"WCID":11325,"Position":{"ObjCellID":363921408,"Origin":{"X":100.696,"Y":137.722,"Z":0.005},"Angles":{"W":0.737671,"X":0.0,"Y":0.0,"Z":-0.675161}},"ID":1901793280}]}