{"Key":5685,"Weenies":[{"WCID":9296,"Position":{"ObjCellID":372572160,"Origin":{"X":78.4765,"Y":96.9502,"Z":65.4653},"Angles":{"W":0.996544,"X":0.0,"Y":0.0,"Z":-0.0830679}},"ID":1902333952}]}