{"Key":5810,"Weenies":[{"WCID":11952,"Position":{"ObjCellID":380764160,"Origin":{"X":189.115,"Y":122.392,"Z":43.764},"Angles":{"W":-0.984762,"X":0.0,"Y":0.0,"Z":-0.173906}},"ID":1902845952},{"WCID":12160,"Position":{"ObjCellID":380764160,"Origin":{"X":154.499,"Y":10.81,"Z":26.5},"Angles":{"W":-0.71897,"X":0.0,"Y":0.0,"Z":-0.695041}},"ID":1902845953}]}