{"Key":5960,"Weenies":[{"WCID":1014,"Position":{"ObjCellID":390594820,"Origin":{"X":132.0,"Y":135.0,"Z":9.66},"Angles":{"W":-4.37114E-08,"X":0.0,"Y":0.0,"Z":-1.0}},"ID":1903460353},{"WCID":509,"Position":{"ObjCellID":390594560,"Origin":{"X":132.042,"Y":179.916,"Z":16.4034},"Angles":{"W":-0.376507,"X":0.0,"Y":0.0,"Z":-0.926414}},"ID":1903460352}]}