{"Key":6011,"Weenies":[{"WCID":412,"Position":{"ObjCellID":393937157,"Origin":{"X":178.24,"Y":180.95,"Z":572.908},"Angles":{"W":0.707107,"X":0.0,"Y":0.0,"Z":-0.707107}},"ID":1903669248},{"WCID":9075,"Position":{"ObjCellID":393936896,"Origin":{"X":180.0,"Y":179.749,"Z":560.0},"Angles":{"W":0.0425993,"X":0.0,"Y":0.0,"Z":-0.999092}},"ID":1903669249},{"WCID":9070,"Position":{"ObjCellID":393936896,"Origin":{"X":170.93,"Y":170.601,"Z":560.005},"Angles":{"W":-0.404541,"X":0.0,"Y":0.0,"Z":-0.91452}},"ID":1903669250},{"WCID":9069,"Position":{"ObjCellID":393936896,"Origin":{"X":189.244,"Y":170.735,"Z":560.005},"Angles":{"W":0.415827,"X":0.0,"Y":0.0,"Z":-0.909444}},"ID":1903669251}]}