{"Key":6068,"Weenies":[{"WCID":27595,"Position":{"ObjCellID":397672448,"Origin":{"X":185.418,"Y":44.9294,"Z":20.6336},"Angles":{"W":0.819313,"X":0.0,"Y":0.0,"Z":-0.573346}},"ID":1903902722},{"WCID":15759,"Position":{"ObjCellID":397672448,"Origin":{"X":184.261,"Y":45.6114,"Z":20.6499},"Angles":{"W":0.819313,"X":0.0,"Y":0.0,"Z":-0.573346}},"ID":1903902723}],"Links":[{"Source":1903902722,"Target":1903902723}]}