{"Key":6284,"Weenies":[{"WCID":412,"Position":{"ObjCellID":411828485,"Origin":{"X":153.24,"Y":84.95,"Z":230.01},"Angles":{"W":0.707107,"X":0.0,"Y":0.0,"Z":-0.707107}},"ID":1904787456}]}