{"Key":6322,"Weenies":[{"WCID":11954,"Position":{"ObjCellID":414318592,"Origin":{"X":81.775,"Y":31.56,"Z":45.375},"Angles":{"W":0.537447,"X":0.0,"Y":0.0,"Z":-0.843298}},"ID":1904943104}]}