{"Key":6323,"Weenies":[{"WCID":11323,"Position":{"ObjCellID":414384128,"Origin":{"X":63.7526,"Y":101.435,"Z":22.005},"Angles":{"W":0.966723,"X":0.0,"Y":0.0,"Z":-0.255824}},"ID":1904947200},{"WCID":10853,"Position":{"ObjCellID":414384128,"Origin":{"X":138.595,"Y":175.993,"Z":20.005},"Angles":{"W":-0.978571,"X":0.0,"Y":0.0,"Z":0.205908}},"ID":1904947201}]}