{"Key":6329,"Weenies":[{"WCID":10925,"Position":{"ObjCellID":414777344,"Origin":{"X":166.974,"Y":48.4102,"Z":41.766},"Angles":{"W":0.417731,"X":0.0,"Y":0.0,"Z":-0.908571}},"ID":1904971776}]}