{"Key":6586,"Weenies":[{"WCID":27585,"Position":{"ObjCellID":431620096,"Origin":{"X":177.442,"Y":27.5557,"Z":131.515},"Angles":{"W":0.352376,"X":0.0,"Y":0.0,"Z":-0.935858}},"ID":1906024448}]}