{"Key":6588,"Weenies":[{"WCID":11215,"Position":{"ObjCellID":431751168,"Origin":{"X":64.0845,"Y":11.8681,"Z":235.345},"Angles":{"W":0.674594,"X":0.0,"Y":0.0,"Z":0.738189}},"ID":1906032640}]}