{"Key":6679,"Weenies":[{"WCID":30778,"Position":{"ObjCellID":437714944,"Origin":{"X":37.0245,"Y":150.752,"Z":0.005},"Angles":{"W":0.581683,"X":0.0,"Y":0.0,"Z":0.813416}},"ID":1906405376}]}