{"Key":6997,"Weenies":[{"WCID":7287,"Position":{"ObjCellID":458555392,"Origin":{"X":56.0953,"Y":123.311,"Z":0.00499997},"Angles":{"W":-0.649599,"X":0.0,"Y":0.0,"Z":0.760277}},"ID":1907707904}]}