{"Key":7056,"Weenies":[{"WCID":7242,"Position":{"ObjCellID":462422016,"Origin":{"X":122.404,"Y":87.4296,"Z":30.005},"Angles":{"W":0.00842829,"X":0.0,"Y":0.0,"Z":0.999964}},"ID":1907949568}]}