{"Key":7245,"Weenies":[{"WCID":6795,"Position":{"ObjCellID":474808320,"Origin":{"X":98.5533,"Y":49.5871,"Z":0.219443},"Angles":{"W":-0.73015,"X":0.0,"Y":0.0,"Z":-0.683287}},"ID":1908723712}]}