{"Key":7348,"Weenies":[{"WCID":25314,"Position":{"ObjCellID":481558785,"Origin":{"X":104.445,"Y":18.9122,"Z":2.0075},"Angles":{"W":0.36461,"X":0.0,"Y":0.0,"Z":-0.93116}},"ID":1909145602},{"WCID":3951,"Position":{"ObjCellID":481558785,"Origin":{"X":105.936,"Y":19.0624,"Z":2.005},"Angles":{"W":-0.607226,"X":0.0,"Y":0.0,"Z":-0.794529}},"ID":1909145603},{"WCID":5408,"Position":{"ObjCellID":481558528,"Origin":{"X":188.092,"Y":20.0,"Z":0.0},"Angles":{"W":0.999958,"X":0.0,"Y":0.0,"Z":-0.00919763}},"ID":1909145600},{"WCID":5408,"Position":{"ObjCellID":481558528,"Origin":{"X":180.589,"Y":20.0,"Z":0.0},"Angles":{"W":0.999958,"X":0.0,"Y":0.0,"Z":-0.00919763}},"ID":1909145601}],"Links":[{"Source":1909145602,"Target":1909145603}]}