{"Key":7358,"Weenies":[{"WCID":11231,"Position":{"ObjCellID":482213888,"Origin":{"X":108.213,"Y":180.188,"Z":100.005},"Angles":{"W":-0.999999,"X":0.0,"Y":0.0,"Z":0.00162417}},"ID":1909186560}]}