{"Key":7445,"Weenies":[{"WCID":4179,"Position":{"ObjCellID":487915776,"Origin":{"X":34.5245,"Y":10.3913,"Z":7.405},"Angles":{"W":0.354473,"X":0.0,"Y":0.0,"Z":0.935066}},"ID":1909542913},{"WCID":4179,"Position":{"ObjCellID":487915778,"Origin":{"X":10.4951,"Y":34.838,"Z":2.42021},"Angles":{"W":-0.158372,"X":0.0,"Y":0.0,"Z":-0.98738}},"ID":1909542912}]}