{"Key":7617,"Weenies":[{"WCID":27583,"Position":{"ObjCellID":499187712,"Origin":{"X":152.062,"Y":93.4297,"Z":74.6769},"Angles":{"W":-0.0241489,"X":0.0,"Y":0.0,"Z":-0.999708}},"ID":1910247424}]}