{"Key":7700,"Weenies":[{"WCID":4179,"Position":{"ObjCellID":504627456,"Origin":{"X":10.1428,"Y":34.4338,"Z":0.405},"Angles":{"W":-0.242182,"X":0.0,"Y":0.0,"Z":-0.970231}},"ID":1910587392}]}