{"Key":7858,"Weenies":[{"WCID":23618,"Position":{"ObjCellID":514981888,"Origin":{"X":131.594,"Y":131.909,"Z":2.005},"Angles":{"W":-0.999519,"X":0.0,"Y":0.0,"Z":-0.0309988}},"ID":1911234560}]}