{"Key":7859,"Weenies":[{"WCID":11958,"Position":{"ObjCellID":515047682,"Origin":{"X":83.9429,"Y":189.375,"Z":5.25459},"Angles":{"W":-0.999646,"X":0.0,"Y":0.0,"Z":-0.0266}},"ID":1911238656}]}