{"Key":7860,"Weenies":[{"WCID":11957,"Position":{"ObjCellID":515112960,"Origin":{"X":18.952,"Y":51.797,"Z":80.321},"Angles":{"W":-0.377817,"X":0.0,"Y":0.0,"Z":-0.92588}},"ID":1911242752}]}