{"Key":8113,"Weenies":[{"WCID":11330,"Position":{"ObjCellID":531693568,"Origin":{"X":180.286,"Y":35.5777,"Z":0.00550002},"Angles":{"W":0.815547,"X":0.0,"Y":0.0,"Z":-0.578691}},"ID":1912279040},{"WCID":7924,"Position":{"ObjCellID":531693568,"Origin":{"X":182.959,"Y":32.7336,"Z":0.005},"Angles":{"W":-0.958606,"X":0.0,"Y":0.0,"Z":0.284737}},"ID":1912279041}],"Links":[{"Source":1912279040,"Target":1912279041}]}