{"Key":8130,"Weenies":[{"WCID":10849,"Position":{"ObjCellID":532807680,"Origin":{"X":134.266,"Y":110.936,"Z":82.005},"Angles":{"W":-0.0218031,"X":0.0,"Y":0.0,"Z":0.999762}},"ID":1912348672}]}