{"Key":8137,"Weenies":[{"WCID":10881,"Position":{"ObjCellID":533266432,"Origin":{"X":21.822,"Y":172.412,"Z":0.00499997},"Angles":{"W":0.864443,"X":0.0,"Y":0.0,"Z":0.502731}},"ID":1912377344},{"WCID":23618,"Position":{"ObjCellID":533266432,"Origin":{"X":59.9473,"Y":83.9393,"Z":0.005},"Angles":{"W":0.999998,"X":0.0,"Y":0.0,"Z":0.0017552}},"ID":1912377345}]}