{"Key":8216,"Weenies":[{"WCID":7160,"Position":{"ObjCellID":538443776,"Origin":{"X":176.451,"Y":82.5079,"Z":16.2537},"Angles":{"W":0.956059,"X":0.0,"Y":0.0,"Z":0.293173}},"ID":1912700928},{"WCID":7160,"Position":{"ObjCellID":538443776,"Origin":{"X":169.72,"Y":31.3861,"Z":18.9493},"Angles":{"W":0.765561,"X":0.0,"Y":0.0,"Z":0.643363}},"ID":1912700929}]}