{"Key":8318,"Weenies":[{"WCID":30774,"Position":{"ObjCellID":545128448,"Origin":{"X":77.9329,"Y":32.9372,"Z":150.005},"Angles":{"W":-0.156621,"X":0.0,"Y":0.0,"Z":-0.987659}},"ID":1913118720}]}