{"Key":8368,"Weenies":[{"WCID":11337,"Position":{"ObjCellID":548405248,"Origin":{"X":14.4821,"Y":6.27562,"Z":0.005},"Angles":{"W":0.0190005,"X":0.0,"Y":0.0,"Z":-0.999819}},"ID":1913323520}]}