{"Key":8369,"Weenies":[{"WCID":10982,"Position":{"ObjCellID":548470784,"Origin":{"X":66.776,"Y":115.996,"Z":0.005},"Angles":{"W":-0.877582,"X":0.0,"Y":0.0,"Z":-0.479427}},"ID":1913327616}]}