{"Key":8375,"Weenies":[{"WCID":10857,"Position":{"ObjCellID":548864000,"Origin":{"X":20.3366,"Y":177.344,"Z":90.005},"Angles":{"W":0.885832,"X":0.0,"Y":0.0,"Z":0.464005}},"ID":1913352192}]}