{"Key":8471,"Weenies":[{"WCID":7160,"Position":{"ObjCellID":555155456,"Origin":{"X":144.345,"Y":125.47,"Z":13.9763},"Angles":{"W":-0.828465,"X":0.0,"Y":0.0,"Z":-0.56004}},"ID":1913745408},{"WCID":7160,"Position":{"ObjCellID":555155456,"Origin":{"X":73.4749,"Y":124.222,"Z":10.3568},"Angles":{"W":0.0424834,"X":0.0,"Y":0.0,"Z":0.999097}},"ID":1913745409}]}