{"Key":8473,"Weenies":[{"WCID":7160,"Position":{"ObjCellID":555286528,"Origin":{"X":72.0045,"Y":15.4309,"Z":14.0065},"Angles":{"W":0.216493,"X":0.0,"Y":0.0,"Z":-0.976284}},"ID":1913753600},{"WCID":7160,"Position":{"ObjCellID":555286528,"Origin":{"X":129.647,"Y":14.7242,"Z":14.1514},"Angles":{"W":-0.115249,"X":0.0,"Y":0.0,"Z":0.993337}},"ID":1913753601}]}