{"Key":8479,"Weenies":[{"WCID":1430,"Position":{"ObjCellID":555680000,"Origin":{"X":154.0,"Y":156.0,"Z":46.005},"Angles":{"W":-0.707107,"X":0.0,"Y":0.0,"Z":-0.707107}},"ID":1913778176}]}