{"Key":8602,"Weenies":[{"WCID":23618,"Position":{"ObjCellID":563740672,"Origin":{"X":84.7968,"Y":84.2645,"Z":30.005},"Angles":{"W":0.708219,"X":0.0,"Y":0.0,"Z":0.705992}},"ID":1914281984}]}