{"Key":8623,"Weenies":[{"WCID":1020,"Position":{"ObjCellID":565116928,"Origin":{"X":8.517,"Y":50.88,"Z":0.6},"Angles":{"W":-0.740377,"X":0.0,"Y":0.0,"Z":-0.672192}},"ID":1914368000}]}