{"Key":8645,"Weenies":[{"WCID":11955,"Position":{"ObjCellID":566558720,"Origin":{"X":126.847,"Y":66.3,"Z":68.005},"Angles":{"W":-0.324892,"X":0.0,"Y":0.0,"Z":-0.945751}},"ID":1914458112}]}