{"Key":8727,"Weenies":[{"WCID":7160,"Position":{"ObjCellID":571932672,"Origin":{"X":34.8269,"Y":182.309,"Z":12.3898},"Angles":{"W":-0.457314,"X":0.0,"Y":0.0,"Z":0.889305}},"ID":1914793984}]}