{"Key":8728,"Weenies":[{"WCID":7160,"Position":{"ObjCellID":571998208,"Origin":{"X":48.711,"Y":115.117,"Z":14.725},"Angles":{"W":-0.709578,"X":0.0,"Y":0.0,"Z":0.704627}},"ID":1914798080},{"WCID":7160,"Position":{"ObjCellID":571998208,"Origin":{"X":28.9808,"Y":69.5266,"Z":14.005},"Angles":{"W":-0.404724,"X":0.0,"Y":0.0,"Z":0.914439}},"ID":1914798081},{"WCID":7160,"Position":{"ObjCellID":571998208,"Origin":{"X":20.9801,"Y":189.284,"Z":14.483},"Angles":{"W":0.56178,"X":0.0,"Y":0.0,"Z":0.827286}},"ID":1914798082}]}