{"Key":8791,"Weenies":[{"WCID":14492,"Position":{"ObjCellID":576126976,"Origin":{"X":128.735,"Y":171.845,"Z":0.956663},"Angles":{"W":-0.652814,"X":0.0,"Y":0.0,"Z":-0.757518}},"ID":1915056128}]}