{"Key":8804,"Weenies":[{"WCID":1087,"Position":{"ObjCellID":576978944,"Origin":{"X":54.6793,"Y":92.8648,"Z":119.937},"Angles":{"W":0.707107,"X":0.0,"Y":0.0,"Z":-0.707107}},"ID":1915109376},{"WCID":4147,"Position":{"ObjCellID":576978944,"Origin":{"X":21.436,"Y":99.414,"Z":119.937},"Angles":{"W":0.707107,"X":0.0,"Y":0.0,"Z":-0.707107}},"ID":1915109377}]}