{"Key":8856,"Weenies":[{"WCID":11193,"Position":{"ObjCellID":580386816,"Origin":{"X":132.365,"Y":108.276,"Z":75.1572},"Angles":{"W":0.999961,"X":0.0,"Y":0.0,"Z":0.00881091}},"ID":1915322368}]}