{"Key":8857,"Weenies":[{"WCID":11193,"Position":{"ObjCellID":580452352,"Origin":{"X":133.494,"Y":13.5224,"Z":96.8936},"Angles":{"W":0.999699,"X":0.0,"Y":0.0,"Z":-0.0245198}},"ID":1915326464},{"WCID":11193,"Position":{"ObjCellID":580452352,"Origin":{"X":131.949,"Y":107.675,"Z":100.088},"Angles":{"W":0.99916,"X":0.0,"Y":0.0,"Z":0.0409672}},"ID":1915326465}]}