{"Key":8858,"Weenies":[{"WCID":11193,"Position":{"ObjCellID":580517888,"Origin":{"X":131.784,"Y":12.3353,"Z":106.117},"Angles":{"W":0.999999,"X":0.0,"Y":0.0,"Z":0.00174279}},"ID":1915330560},{"WCID":11193,"Position":{"ObjCellID":580517888,"Origin":{"X":131.127,"Y":107.633,"Z":90.3112},"Angles":{"W":0.999961,"X":0.0,"Y":0.0,"Z":-0.00883846}},"ID":1915330561},{"WCID":11193,"Position":{"ObjCellID":580517888,"Origin":{"X":37.4038,"Y":61.3237,"Z":75.5899},"Angles":{"W":-0.00228888,"X":0.0,"Y":0.0,"Z":-0.999997}},"ID":1915330562}]}