{"Key":8881,"Weenies":[{"WCID":11956,"Position":{"ObjCellID":582025216,"Origin":{"X":58.284,"Y":90.315,"Z":0.005},"Angles":{"W":-0.919537,"X":0.0,"Y":0.0,"Z":-0.393003}},"ID":1915424768}]}