{"Key":8882,"Weenies":[{"WCID":11372,"Position":{"ObjCellID":582090752,"Origin":{"X":75.7657,"Y":163.306,"Z":31.6149},"Angles":{"W":0.153117,"X":0.0,"Y":0.0,"Z":-0.988208}},"ID":1915428864},{"WCID":7924,"Position":{"ObjCellID":582090752,"Origin":{"X":73.8435,"Y":162.696,"Z":31.563},"Angles":{"W":0.299073,"X":0.0,"Y":0.0,"Z":-0.95423}},"ID":1915428865}],"Links":[{"Source":1915428864,"Target":1915428865}]}