{"Key":8987,"Weenies":[{"WCID":202,"Position":{"ObjCellID":588972032,"Origin":{"X":112.887,"Y":170.12,"Z":10.6064},"Angles":{"W":0.996136,"X":0.0,"Y":0.0,"Z":-0.0878254}},"ID":1915858944},{"WCID":202,"Position":{"ObjCellID":588972032,"Origin":{"X":147.924,"Y":154.356,"Z":21.2873},"Angles":{"W":0.878879,"X":0.0,"Y":0.0,"Z":0.477044}},"ID":1915858945},{"WCID":1542,"Position":{"ObjCellID":588972032,"Origin":{"X":147.561,"Y":156.552,"Z":20.5703},"Angles":{"W":0.998537,"X":0.0,"Y":0.0,"Z":0.0540804}},"ID":1915858946}],"Links":[{"Source":1915858944,"Target":1915858946},{"Source":1915858945,"Target":1915858946}]}