{"Key":9092,"Weenies":[{"WCID":2357,"Position":{"ObjCellID":595853568,"Origin":{"X":86.0074,"Y":82.6469,"Z":650.005},"Angles":{"W":-0.188846,"X":0.0,"Y":0.0,"Z":0.982007}},"ID":1916289024}]}