{"Key":9112,"Weenies":[{"WCID":11193,"Position":{"ObjCellID":597164032,"Origin":{"X":131.635,"Y":11.4999,"Z":120.061},"Angles":{"W":0.99998,"X":0.0,"Y":0.0,"Z":-0.00627041}},"ID":1916370944},{"WCID":11193,"Position":{"ObjCellID":597164032,"Origin":{"X":132.133,"Y":108.066,"Z":93.8717},"Angles":{"W":0.999517,"X":0.0,"Y":0.0,"Z":-0.0310794}},"ID":1916370945},{"WCID":11193,"Position":{"ObjCellID":597164032,"Origin":{"X":37.1801,"Y":157.116,"Z":125.497},"Angles":{"W":-0.0472522,"X":0.0,"Y":0.0,"Z":0.998883}},"ID":1916370946},{"WCID":11193,"Position":{"ObjCellID":597164032,"Origin":{"X":36.2792,"Y":60.0642,"Z":106.026},"Angles":{"W":-0.0140819,"X":0.0,"Y":0.0,"Z":0.999901}},"ID":1916370947}]}