{"Key":9113,"Weenies":[{"WCID":11193,"Position":{"ObjCellID":597229568,"Origin":{"X":131.971,"Y":11.9252,"Z":119.986},"Angles":{"W":0.999897,"X":0.0,"Y":0.0,"Z":0.0143759}},"ID":1916375040},{"WCID":11193,"Position":{"ObjCellID":597229568,"Origin":{"X":131.242,"Y":107.945,"Z":105.965},"Angles":{"W":0.999527,"X":0.0,"Y":0.0,"Z":-0.0307615}},"ID":1916375041},{"WCID":11193,"Position":{"ObjCellID":597229568,"Origin":{"X":36.0042,"Y":155.324,"Z":111.232},"Angles":{"W":0.0123526,"X":0.0,"Y":0.0,"Z":0.999924}},"ID":1916375042},{"WCID":11193,"Position":{"ObjCellID":597229568,"Origin":{"X":36.0008,"Y":60.1822,"Z":130.005},"Angles":{"W":0.00832029,"X":0.0,"Y":0.0,"Z":0.999965}},"ID":1916375043}]}