{"Key":9114,"Weenies":[{"WCID":11193,"Position":{"ObjCellID":597295104,"Origin":{"X":131.032,"Y":13.3596,"Z":111.862},"Angles":{"W":0.999973,"X":0.0,"Y":0.0,"Z":0.00735185}},"ID":1916379136},{"WCID":11193,"Position":{"ObjCellID":597295104,"Origin":{"X":132.172,"Y":107.716,"Z":102.005},"Angles":{"W":0.999897,"X":0.0,"Y":0.0,"Z":-0.0143358}},"ID":1916379137},{"WCID":11193,"Position":{"ObjCellID":597295104,"Origin":{"X":36.9351,"Y":157.018,"Z":91.8622},"Angles":{"W":0.0456121,"X":0.0,"Y":0.0,"Z":0.998959}},"ID":1916379138},{"WCID":11193,"Position":{"ObjCellID":597295104,"Origin":{"X":35.9361,"Y":60.0845,"Z":90.9276},"Angles":{"W":0.00250569,"X":0.0,"Y":0.0,"Z":0.999997}},"ID":1916379139}]}