{"Key":9115,"Weenies":[{"WCID":11193,"Position":{"ObjCellID":597360640,"Origin":{"X":129.403,"Y":10.0233,"Z":97.9359},"Angles":{"W":0.99933,"X":0.0,"Y":0.0,"Z":0.036613}},"ID":1916383232}]}