{"Key":9272,"Weenies":[{"WCID":6389,"Position":{"ObjCellID":607649792,"Origin":{"X":88.3773,"Y":157.87,"Z":-0.095},"Angles":{"W":0.999953,"X":0.0,"Y":0.0,"Z":-0.0096545}},"ID":1917026304}]}