{"Key":9345,"Weenies":[{"WCID":2314,"Position":{"ObjCellID":612434178,"Origin":{"X":85.0908,"Y":132.949,"Z":219.245},"Angles":{"W":0.838559,"X":0.0,"Y":0.0,"Z":-0.544811}},"ID":1917325313},{"WCID":412,"Position":{"ObjCellID":612433920,"Origin":{"X":84.0,"Y":129.48,"Z":220.0},"Angles":{"W":1.0,"X":0.0,"Y":0.0,"Z":0.0}},"ID":1917325312},{"WCID":171,"Position":{"ObjCellID":612433920,"Origin":{"X":88.5596,"Y":127.871,"Z":220.005},"Angles":{"W":0.673382,"X":0.0,"Y":0.0,"Z":0.739294}},"ID":1917325314}]}