{"Key":9348,"Weenies":[{"WCID":1542,"Position":{"ObjCellID":612630786,"Origin":{"X":161.445,"Y":80.5913,"Z":339.205},"Angles":{"W":0.973412,"X":0.0,"Y":0.0,"Z":-0.229063}},"ID":1917337601},{"WCID":545,"Position":{"ObjCellID":612630786,"Origin":{"X":160.722,"Y":79.9802,"Z":339.244},"Angles":{"W":0.973412,"X":0.0,"Y":0.0,"Z":-0.229063}},"ID":1917337602},{"WCID":412,"Position":{"ObjCellID":612630528,"Origin":{"X":162.277,"Y":77.9811,"Z":340.0},"Angles":{"W":-0.840862,"X":0.0,"Y":0.0,"Z":-0.541249}},"ID":1917337600},{"WCID":2356,"Position":{"ObjCellID":612630528,"Origin":{"X":159.735,"Y":56.6959,"Z":340.005},"Angles":{"W":-0.337876,"X":0.0,"Y":0.0,"Z":-0.941191}},"ID":1917337603}],"Links":[{"Source":1917337602,"Target":1917337601}]}