{"Key":9367,"Weenies":[{"WCID":11193,"Position":{"ObjCellID":613875712,"Origin":{"X":34.8341,"Y":156.815,"Z":120.83},"Angles":{"W":0.0997706,"X":0.0,"Y":0.0,"Z":0.99501}},"ID":1917415424},{"WCID":11193,"Position":{"ObjCellID":613875712,"Origin":{"X":36.2554,"Y":59.4393,"Z":74.7714},"Angles":{"W":-0.0247922,"X":0.0,"Y":0.0,"Z":0.999693}},"ID":1917415425},{"WCID":11193,"Position":{"ObjCellID":613875712,"Origin":{"X":133.401,"Y":156.421,"Z":92.0439},"Angles":{"W":0.701815,"X":0.0,"Y":0.0,"Z":-0.712359}},"ID":1917415426}]}