{"Key":9368,"Weenies":[{"WCID":11193,"Position":{"ObjCellID":613941248,"Origin":{"X":37.5894,"Y":157.422,"Z":106.535},"Angles":{"W":0.055811,"X":0.0,"Y":0.0,"Z":-0.998441}},"ID":1917419520},{"WCID":11193,"Position":{"ObjCellID":613941248,"Origin":{"X":36.4252,"Y":59.8331,"Z":115.075},"Angles":{"W":0.0421674,"X":0.0,"Y":0.0,"Z":0.999111}},"ID":1917419521},{"WCID":11193,"Position":{"ObjCellID":613941248,"Origin":{"X":130.94,"Y":109.766,"Z":91.9765},"Angles":{"W":-0.0126339,"X":0.0,"Y":0.0,"Z":0.99992}},"ID":1917419522},{"WCID":11193,"Position":{"ObjCellID":613941248,"Origin":{"X":132.161,"Y":12.1953,"Z":105.066},"Angles":{"W":0.0361356,"X":0.0,"Y":0.0,"Z":-0.999347}},"ID":1917419523}]}