{"Key":9369,"Weenies":[{"WCID":11193,"Position":{"ObjCellID":614006784,"Origin":{"X":35.3959,"Y":156.151,"Z":82.1685},"Angles":{"W":-0.0616043,"X":0.0,"Y":0.0,"Z":-0.998101}},"ID":1917423616},{"WCID":11193,"Position":{"ObjCellID":614006784,"Origin":{"X":34.2803,"Y":60.7231,"Z":92.5814},"Angles":{"W":0.0172533,"X":0.0,"Y":0.0,"Z":-0.999851}},"ID":1917423617},{"WCID":11193,"Position":{"ObjCellID":614006784,"Origin":{"X":131.586,"Y":12.5377,"Z":79.9729},"Angles":{"W":0.998564,"X":0.0,"Y":0.0,"Z":-0.0535651}},"ID":1917423618}]}