{"Key":9370,"Weenies":[{"WCID":11193,"Position":{"ObjCellID":614072320,"Origin":{"X":36.7589,"Y":158.129,"Z":110.005},"Angles":{"W":0.0187015,"X":0.0,"Y":0.0,"Z":-0.999825}},"ID":1917427712},{"WCID":11193,"Position":{"ObjCellID":614072320,"Origin":{"X":34.2117,"Y":61.2202,"Z":90.3936},"Angles":{"W":-0.000910175,"X":0.0,"Y":0.0,"Z":-1.0}},"ID":1917427713}]}