{"Key":9371,"Weenies":[{"WCID":11193,"Position":{"ObjCellID":614137856,"Origin":{"X":181.519,"Y":157.559,"Z":115.638},"Angles":{"W":-0.720696,"X":0.0,"Y":0.0,"Z":-0.693251}},"ID":1917431808}]}