{"Key":9372,"Weenies":[{"WCID":11193,"Position":{"ObjCellID":614203392,"Origin":{"X":132.485,"Y":59.877,"Z":80.3594},"Angles":{"W":0.696275,"X":0.0,"Y":0.0,"Z":-0.717775}},"ID":1917435904}]}