{"Key":9409,"Weenies":[{"WCID":10855,"Position":{"ObjCellID":616628224,"Origin":{"X":22.8535,"Y":29.498,"Z":95.8139},"Angles":{"W":-0.961033,"X":0.0,"Y":0.0,"Z":-0.276435}},"ID":1917587456}]}