{"Key":9509,"Weenies":[{"WCID":8387,"Position":{"ObjCellID":623182080,"Origin":{"X":80.0,"Y":60.0,"Z":-6.34},"Angles":{"W":0.707107,"X":0.0,"Y":0.0,"Z":-0.707107}},"ID":1917997056}]}