{"Key":9588,"Weenies":[{"WCID":1350,"Position":{"ObjCellID":628359168,"Origin":{"X":131.189,"Y":5.6736,"Z":144.005},"Angles":{"W":0.887466,"X":0.0,"Y":0.0,"Z":0.460874}},"ID":1918320640},{"WCID":1350,"Position":{"ObjCellID":628359168,"Origin":{"X":124.685,"Y":12.2638,"Z":144.005},"Angles":{"W":0.366064,"X":0.0,"Y":0.0,"Z":-0.93059}},"ID":1918320641}]}