{"Key":9623,"Weenies":[{"WCID":11193,"Position":{"ObjCellID":630652928,"Origin":{"X":34.7741,"Y":156.839,"Z":96.3763},"Angles":{"W":0.0273657,"X":0.0,"Y":0.0,"Z":0.999626}},"ID":1918464000}]}