{"Key":9624,"Weenies":[{"WCID":11193,"Position":{"ObjCellID":630718464,"Origin":{"X":35.3448,"Y":61.1512,"Z":79.7983},"Angles":{"W":0.999978,"X":0.0,"Y":0.0,"Z":-0.00657293}},"ID":1918468096},{"WCID":11193,"Position":{"ObjCellID":630718464,"Origin":{"X":36.3921,"Y":156.236,"Z":80.4764},"Angles":{"W":0.999944,"X":0.0,"Y":0.0,"Z":-0.0105992}},"ID":1918468097},{"WCID":11193,"Position":{"ObjCellID":630718464,"Origin":{"X":132.489,"Y":108.388,"Z":115.166},"Angles":{"W":0.00175695,"X":0.0,"Y":0.0,"Z":-0.999998}},"ID":1918468098}]}