{"Key":9625,"Weenies":[{"WCID":11193,"Position":{"ObjCellID":630784000,"Origin":{"X":37.3796,"Y":59.2088,"Z":91.7303},"Angles":{"W":0.999951,"X":0.0,"Y":0.0,"Z":0.00989478}},"ID":1918472192},{"WCID":11193,"Position":{"ObjCellID":630784000,"Origin":{"X":132.39,"Y":12.1671,"Z":104.935},"Angles":{"W":0.00175695,"X":0.0,"Y":0.0,"Z":-0.999998}},"ID":1918472193}]}