{"Key":9626,"Weenies":[{"WCID":11193,"Position":{"ObjCellID":630849536,"Origin":{"X":83.6684,"Y":156.074,"Z":110.832},"Angles":{"W":0.66897,"X":0.0,"Y":0.0,"Z":0.743289}},"ID":1918476288},{"WCID":11193,"Position":{"ObjCellID":630849536,"Origin":{"X":179.026,"Y":156.454,"Z":130.005},"Angles":{"W":0.707006,"X":0.0,"Y":0.0,"Z":-0.707208}},"ID":1918476289},{"WCID":11193,"Position":{"ObjCellID":630849536,"Origin":{"X":109.219,"Y":83.6622,"Z":130.005},"Angles":{"W":0.728597,"X":0.0,"Y":0.0,"Z":0.684943}},"ID":1918476290}]}