{"Key":9627,"Weenies":[{"WCID":11193,"Position":{"ObjCellID":630915072,"Origin":{"X":85.7111,"Y":157.815,"Z":105.435},"Angles":{"W":-0.714894,"X":0.0,"Y":0.0,"Z":-0.699233}},"ID":1918480384},{"WCID":11193,"Position":{"ObjCellID":630915072,"Origin":{"X":180.537,"Y":153.023,"Z":101.673},"Angles":{"W":-0.671667,"X":0.0,"Y":0.0,"Z":0.740853}},"ID":1918480385},{"WCID":11193,"Position":{"ObjCellID":630915072,"Origin":{"X":132.125,"Y":61.0564,"Z":125.052},"Angles":{"W":-0.694422,"X":0.0,"Y":0.0,"Z":-0.719568}},"ID":1918480386}]}