{"Key":9628,"Weenies":[{"WCID":11193,"Position":{"ObjCellID":630980608,"Origin":{"X":34.5156,"Y":58.9113,"Z":104.582},"Angles":{"W":0.671967,"X":0.0,"Y":0.0,"Z":-0.740581}},"ID":1918484480},{"WCID":11193,"Position":{"ObjCellID":630980608,"Origin":{"X":131.884,"Y":59.5341,"Z":70.2474},"Angles":{"W":-0.0298011,"X":0.0,"Y":0.0,"Z":-0.999556}},"ID":1918484481}]}