{"Key":9768,"Weenies":[{"WCID":30778,"Position":{"ObjCellID":640155648,"Origin":{"X":21.0153,"Y":153.908,"Z":137.179},"Angles":{"W":0.243329,"X":0.0,"Y":0.0,"Z":0.969944}},"ID":1919057920}]}