{"Key":9777,"Weenies":[{"WCID":25392,"Position":{"ObjCellID":640745472,"Origin":{"X":107.874,"Y":84.1529,"Z":72.005},"Angles":{"W":-0.396445,"X":0.0,"Y":0.0,"Z":-0.918058}},"ID":1919094784}]}