{"Key":9790,"Weenies":[{"WCID":509,"Position":{"ObjCellID":641597440,"Origin":{"X":129.203,"Y":148.596,"Z":32.8551},"Angles":{"W":-0.666276,"X":0.0,"Y":0.0,"Z":-0.745705}},"ID":1919148032}]}