{"Key":9857,"Weenies":[{"WCID":1902,"Position":{"ObjCellID":645988352,"Origin":{"X":18.9244,"Y":112.749,"Z":220.005},"Angles":{"W":-0.954826,"X":0.0,"Y":0.0,"Z":0.297165}},"ID":1919422464}]}