{"Key":9880,"Weenies":[{"WCID":11193,"Position":{"ObjCellID":647495680,"Origin":{"X":36.059,"Y":60.1755,"Z":110.098},"Angles":{"W":0.014762,"X":0.0,"Y":0.0,"Z":-0.999891}},"ID":1919516672},{"WCID":11193,"Position":{"ObjCellID":647495680,"Origin":{"X":35.2557,"Y":155.385,"Z":130.005},"Angles":{"W":0.999842,"X":0.0,"Y":0.0,"Z":-0.017796}},"ID":1919516673},{"WCID":11193,"Position":{"ObjCellID":647495680,"Origin":{"X":133.357,"Y":107.593,"Z":122.022},"Angles":{"W":0.00892922,"X":0.0,"Y":0.0,"Z":-0.99996}},"ID":1919516674},{"WCID":11193,"Position":{"ObjCellID":647495680,"Origin":{"X":132.161,"Y":12.8068,"Z":99.4219},"Angles":{"W":0.00528569,"X":0.0,"Y":0.0,"Z":-0.999986}},"ID":1919516675}]}