{"Key":9881,"Weenies":[{"WCID":11193,"Position":{"ObjCellID":647561216,"Origin":{"X":131.687,"Y":12.3568,"Z":110.961},"Angles":{"W":-0.00961588,"X":0.0,"Y":0.0,"Z":-0.999954}},"ID":1919520768}]}