{"Key":9882,"Weenies":[{"WCID":11193,"Position":{"ObjCellID":647626752,"Origin":{"X":83.5029,"Y":156.15,"Z":130.005},"Angles":{"W":0.707096,"X":0.0,"Y":0.0,"Z":-0.707118}},"ID":1919524864},{"WCID":11193,"Position":{"ObjCellID":647626752,"Origin":{"X":180.353,"Y":156.052,"Z":98.9178},"Angles":{"W":0.71441,"X":0.0,"Y":0.0,"Z":-0.699728}},"ID":1919524865}]}