{"Key":9883,"Weenies":[{"WCID":11193,"Position":{"ObjCellID":647692288,"Origin":{"X":82.008,"Y":154.756,"Z":109.631},"Angles":{"W":-0.627332,"X":0.0,"Y":0.0,"Z":0.778752}},"ID":1919528960},{"WCID":11193,"Position":{"ObjCellID":647692288,"Origin":{"X":179.301,"Y":156.177,"Z":106.064},"Angles":{"W":-0.704404,"X":0.0,"Y":0.0,"Z":0.709799}},"ID":1919528961},{"WCID":11193,"Position":{"ObjCellID":647692288,"Origin":{"X":37.2008,"Y":60.2122,"Z":130.005},"Angles":{"W":-0.712193,"X":0.0,"Y":0.0,"Z":-0.701984}},"ID":1919528962},{"WCID":11193,"Position":{"ObjCellID":647692288,"Origin":{"X":132.684,"Y":59.9236,"Z":106.03},"Angles":{"W":0.70704,"X":0.0,"Y":0.0,"Z":0.707173}},"ID":1919528963}]}