{"Key":9884,"Weenies":[{"WCID":11193,"Position":{"ObjCellID":647757824,"Origin":{"X":131.912,"Y":59.4513,"Z":124.968},"Angles":{"W":-0.716214,"X":0.0,"Y":0.0,"Z":-0.697881}},"ID":1919533056}]}