{"Key":10008,"Weenies":[{"WCID":171,"Position":{"ObjCellID":655884544,"Origin":{"X":149.99,"Y":30.8226,"Z":49.66},"Angles":{"W":-0.706334,"X":0.0,"Y":0.0,"Z":0.707878}},"ID":1920040960},{"WCID":1372,"Position":{"ObjCellID":655884544,"Origin":{"X":149.327,"Y":32.7016,"Z":49.66},"Angles":{"W":-0.989878,"X":0.0,"Y":0.0,"Z":0.141921}},"ID":1920040961},{"WCID":1378,"Position":{"ObjCellID":655884544,"Origin":{"X":142.302,"Y":37.2257,"Z":49.66},"Angles":{"W":-0.597912,"X":0.0,"Y":0.0,"Z":0.801561}},"ID":1920040962},{"WCID":1017,"Position":{"ObjCellID":655884288,"Origin":{"X":137.465,"Y":36.5778,"Z":56.005},"Angles":{"W":0.702803,"X":0.0,"Y":0.0,"Z":-0.711385}},"ID":1920040963}]}