{"Key":10106,"Weenies":[{"WCID":5381,"Position":{"ObjCellID":662306816,"Origin":{"X":185.53,"Y":184.0,"Z":380.0},"Angles":{"W":0.707107,"X":0.0,"Y":0.0,"Z":-0.707107}},"ID":1920442368}]}