{"Key":10112,"Weenies":[{"WCID":509,"Position":{"ObjCellID":662700032,"Origin":{"X":18.7945,"Y":137.695,"Z":144.005},"Angles":{"W":-0.268364,"X":0.0,"Y":0.0,"Z":0.963318}},"ID":1920466944}]}