{"Key":10135,"Weenies":[{"WCID":11193,"Position":{"ObjCellID":664207360,"Origin":{"X":36.4898,"Y":156.146,"Z":120.005},"Angles":{"W":0.00534683,"X":0.0,"Y":0.0,"Z":-0.999986}},"ID":1920561152},{"WCID":11193,"Position":{"ObjCellID":664207360,"Origin":{"X":131.628,"Y":107.508,"Z":75.1598},"Angles":{"W":0.00872223,"X":0.0,"Y":0.0,"Z":-0.999962}},"ID":1920561153}]}