{"Key":10136,"Weenies":[{"WCID":11193,"Position":{"ObjCellID":664272896,"Origin":{"X":35.8225,"Y":59.4449,"Z":130.005},"Angles":{"W":0.00534683,"X":0.0,"Y":0.0,"Z":-0.999986}},"ID":1920565248},{"WCID":11193,"Position":{"ObjCellID":664272896,"Origin":{"X":37.0087,"Y":154.156,"Z":112.04},"Angles":{"W":0.99967,"X":0.0,"Y":0.0,"Z":-0.025687}},"ID":1920565249},{"WCID":11193,"Position":{"ObjCellID":664272896,"Origin":{"X":131.207,"Y":106.537,"Z":102.646},"Angles":{"W":-0.032097,"X":0.0,"Y":0.0,"Z":-0.999485}},"ID":1920565250},{"WCID":11193,"Position":{"ObjCellID":664272896,"Origin":{"X":132.846,"Y":12.8999,"Z":86.5248},"Angles":{"W":0.00872223,"X":0.0,"Y":0.0,"Z":-0.999962}},"ID":1920565251}]}