{"Key":10137,"Weenies":[{"WCID":11193,"Position":{"ObjCellID":664338432,"Origin":{"X":36.7606,"Y":59.0811,"Z":89.5755},"Angles":{"W":0.999826,"X":0.0,"Y":0.0,"Z":0.0186617}},"ID":1920569344},{"WCID":11193,"Position":{"ObjCellID":664338432,"Origin":{"X":132.591,"Y":106.38,"Z":95.9501},"Angles":{"W":0.685875,"X":0.0,"Y":0.0,"Z":-0.727719}},"ID":1920569345},{"WCID":11193,"Position":{"ObjCellID":664338432,"Origin":{"X":131.93,"Y":11.8782,"Z":105.96},"Angles":{"W":-0.0341563,"X":0.0,"Y":0.0,"Z":-0.999417}},"ID":1920569346}]}