{"Key":10139,"Weenies":[{"WCID":11193,"Position":{"ObjCellID":664469504,"Origin":{"X":36.1077,"Y":58.8686,"Z":110.432},"Angles":{"W":0.676443,"X":0.0,"Y":0.0,"Z":0.736495}},"ID":1920577536}]}