{"Key":10140,"Weenies":[{"WCID":11193,"Position":{"ObjCellID":664535040,"Origin":{"X":37.244,"Y":59.938,"Z":114.487},"Angles":{"W":-0.699537,"X":0.0,"Y":0.0,"Z":-0.714596}},"ID":1920581632}]}