{"Key":10169,"Weenies":[{"WCID":11410,"Position":{"ObjCellID":666435840,"Origin":{"X":16.0083,"Y":168.349,"Z":16.806},"Angles":{"W":0.0111664,"X":0.0,"Y":0.0,"Z":-0.999938}},"ID":1920700416},{"WCID":7923,"Position":{"ObjCellID":666435840,"Origin":{"X":15.3751,"Y":168.906,"Z":16.805},"Angles":{"W":-0.281034,"X":0.0,"Y":0.0,"Z":-0.959698}},"ID":1920700417}],"Links":[{"Source":1920700416,"Target":1920700417}]}