{"Key":10266,"Weenies":[{"WCID":509,"Position":{"ObjCellID":672792576,"Origin":{"X":9.87889,"Y":65.9915,"Z":14.5057},"Angles":{"W":0.874528,"X":0.0,"Y":0.0,"Z":0.484976}},"ID":1921097728}]}