{"Key":10282,"Weenies":[{"WCID":8381,"Position":{"ObjCellID":673841152,"Origin":{"X":170.468,"Y":87.8362,"Z":84.005},"Angles":{"W":0.263681,"X":0.0,"Y":0.0,"Z":-0.96461}},"ID":1921163264}]}