{"Key":10362,"Weenies":[{"WCID":412,"Position":{"ObjCellID":679084293,"Origin":{"X":178.24,"Y":156.95,"Z":500.01},"Angles":{"W":0.707107,"X":0.0,"Y":0.0,"Z":-0.707107}},"ID":1921490944},{"WCID":8202,"Position":{"ObjCellID":679084032,"Origin":{"X":180.031,"Y":155.997,"Z":508.805},"Angles":{"W":0.855509,"X":0.0,"Y":0.0,"Z":-0.517788}},"ID":1921490945},{"WCID":3953,"Position":{"ObjCellID":679084032,"Origin":{"X":55.2294,"Y":167.839,"Z":399.938},"Angles":{"W":-0.849838,"X":0.0,"Y":0.0,"Z":-0.527044}},"ID":1921490946},{"WCID":5767,"Position":{"ObjCellID":679084032,"Origin":{"X":55.2294,"Y":167.839,"Z":399.938},"Angles":{"W":0.618576,"X":0.0,"Y":0.0,"Z":-0.785725}},"ID":1921490947}],"Links":[{"Source":1921490947,"Target":1921490946}]}