{"Key":10552,"Weenies":[{"WCID":1900,"Position":{"ObjCellID":691536129,"Origin":{"X":60.057,"Y":7.0,"Z":32.005},"Angles":{"W":-4.37114E-08,"X":0.0,"Y":0.0,"Z":-1.0}},"ID":1922269185},{"WCID":153,"Position":{"ObjCellID":691535872,"Origin":{"X":60.1246,"Y":26.2389,"Z":29.9925},"Angles":{"W":-0.0110576,"X":0.0,"Y":0.0,"Z":-0.999939}},"ID":1922269184}]}