{"Key":10678,"Weenies":[{"WCID":10851,"Position":{"ObjCellID":699793408,"Origin":{"X":176.609,"Y":35.8586,"Z":22.005},"Angles":{"W":-0.526934,"X":0.0,"Y":0.0,"Z":0.849906}},"ID":1922785280}]}