{"Key":10769,"Weenies":[{"WCID":1969,"Position":{"ObjCellID":705757184,"Origin":{"X":170.787,"Y":96.341,"Z":9.85798},"Angles":{"W":0.846811,"X":0.0,"Y":0.0,"Z":-0.531894}},"ID":1923158016}]}