{"Key":10770,"Weenies":[{"WCID":1969,"Position":{"ObjCellID":705822720,"Origin":{"X":169.564,"Y":119.25,"Z":12.0103},"Angles":{"W":-0.31153,"X":0.0,"Y":0.0,"Z":0.950236}},"ID":1923162117},{"WCID":1969,"Position":{"ObjCellID":705822720,"Origin":{"X":145.563,"Y":23.086,"Z":12.0812},"Angles":{"W":0.691106,"X":0.0,"Y":0.0,"Z":-0.722754}},"ID":1923162118}]}