{"Key":10880,"Weenies":[{"WCID":22696,"Position":{"ObjCellID":713031680,"Origin":{"X":57.7292,"Y":64.9681,"Z":70.005},"Angles":{"W":0.999794,"X":0.0,"Y":0.0,"Z":-0.0202903}},"ID":1923612672}]}