{"Key":10894,"Weenies":[{"WCID":2558,"Position":{"ObjCellID":713949184,"Origin":{"X":56.5986,"Y":129.798,"Z":64.739},"Angles":{"W":0.00293061,"X":0.0,"Y":0.0,"Z":-0.999996}},"ID":1923670016}]}