{"Key":10933,"Weenies":[{"WCID":11960,"Position":{"ObjCellID":716505088,"Origin":{"X":45.762,"Y":98.032,"Z":4.547},"Angles":{"W":0.536394,"X":0.0,"Y":0.0,"Z":-0.843968}},"ID":1923829760}]}