{"Key":10937,"Weenies":[{"WCID":27587,"Position":{"ObjCellID":716767232,"Origin":{"X":112.55,"Y":180.457,"Z":20.005},"Angles":{"W":0.384688,"X":0.0,"Y":0.0,"Z":-0.923047}},"ID":1923846144}]}