{"Key":11024,"Weenies":[{"WCID":1107,"Position":{"ObjCellID":722469121,"Origin":{"X":180.0,"Y":161.0,"Z":58.005},"Angles":{"W":1.0,"X":0.0,"Y":0.0,"Z":0.0}},"ID":1924202496},{"WCID":24572,"Position":{"ObjCellID":722468864,"Origin":{"X":69.293,"Y":69.232,"Z":74.005},"Angles":{"W":0.92388,"X":0.0,"Y":0.0,"Z":-0.382683}},"ID":1924202497}]}