{"Key":11188,"Weenies":[{"WCID":1030,"Position":{"ObjCellID":733216768,"Origin":{"X":14.133,"Y":110.64,"Z":0.5},"Angles":{"W":0.970416,"X":0.0,"Y":0.0,"Z":-0.241439}},"ID":1924874240}]}