{"Key":11190,"Weenies":[{"WCID":11371,"Position":{"ObjCellID":733347840,"Origin":{"X":144.59,"Y":14.4738,"Z":0.005},"Angles":{"W":-0.44007,"X":0.0,"Y":0.0,"Z":-0.897963}},"ID":1924882432},{"WCID":3596,"Position":{"ObjCellID":733347840,"Origin":{"X":144.398,"Y":16.1985,"Z":0.005},"Angles":{"W":-0.126864,"X":0.0,"Y":0.0,"Z":-0.99192}},"ID":1924882433}],"Links":[{"Source":1924882432,"Target":1924882433}]}