{"Key":11281,"Weenies":[{"WCID":1969,"Position":{"ObjCellID":739311616,"Origin":{"X":45.584,"Y":168.033,"Z":14.3999},"Angles":{"W":0.525424,"X":0.0,"Y":0.0,"Z":-0.850841}},"ID":1925255169}]}