{"Key":11282,"Weenies":[{"WCID":1969,"Position":{"ObjCellID":739377152,"Origin":{"X":46.1951,"Y":47.5176,"Z":15.9678},"Angles":{"W":-0.827497,"X":0.0,"Y":0.0,"Z":-0.56147}},"ID":1925259264},{"WCID":1969,"Position":{"ObjCellID":739377152,"Origin":{"X":16.9773,"Y":115.131,"Z":14.0},"Angles":{"W":-0.470175,"X":0.0,"Y":0.0,"Z":-0.882573}},"ID":1925259265}]}