{"Key":11316,"Weenies":[{"WCID":30777,"Position":{"ObjCellID":741605376,"Origin":{"X":66.8317,"Y":66.7564,"Z":71.568},"Angles":{"W":-0.942222,"X":0.0,"Y":0.0,"Z":0.334988}},"ID":1925398528}]}