{"Key":11600,"Weenies":[{"WCID":25570,"Position":{"ObjCellID":760217600,"Origin":{"X":104.713,"Y":26.434,"Z":0.00499996},"Angles":{"W":0.508037,"X":0.0,"Y":0.0,"Z":-0.861335}},"ID":1926561792}]}