{"Key":11614,"Weenies":[{"WCID":509,"Position":{"ObjCellID":761135104,"Origin":{"X":90.8957,"Y":125.598,"Z":4.005},"Angles":{"W":-0.0633845,"X":0.0,"Y":0.0,"Z":0.997989}},"ID":1926619136}]}