{"Key":11793,"Weenies":[{"WCID":509,"Position":{"ObjCellID":772866048,"Origin":{"X":155.536,"Y":10.2494,"Z":56.005},"Angles":{"W":-0.999326,"X":0.0,"Y":0.0,"Z":0.0367067}},"ID":1927352320},{"WCID":1018,"Position":{"ObjCellID":772866048,"Origin":{"X":131.327,"Y":41.6024,"Z":56.005},"Angles":{"W":0.137884,"X":0.0,"Y":0.0,"Z":0.990448}},"ID":1927352321}]}