{"Key":11797,"Weenies":[{"WCID":30774,"Position":{"ObjCellID":773128192,"Origin":{"X":59.8759,"Y":160.915,"Z":74.005},"Angles":{"W":0.969198,"X":0.0,"Y":0.0,"Z":-0.246281}},"ID":1927368704}]}