{"Key":11833,"Weenies":[{"WCID":12294,"Position":{"ObjCellID":775487488,"Origin":{"X":86.7921,"Y":99.6572,"Z":117.382},"Angles":{"W":-0.980133,"X":0.0,"Y":0.0,"Z":-0.19834}},"ID":1927516161}]}