{"Key":11843,"Weenies":[{"WCID":509,"Position":{"ObjCellID":776142848,"Origin":{"X":6.56236,"Y":83.9235,"Z":8.55352},"Angles":{"W":-0.868467,"X":0.0,"Y":0.0,"Z":-0.495747}},"ID":1927557120}]}