{"Key":11867,"Weenies":[{"WCID":27481,"Position":{"ObjCellID":777715712,"Origin":{"X":2.0,"Y":25.5,"Z":33.0},"Angles":{"W":0.0156726,"X":0.0,"Y":0.0,"Z":-0.999877}},"ID":1927655424},{"WCID":27481,"Position":{"ObjCellID":777715712,"Origin":{"X":2.0,"Y":25.5,"Z":35.0},"Angles":{"W":0.0156726,"X":0.0,"Y":0.0,"Z":-0.999877}},"ID":1927655425},{"WCID":27481,"Position":{"ObjCellID":777715712,"Origin":{"X":2.0,"Y":25.5,"Z":37.0},"Angles":{"W":0.0156726,"X":0.0,"Y":0.0,"Z":-0.999877}},"ID":1927655426}]}