{"Key":12164,"Weenies":[{"WCID":171,"Position":{"ObjCellID":797180160,"Origin":{"X":111.102,"Y":152.973,"Z":26.005},"Angles":{"W":0.429762,"X":0.0,"Y":0.0,"Z":-0.902942}},"ID":1928871938},{"WCID":174,"Position":{"ObjCellID":797179904,"Origin":{"X":105.035,"Y":141.066,"Z":26.005},"Angles":{"W":-0.997273,"X":0.0,"Y":0.0,"Z":-0.0738023}},"ID":1928871936},{"WCID":509,"Position":{"ObjCellID":797179904,"Origin":{"X":112.183,"Y":141.555,"Z":26.005},"Angles":{"W":0.392247,"X":0.0,"Y":0.0,"Z":-0.91986}},"ID":1928871937}]}