{"Key":12585,"Weenies":[{"WCID":10734,"Position":{"ObjCellID":824770560,"Origin":{"X":63.756,"Y":89.6281,"Z":69.318},"Angles":{"W":0.823555,"X":0.0,"Y":0.0,"Z":0.567236}},"ID":1930596353}]}