{"Key":12605,"Weenies":[{"WCID":8830,"Position":{"ObjCellID":826081280,"Origin":{"X":18.1017,"Y":54.7337,"Z":238.808},"Angles":{"W":0.948482,"X":0.0,"Y":0.0,"Z":0.31683}},"ID":1930678272}]}