{"Key":13073,"Weenies":[{"WCID":1371,"Position":{"ObjCellID":856752128,"Origin":{"X":58.934,"Y":53.2867,"Z":12.005},"Angles":{"W":-0.169091,"X":0.0,"Y":0.0,"Z":-0.9856}},"ID":1932595200},{"WCID":1388,"Position":{"ObjCellID":856752128,"Origin":{"X":54.1179,"Y":53.6555,"Z":12.005},"Angles":{"W":-0.572199,"X":0.0,"Y":0.0,"Z":0.820115}},"ID":1932595201},{"WCID":509,"Position":{"ObjCellID":856752128,"Origin":{"X":64.8614,"Y":14.5966,"Z":13.4101},"Angles":{"W":-0.97989,"X":0.0,"Y":0.0,"Z":-0.199541}},"ID":1932595202}]}