{"Key":13113,"Weenies":[{"WCID":8392,"Position":{"ObjCellID":859373568,"Origin":{"X":103.962,"Y":113.321,"Z":126.228},"Angles":{"W":-0.752083,"X":0.0,"Y":0.0,"Z":0.659069}},"ID":1932759040}]}