{"Key":13126,"Weenies":[{"WCID":8127,"Position":{"ObjCellID":860225536,"Origin":{"X":10.0306,"Y":164.489,"Z":42.2926},"Angles":{"W":-0.71506,"X":0.0,"Y":0.0,"Z":-0.699063}},"ID":1932812288},{"WCID":8127,"Position":{"ObjCellID":860225536,"Origin":{"X":10.1757,"Y":155.913,"Z":43.0112},"Angles":{"W":-0.605417,"X":0.0,"Y":0.0,"Z":-0.795909}},"ID":1932812289}]}