{"Key":14132,"Weenies":[{"WCID":7246,"Position":{"ObjCellID":926154752,"Origin":{"X":75.3624,"Y":71.714,"Z":81.4512},"Angles":{"W":0.972624,"X":0.0,"Y":0.0,"Z":0.232386}},"ID":1936932864}]}