{"Key":14177,"Weenies":[{"WCID":1119,"Position":{"ObjCellID":929103872,"Origin":{"X":19.5545,"Y":77.8227,"Z":39.937},"Angles":{"W":-0.707107,"X":0.0,"Y":0.0,"Z":-0.707107}},"ID":1937117184},{"WCID":4203,"Position":{"ObjCellID":929103872,"Origin":{"X":52.6106,"Y":66.1486,"Z":39.937},"Angles":{"W":0.707107,"X":0.0,"Y":0.0,"Z":-0.707107}},"ID":1937117185}]}