{"Key":14440,"Weenies":[{"WCID":509,"Position":{"ObjCellID":946339840,"Origin":{"X":68.7585,"Y":164.861,"Z":43.4683},"Angles":{"W":0.981655,"X":0.0,"Y":0.0,"Z":-0.190665}},"ID":1938194432},{"WCID":1388,"Position":{"ObjCellID":946339840,"Origin":{"X":39.7538,"Y":138.619,"Z":40.005},"Angles":{"W":0.999723,"X":0.0,"Y":0.0,"Z":-0.023529}},"ID":1938194433}]}