{"Key":14442,"Weenies":[{"WCID":1154,"Position":{"ObjCellID":946470912,"Origin":{"X":168.889,"Y":5.35062,"Z":77.2963},"Angles":{"W":-0.947503,"X":0.0,"Y":0.0,"Z":-0.319748}},"ID":1938202625},{"WCID":14520,"Position":{"ObjCellID":946470912,"Origin":{"X":169.665,"Y":7.01618,"Z":76.9141},"Angles":{"W":0.483516,"X":0.0,"Y":0.0,"Z":-0.875335}},"ID":1938202626}],"Links":[{"Source":1938202626,"Target":1938202625}]}