{"Key":14476,"Weenies":[{"WCID":3640,"Position":{"ObjCellID":948699394,"Origin":{"X":108.0,"Y":15.0,"Z":75.66},"Angles":{"W":-4.37114E-08,"X":0.0,"Y":0.0,"Z":-1.0}},"ID":1938341891},{"WCID":509,"Position":{"ObjCellID":948699136,"Origin":{"X":184.699,"Y":40.6984,"Z":82.005},"Angles":{"W":-0.0615289,"X":0.0,"Y":0.0,"Z":-0.998105}},"ID":1938341888},{"WCID":202,"Position":{"ObjCellID":948699136,"Origin":{"X":109.065,"Y":43.0157,"Z":82.011},"Angles":{"W":0.990024,"X":0.0,"Y":0.0,"Z":-0.140899}},"ID":1938341889},{"WCID":1154,"Position":{"ObjCellID":948699136,"Origin":{"X":110.014,"Y":42.2442,"Z":82.005},"Angles":{"W":0.634348,"X":0.0,"Y":0.0,"Z":0.773047}},"ID":1938341890}],"Links":[{"Source":1938341889,"Target":1938341890}]}