{"Key":14947,"Weenies":[{"WCID":30774,"Position":{"ObjCellID":979566592,"Origin":{"X":13.0787,"Y":32.7374,"Z":40.005},"Angles":{"W":0.934422,"X":0.0,"Y":0.0,"Z":-0.356167}},"ID":1940271104}]}