{"Key":15008,"Weenies":[{"WCID":11194,"Position":{"ObjCellID":983564288,"Origin":{"X":131.433,"Y":60.9672,"Z":11.2802},"Angles":{"W":0.033583,"X":0.0,"Y":0.0,"Z":0.999436}},"ID":1940520960},{"WCID":11194,"Position":{"ObjCellID":983564288,"Origin":{"X":131.733,"Y":155.849,"Z":26.9284},"Angles":{"W":0.998517,"X":0.0,"Y":0.0,"Z":-0.0544328}},"ID":1940520961}]}