{"Key":15154,"Weenies":[{"WCID":4921,"Position":{"ObjCellID":993132544,"Origin":{"X":149.108,"Y":78.936,"Z":149.005},"Angles":{"W":0.92388,"X":0.0,"Y":0.0,"Z":-0.382683}},"ID":1941118976}]}