{"Key":15263,"Weenies":[{"WCID":11194,"Position":{"ObjCellID":1000275968,"Origin":{"X":131.542,"Y":155.418,"Z":13.6686},"Angles":{"W":0.0123636,"X":0.0,"Y":0.0,"Z":0.999924}},"ID":1941565440}]}