{"Key":15264,"Weenies":[{"WCID":11194,"Position":{"ObjCellID":1000341504,"Origin":{"X":35.4216,"Y":109.022,"Z":32.4198},"Angles":{"W":0.0456811,"X":0.0,"Y":0.0,"Z":0.998956}},"ID":1941569536},{"WCID":11194,"Position":{"ObjCellID":1000341504,"Origin":{"X":131.166,"Y":63.6966,"Z":32.558},"Angles":{"W":-0.00430277,"X":0.0,"Y":0.0,"Z":0.999991}},"ID":1941569537},{"WCID":11194,"Position":{"ObjCellID":1000341504,"Origin":{"X":132.836,"Y":155.779,"Z":58.0562},"Angles":{"W":0.999966,"X":0.0,"Y":0.0,"Z":-0.00823422}},"ID":1941569538}]}