{"Key":15265,"Weenies":[{"WCID":11194,"Position":{"ObjCellID":1000407040,"Origin":{"X":36.6101,"Y":108.218,"Z":31.3245},"Angles":{"W":0.00403037,"X":0.0,"Y":0.0,"Z":0.999992}},"ID":1941573632},{"WCID":11194,"Position":{"ObjCellID":1000407040,"Origin":{"X":37.0538,"Y":13.2558,"Z":45.9209},"Angles":{"W":-0.0292988,"X":0.0,"Y":0.0,"Z":0.999571}},"ID":1941573633},{"WCID":11194,"Position":{"ObjCellID":1000407040,"Origin":{"X":131.899,"Y":59.792,"Z":59.9882},"Angles":{"W":1.0,"X":0.0,"Y":0.0,"Z":9.90111E-05}},"ID":1941573634},{"WCID":11194,"Position":{"ObjCellID":1000407040,"Origin":{"X":131.45,"Y":155.637,"Z":56.0342},"Angles":{"W":1.0,"X":0.0,"Y":0.0,"Z":9.90072E-05}},"ID":1941573635}]}