{"Key":15266,"Weenies":[{"WCID":11194,"Position":{"ObjCellID":1000472576,"Origin":{"X":35.259,"Y":11.9721,"Z":32.8838},"Angles":{"W":-0.696831,"X":0.0,"Y":0.0,"Z":0.717235}},"ID":1941577728},{"WCID":11194,"Position":{"ObjCellID":1000472576,"Origin":{"X":132.129,"Y":59.8407,"Z":29.0663},"Angles":{"W":0.998745,"X":0.0,"Y":0.0,"Z":0.050078}},"ID":1941577729},{"WCID":11194,"Position":{"ObjCellID":1000472576,"Origin":{"X":131.841,"Y":156.115,"Z":10.98},"Angles":{"W":0.999685,"X":0.0,"Y":0.0,"Z":0.0250963}},"ID":1941577730}]}