{"Key":15425,"Weenies":[{"WCID":509,"Position":{"ObjCellID":1010892800,"Origin":{"X":66.872,"Y":18.362,"Z":12.26},"Angles":{"W":-0.498896,"X":0.0,"Y":0.0,"Z":-0.866662}},"ID":1942228992}]}