{"Key":15520,"Weenies":[{"WCID":11194,"Position":{"ObjCellID":1017118720,"Origin":{"X":60.8413,"Y":108.068,"Z":40.7416},"Angles":{"W":-0.00814071,"X":0.0,"Y":0.0,"Z":-0.999967}},"ID":1942618112},{"WCID":11194,"Position":{"ObjCellID":1017118720,"Origin":{"X":156.285,"Y":61.3172,"Z":20.4824},"Angles":{"W":0.0335196,"X":0.0,"Y":0.0,"Z":-0.999438}},"ID":1942618113},{"WCID":11194,"Position":{"ObjCellID":1017118720,"Origin":{"X":154.668,"Y":157.43,"Z":51.3461},"Angles":{"W":-0.999991,"X":0.0,"Y":0.0,"Z":-0.00432199}},"ID":1942618114}]}