{"Key":15521,"Weenies":[{"WCID":11194,"Position":{"ObjCellID":1017184256,"Origin":{"X":59.8204,"Y":108.939,"Z":64.005},"Angles":{"W":0.0335196,"X":0.0,"Y":0.0,"Z":-0.999438}},"ID":1942622208},{"WCID":11194,"Position":{"ObjCellID":1017184256,"Origin":{"X":60.0041,"Y":11.8212,"Z":61.0047},"Angles":{"W":-0.0331347,"X":0.0,"Y":0.0,"Z":-0.999451}},"ID":1942622209},{"WCID":11194,"Position":{"ObjCellID":1017184256,"Origin":{"X":155.453,"Y":60.1166,"Z":64.005},"Angles":{"W":-0.999992,"X":0.0,"Y":0.0,"Z":0.00401133}},"ID":1942622210},{"WCID":11194,"Position":{"ObjCellID":1017184256,"Origin":{"X":155.966,"Y":155.184,"Z":64.141},"Angles":{"W":-0.999992,"X":0.0,"Y":0.0,"Z":0.00401133}},"ID":1942622211}]}