{"Key":15522,"Weenies":[{"WCID":11194,"Position":{"ObjCellID":1017249792,"Origin":{"X":60.1073,"Y":108.669,"Z":20.7552},"Angles":{"W":-0.0457556,"X":0.0,"Y":0.0,"Z":-0.998953}},"ID":1942626304},{"WCID":11194,"Position":{"ObjCellID":1017249792,"Origin":{"X":60.6904,"Y":12.5943,"Z":55.906},"Angles":{"W":-0.00814069,"X":0.0,"Y":0.0,"Z":-0.999967}},"ID":1942626305},{"WCID":11194,"Position":{"ObjCellID":1017249792,"Origin":{"X":156.188,"Y":36.1172,"Z":49.9913},"Angles":{"W":-0.999924,"X":0.0,"Y":0.0,"Z":0.0123444}},"ID":1942626306},{"WCID":11194,"Position":{"ObjCellID":1017249792,"Origin":{"X":156.107,"Y":132.134,"Z":21.9982},"Angles":{"W":-0.99957,"X":0.0,"Y":0.0,"Z":-0.0293178}},"ID":1942626307}]}