{"Key":15523,"Weenies":[{"WCID":11194,"Position":{"ObjCellID":1017315328,"Origin":{"X":156.689,"Y":35.349,"Z":16.2315},"Angles":{"W":-0.999291,"X":0.0,"Y":0.0,"Z":-0.0376465}},"ID":1942630400}]}