{"Key":15650,"Weenies":[{"WCID":509,"Position":{"ObjCellID":1025638400,"Origin":{"X":179.421,"Y":158.057,"Z":7.88186},"Angles":{"W":-0.802843,"X":0.0,"Y":0.0,"Z":0.59619}},"ID":1943150592},{"WCID":8388,"Position":{"ObjCellID":1025638400,"Origin":{"X":175.406,"Y":172.626,"Z":8.47864},"Angles":{"W":-0.302247,"X":0.0,"Y":0.0,"Z":0.95323}},"ID":1943150593},{"WCID":8386,"Position":{"ObjCellID":1025638400,"Origin":{"X":181.869,"Y":140.858,"Z":7.87814},"Angles":{"W":-0.00704867,"X":0.0,"Y":0.0,"Z":0.999975}},"ID":1943150594}]}