{"Key":15690,"Weenies":[{"WCID":7283,"Position":{"ObjCellID":1028259840,"Origin":{"X":131.714,"Y":105.845,"Z":0.005},"Angles":{"W":-0.936797,"X":0.0,"Y":0.0,"Z":0.349873}},"ID":1943314432}]}