{"Key":15711,"Weenies":[{"WCID":171,"Position":{"ObjCellID":1029636354,"Origin":{"X":12.6496,"Y":181.462,"Z":39.205},"Angles":{"W":0.814387,"X":0.0,"Y":0.0,"Z":0.580322}},"ID":1943400450},{"WCID":412,"Position":{"ObjCellID":1029636096,"Origin":{"X":12.0,"Y":177.48,"Z":40.0},"Angles":{"W":1.0,"X":0.0,"Y":0.0,"Z":0.0}},"ID":1943400448},{"WCID":1375,"Position":{"ObjCellID":1029636096,"Origin":{"X":9.25945,"Y":176.5,"Z":40.005},"Angles":{"W":-0.521261,"X":0.0,"Y":0.0,"Z":0.853397}},"ID":1943400449},{"WCID":509,"Position":{"ObjCellID":1029636096,"Origin":{"X":2.6988,"Y":161.888,"Z":40.005},"Angles":{"W":0.151831,"X":0.0,"Y":0.0,"Z":-0.988406}},"ID":1943400451}]}