{"Key":15776,"Weenies":[{"WCID":11194,"Position":{"ObjCellID":1033895936,"Origin":{"X":58.8334,"Y":180.508,"Z":37.2169},"Angles":{"W":0.00553731,"X":0.0,"Y":0.0,"Z":-0.999985}},"ID":1943666688},{"WCID":11194,"Position":{"ObjCellID":1033895936,"Origin":{"X":155.674,"Y":133.312,"Z":35.1421},"Angles":{"W":0.00287044,"X":0.0,"Y":0.0,"Z":0.999996}},"ID":1943666689}]}