{"Key":15777,"Weenies":[{"WCID":11194,"Position":{"ObjCellID":1033961472,"Origin":{"X":60.028,"Y":179.851,"Z":64.9926},"Angles":{"W":-0.0085881,"X":0.0,"Y":0.0,"Z":-0.999963}},"ID":1943670784},{"WCID":11194,"Position":{"ObjCellID":1033961472,"Origin":{"X":60.2426,"Y":84.8453,"Z":62.1863},"Angles":{"W":-0.000254877,"X":0.0,"Y":0.0,"Z":-1.0}},"ID":1943670785},{"WCID":11194,"Position":{"ObjCellID":1033961472,"Origin":{"X":155.46,"Y":36.1412,"Z":53.1463},"Angles":{"W":-0.999976,"X":0.0,"Y":0.0,"Z":0.00699979}},"ID":1943670786},{"WCID":11194,"Position":{"ObjCellID":1033961472,"Origin":{"X":156.976,"Y":130.689,"Z":67.8933},"Angles":{"W":-0.999976,"X":0.0,"Y":0.0,"Z":0.00699979}},"ID":1943670787}]}