{"Key":15778,"Weenies":[{"WCID":11194,"Position":{"ObjCellID":1034027008,"Origin":{"X":60.1336,"Y":180.351,"Z":33.906},"Angles":{"W":-0.0085881,"X":0.0,"Y":0.0,"Z":-0.999963}},"ID":1943674880},{"WCID":11194,"Position":{"ObjCellID":1034027008,"Origin":{"X":60.7669,"Y":84.8477,"Z":56.7864},"Angles":{"W":-0.0252522,"X":0.0,"Y":0.0,"Z":-0.999681}},"ID":1943674881},{"WCID":11194,"Position":{"ObjCellID":1034027008,"Origin":{"X":155.389,"Y":34.6625,"Z":68.005},"Angles":{"W":-0.999976,"X":0.0,"Y":0.0,"Z":0.00699979}},"ID":1943674882},{"WCID":11194,"Position":{"ObjCellID":1034027008,"Origin":{"X":156.919,"Y":130.731,"Z":50.5811},"Angles":{"W":-0.998683,"X":0.0,"Y":0.0,"Z":-0.0513109}},"ID":1943674883}]}