{"Key":15921,"Weenies":[{"WCID":2329,"Position":{"ObjCellID":1043398656,"Origin":{"X":21.9741,"Y":145.636,"Z":230.845},"Angles":{"W":0.842483,"X":0.0,"Y":0.0,"Z":-0.538724}},"ID":1944260608}]}