{"Key":16026,"Weenies":[{"WCID":1017,"Position":{"ObjCellID":1050279936,"Origin":{"X":173.6,"Y":69.7,"Z":120.3},"Angles":{"W":-0.66262,"X":0.0,"Y":0.0,"Z":-0.748956}},"ID":1944690688}]}