{"Key":16032,"Weenies":[{"WCID":11194,"Position":{"ObjCellID":1050673152,"Origin":{"X":60.5753,"Y":181.782,"Z":46.2015},"Angles":{"W":0.0278668,"X":0.0,"Y":0.0,"Z":0.999612}},"ID":1944715264}]}