{"Key":16033,"Weenies":[{"WCID":11194,"Position":{"ObjCellID":1050738688,"Origin":{"X":59.9675,"Y":179.928,"Z":65.0077},"Angles":{"W":0.0195358,"X":0.0,"Y":0.0,"Z":0.999809}},"ID":1944719360},{"WCID":11194,"Position":{"ObjCellID":1050738688,"Origin":{"X":60.0492,"Y":83.655,"Z":61.9475},"Angles":{"W":0.00287042,"X":0.0,"Y":0.0,"Z":0.999996}},"ID":1944719361},{"WCID":11194,"Position":{"ObjCellID":1050738688,"Origin":{"X":156.188,"Y":35.3083,"Z":62.005},"Angles":{"W":0.999975,"X":0.0,"Y":0.0,"Z":-0.00707463}},"ID":1944719362},{"WCID":11194,"Position":{"ObjCellID":1050738688,"Origin":{"X":155.832,"Y":131.171,"Z":60.088},"Angles":{"W":0.999999,"X":0.0,"Y":0.0,"Z":0.00125864}},"ID":1944719363}]}