{"Key":16034,"Weenies":[{"WCID":11194,"Position":{"ObjCellID":1050804224,"Origin":{"X":59.9201,"Y":179.102,"Z":50.0598},"Angles":{"W":-0.999953,"X":0.0,"Y":0.0,"Z":-0.00966666}},"ID":1944723456},{"WCID":11194,"Position":{"ObjCellID":1050804224,"Origin":{"X":59.862,"Y":84.6372,"Z":63.982},"Angles":{"W":-0.0137958,"X":0.0,"Y":0.0,"Z":0.999905}},"ID":1944723457},{"WCID":11194,"Position":{"ObjCellID":1050804224,"Origin":{"X":156.56,"Y":34.9686,"Z":65.9265},"Angles":{"W":0.999881,"X":0.0,"Y":0.0,"Z":-0.0154074}},"ID":1944723458},{"WCID":11194,"Position":{"ObjCellID":1050804224,"Origin":{"X":156.998,"Y":131.959,"Z":58.849},"Angles":{"W":0.997862,"X":0.0,"Y":0.0,"Z":-0.0653614}},"ID":1944723459}]}