{"Key":16035,"Weenies":[{"WCID":11194,"Position":{"ObjCellID":1050869760,"Origin":{"X":156.491,"Y":35.3304,"Z":33.1873},"Angles":{"W":0.999975,"X":0.0,"Y":0.0,"Z":-0.00707462}},"ID":1944727552}]}