{"Key":16176,"Weenies":[{"WCID":509,"Position":{"ObjCellID":1060110336,"Origin":{"X":1.96011,"Y":187.743,"Z":-0.095},"Angles":{"W":-0.159057,"X":0.0,"Y":0.0,"Z":-0.987269}},"ID":1945305088}]}