{"Key":16206,"Weenies":[{"WCID":28095,"Position":{"ObjCellID":1062076416,"Origin":{"X":112.751,"Y":43.991,"Z":-0.1},"Angles":{"W":0.0943551,"X":0.0,"Y":0.0,"Z":0.995539}},"ID":1945427968},{"WCID":7923,"Position":{"ObjCellID":1062076416,"Origin":{"X":140.051,"Y":51.7414,"Z":-0.095},"Angles":{"W":-0.940226,"X":0.0,"Y":0.0,"Z":-0.34055}},"ID":1945427969}],"Links":[{"Source":1945427968,"Target":1945427969}]}