{"Key":16288,"Weenies":[{"WCID":11194,"Position":{"ObjCellID":1067450368,"Origin":{"X":60.2232,"Y":179.83,"Z":71.0192},"Angles":{"W":-0.0282406,"X":0.0,"Y":0.0,"Z":-0.999601}},"ID":1945763840}]}