{"Key":16289,"Weenies":[{"WCID":11194,"Position":{"ObjCellID":1067515904,"Origin":{"X":60.2266,"Y":179.242,"Z":57.923},"Angles":{"W":0.00538791,"X":0.0,"Y":0.0,"Z":-0.999985}},"ID":1945767936},{"WCID":11194,"Position":{"ObjCellID":1067515904,"Origin":{"X":59.3594,"Y":85.049,"Z":65.8302},"Angles":{"W":0.00538791,"X":0.0,"Y":0.0,"Z":-0.999985}},"ID":1945767937}]}