{"Key":16290,"Weenies":[{"WCID":11194,"Position":{"ObjCellID":1067581440,"Origin":{"X":60.2186,"Y":180.926,"Z":52.9054},"Angles":{"W":0.0470372,"X":0.0,"Y":0.0,"Z":-0.998893}},"ID":1945772032},{"WCID":11194,"Position":{"ObjCellID":1067581440,"Origin":{"X":59.194,"Y":82.6043,"Z":61.0722},"Angles":{"W":0.00538791,"X":0.0,"Y":0.0,"Z":-0.999985}},"ID":1945772033}]}