{"Key":16530,"Weenies":[{"WCID":951,"Position":{"ObjCellID":1083310080,"Origin":{"X":189.031,"Y":183.706,"Z":0.696129},"Angles":{"W":-0.491383,"X":0.0,"Y":0.0,"Z":-0.870944}},"ID":1946755072},{"WCID":951,"Position":{"ObjCellID":1083310080,"Origin":{"X":165.149,"Y":150.628,"Z":0.557292},"Angles":{"W":0.496882,"X":0.0,"Y":0.0,"Z":0.867818}},"ID":1946755073}]}