{"Key":16786,"Weenies":[{"WCID":951,"Position":{"ObjCellID":1100087552,"Origin":{"X":38.3379,"Y":178.594,"Z":0.005},"Angles":{"W":-0.791755,"X":0.0,"Y":0.0,"Z":-0.610839}},"ID":1947803649},{"WCID":1984,"Position":{"ObjCellID":1100087296,"Origin":{"X":18.9978,"Y":169.514,"Z":0.295647},"Angles":{"W":-0.997697,"X":0.0,"Y":0.0,"Z":0.0678282}},"ID":1947803648},{"WCID":951,"Position":{"ObjCellID":1100087296,"Origin":{"X":14.3244,"Y":189.671,"Z":0.005},"Angles":{"W":-0.99306,"X":0.0,"Y":0.0,"Z":0.117608}},"ID":1947803650}]}