{"Key":16918,"Weenies":[{"WCID":509,"Position":{"ObjCellID":1108738048,"Origin":{"X":83.4707,"Y":36.2119,"Z":3.91679},"Angles":{"W":0.649053,"X":0.0,"Y":0.0,"Z":-0.760743}},"ID":1948344320}]}