{"Key":16925,"Weenies":[{"WCID":1107,"Position":{"ObjCellID":1109196800,"Origin":{"X":115.659,"Y":188.33,"Z":31.937},"Angles":{"W":0.147118,"X":0.0,"Y":0.0,"Z":-0.989119}},"ID":1948372992},{"WCID":1903,"Position":{"ObjCellID":1109196800,"Origin":{"X":136.241,"Y":164.86,"Z":31.937},"Angles":{"W":0.42155,"X":0.0,"Y":0.0,"Z":-0.906805}},"ID":1948372993}]}