{"Key":16969,"Weenies":[{"WCID":8618,"Position":{"ObjCellID":1112080384,"Origin":{"X":24.4354,"Y":68.4022,"Z":-0.095},"Angles":{"W":-0.461257,"X":0.0,"Y":0.0,"Z":-0.887267}},"ID":1948553216}]}