{"Key":17112,"Weenies":[{"WCID":394,"Position":{"ObjCellID":1121452032,"Origin":{"X":124.8,"Y":114.86,"Z":64.005},"Angles":{"W":0.90659,"X":0.0,"Y":0.0,"Z":0.422012}},"ID":1949138944},{"WCID":1131,"Position":{"ObjCellID":1121452032,"Origin":{"X":122.003,"Y":117.794,"Z":64.005},"Angles":{"W":0.0314547,"X":0.0,"Y":0.0,"Z":-0.999505}},"ID":1949138945}]}