{"Key":17334,"Weenies":[{"WCID":30771,"Position":{"ObjCellID":1136001024,"Origin":{"X":173.438,"Y":156.148,"Z":33.4705},"Angles":{"W":0.640997,"X":0.0,"Y":0.0,"Z":0.767543}},"ID":1950048256}]}