{"Key":17375,"Weenies":[{"WCID":30912,"Position":{"ObjCellID":1138688000,"Origin":{"X":75.3197,"Y":169.568,"Z":0.057},"Angles":{"W":0.993254,"X":0.0,"Y":0.0,"Z":-0.115955}},"ID":1950216192},{"WCID":15759,"Position":{"ObjCellID":1138688000,"Origin":{"X":77.0125,"Y":169.768,"Z":0.00499999},"Angles":{"W":0.998273,"X":0.0,"Y":0.0,"Z":0.0587493}},"ID":1950216193}],"Links":[{"Source":1950216192,"Target":1950216193}]}