{"Key":17432,"Weenies":[{"WCID":25605,"Position":{"ObjCellID":1142423552,"Origin":{"X":3.07588,"Y":45.0854,"Z":164.005},"Angles":{"W":0.345212,"X":0.0,"Y":0.0,"Z":-0.938525}},"ID":1950449664}]}