{"Key":17490,"Weenies":[{"WCID":6393,"Position":{"ObjCellID":1146224640,"Origin":{"X":77.8163,"Y":119.002,"Z":20.005},"Angles":{"W":-0.795805,"X":0.0,"Y":0.0,"Z":-0.605552}},"ID":1950687232}]}