{"Key":17503,"Weenies":[{"WCID":27806,"Position":{"ObjCellID":1147076864,"Origin":{"X":153.7,"Y":33.7846,"Z":126.005},"Angles":{"W":0.932298,"X":0.0,"Y":0.0,"Z":-0.36169}},"ID":1950740480},{"WCID":7924,"Position":{"ObjCellID":1147076864,"Origin":{"X":153.834,"Y":33.8524,"Z":126.005},"Angles":{"W":0.941366,"X":0.0,"Y":0.0,"Z":-0.337388}},"ID":1950740481}],"Links":[{"Source":1950740480,"Target":1950740481}]}