{"Key":17714,"Weenies":[{"WCID":7295,"Position":{"ObjCellID":1160904704,"Origin":{"X":15.858,"Y":151.728,"Z":69.9739},"Angles":{"W":-0.751753,"X":0.0,"Y":0.0,"Z":-0.659445}},"ID":1951604736}]}