{"Key":17762,"Weenies":[{"WCID":14886,"Position":{"ObjCellID":1164050432,"Origin":{"X":180.0,"Y":81.556,"Z":36.625},"Angles":{"W":0.161819,"X":0.0,"Y":0.0,"Z":-0.98682}},"ID":1951801344}]}