{"Key":18080,"Weenies":[{"WCID":6391,"Position":{"ObjCellID":1184890880,"Origin":{"X":42.5468,"Y":103.356,"Z":63.5825},"Angles":{"W":0.935164,"X":0.0,"Y":0.0,"Z":-0.354214}},"ID":1953103872}]}