{"Key":18358,"Weenies":[{"WCID":509,"Position":{"ObjCellID":1203109888,"Origin":{"X":51.1636,"Y":43.975,"Z":128.082},"Angles":{"W":0.435869,"X":0.0,"Y":0.0,"Z":-0.90001}},"ID":1954242560}]}