{"Key":18390,"Weenies":[{"WCID":963,"Position":{"ObjCellID":1205207296,"Origin":{"X":87.1931,"Y":157.837,"Z":170.005},"Angles":{"W":0.144294,"X":0.0,"Y":0.0,"Z":0.989535}},"ID":1954373632},{"WCID":963,"Position":{"ObjCellID":1205207296,"Origin":{"X":81.3539,"Y":154.341,"Z":170.005},"Angles":{"W":0.67477,"X":0.0,"Y":0.0,"Z":-0.738028}},"ID":1954373633},{"WCID":963,"Position":{"ObjCellID":1205207040,"Origin":{"X":82.0278,"Y":153.224,"Z":185.205},"Angles":{"W":-0.570283,"X":0.0,"Y":0.0,"Z":-0.821448}},"ID":1954373634}]}