{"Key":18404,"Weenies":[{"WCID":1907,"Position":{"ObjCellID":1206124544,"Origin":{"X":185.132,"Y":35.937,"Z":13.0},"Angles":{"W":0.707107,"X":0.0,"Y":0.0,"Z":-0.707107}},"ID":1954430976}]}