{"Key":18447,"Weenies":[{"WCID":5376,"Position":{"ObjCellID":1208942592,"Origin":{"X":131.767,"Y":172.999,"Z":120.005},"Angles":{"W":-0.0118194,"X":0.0,"Y":0.0,"Z":-0.99993}},"ID":1954607104}]}