{"Key":18532,"Weenies":[{"WCID":30470,"Position":{"ObjCellID":1214513152,"Origin":{"X":132.279,"Y":14.7523,"Z":0.005},"Angles":{"W":0.285669,"X":0.0,"Y":0.0,"Z":-0.958328}},"ID":1954955264}]}