{"Key":18616,"Weenies":[{"WCID":2549,"Position":{"ObjCellID":1220018176,"Origin":{"X":29.4835,"Y":3.41051,"Z":100.351},"Angles":{"W":0.411998,"X":0.0,"Y":0.0,"Z":-0.911185}},"ID":1955299328}]}