{"Key":18724,"Weenies":[{"WCID":1107,"Position":{"ObjCellID":1227096064,"Origin":{"X":98.4631,"Y":117.059,"Z":4.005},"Angles":{"W":0.477366,"X":0.0,"Y":0.0,"Z":-0.878705}},"ID":1955741696},{"WCID":1905,"Position":{"ObjCellID":1227096064,"Origin":{"X":76.9503,"Y":102.871,"Z":4.005},"Angles":{"W":0.833357,"X":0.0,"Y":0.0,"Z":-0.552735}},"ID":1955741697}]}