{"Key":18869,"Weenies":[{"WCID":2549,"Position":{"ObjCellID":1236598784,"Origin":{"X":66.897,"Y":94.1773,"Z":174.671},"Angles":{"W":0.542991,"X":0.0,"Y":0.0,"Z":0.839739}},"ID":1956335616},{"WCID":2551,"Position":{"ObjCellID":1236598784,"Origin":{"X":45.7952,"Y":164.252,"Z":162.907},"Angles":{"W":0.0875171,"X":0.0,"Y":0.0,"Z":-0.996163}},"ID":1956335617}]}