{"Key":18872,"Weenies":[{"WCID":14922,"Position":{"ObjCellID":1236795392,"Origin":{"X":55.5021,"Y":96.0124,"Z":240.005},"Angles":{"W":0.72867,"X":0.0,"Y":0.0,"Z":-0.684865}},"ID":1956347904},{"WCID":5086,"Position":{"ObjCellID":1236795392,"Origin":{"X":55.6425,"Y":98.481,"Z":240.005},"Angles":{"W":0.115167,"X":0.0,"Y":0.0,"Z":0.993346}},"ID":1956347905}],"Links":[{"Source":1956347904,"Target":1956347905}]}