{"Key":18971,"Weenies":[{"WCID":1107,"Position":{"ObjCellID":1243283456,"Origin":{"X":77.8462,"Y":65.0877,"Z":4.005},"Angles":{"W":-0.114594,"X":0.0,"Y":0.0,"Z":-0.993412}},"ID":1956753408},{"WCID":1104,"Position":{"ObjCellID":1243283456,"Origin":{"X":98.9688,"Y":45.4453,"Z":4.005},"Angles":{"W":0.42155,"X":0.0,"Y":0.0,"Z":-0.906805}},"ID":1956753409}]}