{"Key":19382,"Weenies":[{"WCID":509,"Position":{"ObjCellID":1270218752,"Origin":{"X":93.0383,"Y":174.94,"Z":237.428},"Angles":{"W":0.840032,"X":0.0,"Y":0.0,"Z":-0.542537}},"ID":1958436864}]}