{"Key":19383,"Weenies":[{"WCID":11956,"Position":{"ObjCellID":1270284288,"Origin":{"X":41.681,"Y":10.808,"Z":240.5},"Angles":{"W":-0.726101,"X":0.0,"Y":0.0,"Z":-0.687588}},"ID":1958440960}]}