{"Key":20018,"Weenies":[{"WCID":7949,"Position":{"ObjCellID":1311899648,"Origin":{"X":14.5856,"Y":153.55,"Z":1.20919},"Angles":{"W":-0.999824,"X":0.0,"Y":0.0,"Z":-0.0187519}},"ID":1961041921}]}