{"Key":20391,"Weenies":[{"WCID":23618,"Position":{"ObjCellID":1336344576,"Origin":{"X":53.4937,"Y":131.743,"Z":42.005},"Angles":{"W":-0.770102,"X":0.0,"Y":0.0,"Z":0.637921}},"ID":1962569728}]}