{"Key":20419,"Weenies":[{"WCID":1384,"Position":{"ObjCellID":1338179584,"Origin":{"X":112.792,"Y":82.1875,"Z":0.00499997},"Angles":{"W":0.459537,"X":0.0,"Y":0.0,"Z":-0.888159}},"ID":1962684416},{"WCID":1369,"Position":{"ObjCellID":1338179584,"Origin":{"X":116.651,"Y":81.8314,"Z":0.00499997},"Angles":{"W":-0.432737,"X":0.0,"Y":0.0,"Z":-0.90152}},"ID":1962684417},{"WCID":509,"Position":{"ObjCellID":1338179584,"Origin":{"X":111.321,"Y":95.9742,"Z":0.00499997},"Angles":{"W":-0.980409,"X":0.0,"Y":0.0,"Z":-0.196973}},"ID":1962684418}]}