{"Key":20760,"Weenies":[{"WCID":509,"Position":{"ObjCellID":1360527360,"Origin":{"X":165.407,"Y":133.044,"Z":120.005},"Angles":{"W":0.117064,"X":0.0,"Y":0.0,"Z":-0.993124}},"ID":1964081152},{"WCID":1023,"Position":{"ObjCellID":1360527360,"Origin":{"X":150.947,"Y":134.031,"Z":120.005},"Angles":{"W":0.438181,"X":0.0,"Y":0.0,"Z":0.898887}},"ID":1964081153}]}