{"Key":21027,"Weenies":[{"WCID":509,"Position":{"ObjCellID":1378025472,"Origin":{"X":57.6865,"Y":123.988,"Z":0.954776},"Angles":{"W":0.579008,"X":0.0,"Y":0.0,"Z":-0.815322}},"ID":1965174784},{"WCID":1392,"Position":{"ObjCellID":1378025472,"Origin":{"X":54.9507,"Y":132.493,"Z":0.005},"Angles":{"W":0.742357,"X":0.0,"Y":0.0,"Z":0.670005}},"ID":1965174785},{"WCID":4043,"Position":{"ObjCellID":1378025472,"Origin":{"X":45.0711,"Y":112.388,"Z":0.785583},"Angles":{"W":0.288358,"X":0.0,"Y":0.0,"Z":-0.957523}},"ID":1965174786}]}