{"Key":21526,"Weenies":[{"WCID":1022,"Position":{"ObjCellID":1410727936,"Origin":{"X":28.4311,"Y":179.297,"Z":37.2665},"Angles":{"W":-0.140774,"X":0.0,"Y":0.0,"Z":-0.990042}},"ID":1967218688}]}