{"Key":21528,"Weenies":[{"WCID":1389,"Position":{"ObjCellID":1410859266,"Origin":{"X":108.742,"Y":82.8208,"Z":67.205},"Angles":{"W":-0.986134,"X":0.0,"Y":0.0,"Z":-0.165951}},"ID":1967226882},{"WCID":412,"Position":{"ObjCellID":1410859008,"Origin":{"X":105.453,"Y":84.0034,"Z":68.0},"Angles":{"W":0.707107,"X":0.0,"Y":0.0,"Z":-0.707107}},"ID":1967226880},{"WCID":509,"Position":{"ObjCellID":1410859008,"Origin":{"X":111.376,"Y":112.962,"Z":68.005},"Angles":{"W":-0.801898,"X":0.0,"Y":0.0,"Z":-0.597461}},"ID":1967226881}]}