{"Key":21719,"Weenies":[{"WCID":1014,"Position":{"ObjCellID":1423376384,"Origin":{"X":71.0596,"Y":80.6075,"Z":147.288},"Angles":{"W":-0.767426,"X":0.0,"Y":0.0,"Z":-0.641137}},"ID":1968009216},{"WCID":509,"Position":{"ObjCellID":1423376384,"Origin":{"X":54.713,"Y":77.1105,"Z":146.564},"Angles":{"W":0.997025,"X":0.0,"Y":0.0,"Z":0.0770843}},"ID":1968009217}]}