{"Key":22230,"Weenies":[{"WCID":1350,"Position":{"ObjCellID":1456865280,"Origin":{"X":171.53,"Y":122.452,"Z":115.302},"Angles":{"W":-0.670209,"X":0.0,"Y":0.0,"Z":-0.742172}},"ID":1970102272},{"WCID":1350,"Position":{"ObjCellID":1456865280,"Origin":{"X":172.21,"Y":125.436,"Z":114.646},"Angles":{"W":-0.528728,"X":0.0,"Y":0.0,"Z":0.848791}},"ID":1970102273}]}