{"Key":22346,"Weenies":[{"WCID":23075,"Position":{"ObjCellID":1464467724,"Origin":{"X":40.0,"Y":0.0,"Z":0.005},"Angles":{"W":1.0,"X":0.0,"Y":0.0,"Z":-4.37114E-08}},"ID":1970577408},{"WCID":23081,"Position":{"ObjCellID":1464467747,"Origin":{"X":80.0,"Y":-40.0,"Z":0.005},"Angles":{"W":1.0,"X":0.0,"Y":0.0,"Z":0.0}},"ID":1970577409},{"WCID":22936,"Position":{"ObjCellID":1464467750,"Origin":{"X":91.6284,"Y":-21.3121,"Z":0.006},"Angles":{"W":0.785533,"X":0.0,"Y":0.0,"Z":0.61882}},"ID":1970577410},{"WCID":7923,"Position":{"ObjCellID":1464467750,"Origin":{"X":89.5831,"Y":-23.588,"Z":0.005},"Angles":{"W":0.702244,"X":0.0,"Y":0.0,"Z":-0.711937}},"ID":1970577411}],"Links":[{"Source":1970577410,"Target":1970577411}]}