{"Key":22347,"Weenies":[{"WCID":23078,"Position":{"ObjCellID":1464533260,"Origin":{"X":40.0,"Y":0.0,"Z":0.005},"Angles":{"W":1.0,"X":0.0,"Y":0.0,"Z":-4.37114E-08}},"ID":1970581504},{"WCID":23079,"Position":{"ObjCellID":1464533283,"Origin":{"X":80.0,"Y":-40.0,"Z":0.005},"Angles":{"W":1.0,"X":0.0,"Y":0.0,"Z":0.0}},"ID":1970581505},{"WCID":7923,"Position":{"ObjCellID":1464533286,"Origin":{"X":89.5831,"Y":-23.588,"Z":0.005},"Angles":{"W":0.702244,"X":0.0,"Y":0.0,"Z":-0.711937}},"ID":1970581506},{"WCID":23040,"Position":{"ObjCellID":1464533286,"Origin":{"X":91.3513,"Y":-21.514,"Z":0.006},"Angles":{"W":0.785533,"X":0.0,"Y":0.0,"Z":0.61882}},"ID":1970581507}],"Links":[{"Source":1970581507,"Target":1970581506}]}