{"Key":22486,"Weenies":[{"WCID":397,"Position":{"ObjCellID":1473642496,"Origin":{"X":51.3142,"Y":137.512,"Z":87.9933},"Angles":{"W":0.190537,"X":0.0,"Y":0.0,"Z":-0.98168}},"ID":1971150848},{"WCID":397,"Position":{"ObjCellID":1473642496,"Origin":{"X":53.9203,"Y":130.865,"Z":88.1129},"Angles":{"W":-0.88929,"X":0.0,"Y":0.0,"Z":-0.457343}},"ID":1971150849},{"WCID":397,"Position":{"ObjCellID":1473642496,"Origin":{"X":50.3845,"Y":131.988,"Z":88.6086},"Angles":{"W":-0.916893,"X":0.0,"Y":0.0,"Z":0.399132}},"ID":1971150850},{"WCID":397,"Position":{"ObjCellID":1473642496,"Origin":{"X":57.4228,"Y":138.414,"Z":86.9},"Angles":{"W":0.459359,"X":0.0,"Y":0.0,"Z":0.888251}},"ID":1971150851}]}