{"Key":22487,"Weenies":[{"WCID":1988,"Position":{"ObjCellID":1473708032,"Origin":{"X":138.75,"Y":184.272,"Z":32.7099},"Angles":{"W":0.998591,"X":0.0,"Y":0.0,"Z":-0.0530618}},"ID":1971154944},{"WCID":1154,"Position":{"ObjCellID":1473708032,"Origin":{"X":138.75,"Y":184.272,"Z":32.2115},"Angles":{"W":0.998591,"X":0.0,"Y":0.0,"Z":-0.0530618}},"ID":1971154945}],"Links":[{"Source":1971154944,"Target":1971154945}]}