{"Key":22602,"Weenies":[{"WCID":22775,"Position":{"ObjCellID":1481244933,"Origin":{"X":10.0437,"Y":-1.45428,"Z":0.129073},"Angles":{"W":0.0207946,"X":0.0,"Y":0.0,"Z":0.999784}},"ID":1975799995}]}