{"Key":22686,"Weenies":[{"WCID":23076,"Position":{"ObjCellID":1486749696,"Origin":{"X":66.6019,"Y":82.0166,"Z":20.5741},"Angles":{"W":0.499803,"X":0.0,"Y":0.0,"Z":0.866139}},"ID":1971970048}]}