{"Key":22743,"Weenies":[{"WCID":553,"Position":{"ObjCellID":1490485248,"Origin":{"X":82.6398,"Y":5.65956,"Z":56.4306},"Angles":{"W":-0.942566,"X":0.0,"Y":0.0,"Z":-0.334021}},"ID":1972203520},{"WCID":553,"Position":{"ObjCellID":1490485248,"Origin":{"X":82.1328,"Y":5.09585,"Z":56.4542},"Angles":{"W":-0.966535,"X":0.0,"Y":0.0,"Z":0.256533}},"ID":1972203521},{"WCID":1987,"Position":{"ObjCellID":1490485248,"Origin":{"X":82.1499,"Y":5.72082,"Z":57.618},"Angles":{"W":-0.986325,"X":0.0,"Y":0.0,"Z":-0.164811}},"ID":1972203522},{"WCID":1154,"Position":{"ObjCellID":1490485248,"Origin":{"X":77.9492,"Y":11.866,"Z":55.5119},"Angles":{"W":-0.770885,"X":0.0,"Y":0.0,"Z":-0.636974}},"ID":1972203523}],"Links":[{"Source":1972203522,"Target":1972203523}]}