{"Key":23251,"Weenies":[{"WCID":7248,"Position":{"ObjCellID":1523777536,"Origin":{"X":149.294,"Y":154.355,"Z":39.298},"Angles":{"W":-0.999999,"X":0.0,"Y":0.0,"Z":-0.00104568}},"ID":1974284288}]}