{"Key":23256,"Weenies":[{"WCID":509,"Position":{"ObjCellID":1524105216,"Origin":{"X":43.9724,"Y":165.216,"Z":80.3409},"Angles":{"W":0.509075,"X":0.0,"Y":0.0,"Z":0.860722}},"ID":1974304768}]}