{"Key":23456,"Weenies":[{"WCID":22895,"Position":{"ObjCellID":1537212416,"Origin":{"X":150.028,"Y":104.734,"Z":32.5074},"Angles":{"W":0.995512,"X":0.0,"Y":0.0,"Z":0.0946302}},"ID":1975123968},{"WCID":22890,"Position":{"ObjCellID":1537212416,"Origin":{"X":136.336,"Y":132.195,"Z":30.3511},"Angles":{"W":-0.994884,"X":0.0,"Y":0.0,"Z":-0.101022}},"ID":1975123969},{"WCID":7923,"Position":{"ObjCellID":1537212416,"Origin":{"X":135.111,"Y":132.795,"Z":30.198},"Angles":{"W":-0.213094,"X":0.0,"Y":0.0,"Z":0.977032}},"ID":1975123970}],"Links":[{"Source":1975123969,"Target":1975123970}]}