{"Key":23479,"Weenies":[{"WCID":412,"Position":{"ObjCellID":1538719744,"Origin":{"X":156.0,"Y":38.52,"Z":0.0},"Angles":{"W":-4.37114E-08,"X":0.0,"Y":0.0,"Z":-1.0}},"ID":1975218176},{"WCID":174,"Position":{"ObjCellID":1538719744,"Origin":{"X":150.772,"Y":42.8581,"Z":0.005},"Angles":{"W":0.751388,"X":0.0,"Y":0.0,"Z":0.65986}},"ID":1975218177},{"WCID":1390,"Position":{"ObjCellID":1538719744,"Origin":{"X":157.716,"Y":39.8968,"Z":0.005},"Angles":{"W":-0.89313,"X":0.0,"Y":0.0,"Z":-0.449799}},"ID":1975218178},{"WCID":509,"Position":{"ObjCellID":1538719744,"Origin":{"X":128.343,"Y":77.0408,"Z":-0.095},"Angles":{"W":-0.957802,"X":0.0,"Y":0.0,"Z":-0.287428}},"ID":1975218179}]}