{"Key":23512,"Weenies":[{"WCID":27673,"Position":{"ObjCellID":1540882432,"Origin":{"X":140.018,"Y":125.842,"Z":174.005},"Angles":{"W":0.613478,"X":0.0,"Y":0.0,"Z":0.789712}},"ID":1975353344}]}