{"Key":23709,"Weenies":[{"WCID":509,"Position":{"ObjCellID":1553793024,"Origin":{"X":51.3491,"Y":100.502,"Z":26.9755},"Angles":{"W":-0.555672,"X":0.0,"Y":0.0,"Z":0.831401}},"ID":1976160256},{"WCID":12161,"Position":{"ObjCellID":1553793024,"Origin":{"X":77.605,"Y":66.608,"Z":30.5},"Angles":{"W":0.965293,"X":0.0,"Y":0.0,"Z":-0.26117}},"ID":1976160257}]}