{"Key":23786,"Weenies":[{"WCID":1378,"Position":{"ObjCellID":1558839296,"Origin":{"X":162.325,"Y":169.95,"Z":-0.095},"Angles":{"W":-0.851619,"X":0.0,"Y":0.0,"Z":0.524161}},"ID":1976475648},{"WCID":4044,"Position":{"ObjCellID":1558839296,"Origin":{"X":182.162,"Y":139.079,"Z":14.8252},"Angles":{"W":-0.277861,"X":0.0,"Y":0.0,"Z":0.960621}},"ID":1976475649},{"WCID":509,"Position":{"ObjCellID":1558839296,"Origin":{"X":149.82,"Y":183.906,"Z":-0.445},"Angles":{"W":0.899417,"X":0.0,"Y":0.0,"Z":0.437092}},"ID":1976475650}]}