{"Key":24033,"Weenies":[{"WCID":30917,"Position":{"ObjCellID":1575026688,"Origin":{"X":79.0567,"Y":133.379,"Z":133.599},"Angles":{"W":0.75502,"X":0.0,"Y":0.0,"Z":-0.655701}},"ID":1977487360},{"WCID":15759,"Position":{"ObjCellID":1575026688,"Origin":{"X":79.3224,"Y":131.69,"Z":134.108},"Angles":{"W":0.75502,"X":0.0,"Y":0.0,"Z":-0.655701}},"ID":1977487361}],"Links":[{"Source":1977487360,"Target":1977487361}]}