{"Key":24140,"Weenies":[{"WCID":25719,"Position":{"ObjCellID":1582039299,"Origin":{"X":20.0,"Y":3.5,"Z":-35.995},"Angles":{"W":0.0,"X":0.0,"Y":0.0,"Z":-1.0}},"ID":1977925632},{"WCID":25713,"Position":{"ObjCellID":1582039461,"Origin":{"X":20.0,"Y":-45.175,"Z":0.005},"Angles":{"W":1.0,"X":0.0,"Y":0.0,"Z":0.0}},"ID":1977925633},{"WCID":7924,"Position":{"ObjCellID":1582039462,"Origin":{"X":20.222,"Y":-61.9202,"Z":0.005},"Angles":{"W":0.999994,"X":0.0,"Y":0.0,"Z":-0.003472}},"ID":1977925634}],"Links":[{"Source":1977925633,"Target":1977925634},{"Source":1977925632,"Target":1977925634}]}