{"Key":24274,"Weenies":[{"WCID":509,"Position":{"ObjCellID":1590820864,"Origin":{"X":90.195,"Y":139.761,"Z":25.6519},"Angles":{"W":0.83051,"X":0.0,"Y":0.0,"Z":-0.557004}},"ID":1978474496}]}