{"Key":24336,"Weenies":[{"WCID":7200,"Position":{"ObjCellID":1594884096,"Origin":{"X":8.95292,"Y":124.792,"Z":0.005},"Angles":{"W":0.985959,"X":0.0,"Y":0.0,"Z":-0.166986}},"ID":1978728448}]}