{"Key":24790,"Weenies":[{"WCID":5392,"Position":{"ObjCellID":1624637440,"Origin":{"X":39.0171,"Y":32.0986,"Z":178.005},"Angles":{"W":-0.312074,"X":0.0,"Y":0.0,"Z":0.950058}},"ID":1980588032},{"WCID":3953,"Position":{"ObjCellID":1624637440,"Origin":{"X":24.586,"Y":156.676,"Z":175.061},"Angles":{"W":0.995016,"X":0.0,"Y":0.0,"Z":0.0997108}},"ID":1980588033},{"WCID":5765,"Position":{"ObjCellID":1624637440,"Origin":{"X":24.586,"Y":156.676,"Z":175.061},"Angles":{"W":0.995016,"X":0.0,"Y":0.0,"Z":0.0997108}},"ID":1980588034}],"Links":[{"Source":1980588034,"Target":1980588033}]}