{"Key":25238,"Weenies":[{"WCID":30472,"Position":{"ObjCellID":1653997568,"Origin":{"X":173.221,"Y":79.8782,"Z":0.726652},"Angles":{"W":-0.99995,"X":0.0,"Y":0.0,"Z":-0.0100152}},"ID":1982423040}]}