{"Key":25298,"Weenies":[{"WCID":30774,"Position":{"ObjCellID":1657929728,"Origin":{"X":5.92352,"Y":16.4738,"Z":43.5114},"Angles":{"W":0.367541,"X":0.0,"Y":0.0,"Z":-0.930007}},"ID":1982668800}]}