{"Key":25301,"Weenies":[{"WCID":443,"Position":{"ObjCellID":1658126336,"Origin":{"X":64.7897,"Y":42.7109,"Z":42.005},"Angles":{"W":-0.461459,"X":0.0,"Y":0.0,"Z":-0.887162}},"ID":1982681088}]}