{"Key":25560,"Weenies":[{"WCID":5765,"Position":{"ObjCellID":1675100160,"Origin":{"X":141.786,"Y":133.61,"Z":241.408},"Angles":{"W":1.0,"X":0.0,"Y":0.0,"Z":0.0}},"ID":1983741952},{"WCID":7923,"Position":{"ObjCellID":1675100160,"Origin":{"X":142.006,"Y":136.482,"Z":242.125},"Angles":{"W":0.0989967,"X":0.0,"Y":0.0,"Z":0.995088}},"ID":1983741953}],"Links":[{"Source":1983741952,"Target":1983741953}]}