{"Key":25561,"Weenies":[{"WCID":5866,"Position":{"ObjCellID":1675165696,"Origin":{"X":170.431,"Y":78.133,"Z":269.295},"Angles":{"W":-4.37114E-08,"X":0.0,"Y":0.0,"Z":-1.0}},"ID":1983746048},{"WCID":5889,"Position":{"ObjCellID":1675165696,"Origin":{"X":169.806,"Y":80.0145,"Z":269.262},"Angles":{"W":-0.206702,"X":0.0,"Y":0.0,"Z":0.978404}},"ID":1983746049}]}