{"Key":25576,"Weenies":[{"WCID":4219,"Position":{"ObjCellID":1676148736,"Origin":{"X":131.892,"Y":81.85,"Z":132.005},"Angles":{"W":-0.999088,"X":0.0,"Y":0.0,"Z":0.0426982}},"ID":1983807488},{"WCID":8129,"Position":{"ObjCellID":1676148736,"Origin":{"X":134.263,"Y":86.9166,"Z":131.975},"Angles":{"W":0.935568,"X":0.0,"Y":0.0,"Z":-0.353146}},"ID":1983807489},{"WCID":8128,"Position":{"ObjCellID":1676148736,"Origin":{"X":125.249,"Y":85.9626,"Z":132.042},"Angles":{"W":-0.995221,"X":0.0,"Y":0.0,"Z":0.0976511}},"ID":1983807490}],"Links":[{"Source":1983807489,"Target":1983807488},{"Source":1983807490,"Target":1983807488}]}