{"Key":25924,"Weenies":[{"WCID":25994,"Position":{"ObjCellID":1698955546,"Origin":{"X":65.8502,"Y":-65.7363,"Z":0.00505},"Angles":{"W":-0.588411,"X":0.0,"Y":0.0,"Z":-0.808562}},"ID":1985232896},{"WCID":27306,"Position":{"ObjCellID":1698955578,"Origin":{"X":76.9662,"Y":-53.0111,"Z":6.005},"Angles":{"W":-0.923874,"X":0.0,"Y":0.0,"Z":0.382696}},"ID":1985232897},{"WCID":7923,"Position":{"ObjCellID":1698955578,"Origin":{"X":79.5754,"Y":-53.2568,"Z":6.005},"Angles":{"W":0.731705,"X":0.0,"Y":0.0,"Z":0.681622}},"ID":1985232898}],"Links":[{"Source":1985232897,"Target":1985232898}]}