{"Key":26069,"Weenies":[{"WCID":509,"Position":{"ObjCellID":1708457984,"Origin":{"X":25.3557,"Y":3.36543,"Z":73.7998},"Angles":{"W":0.802177,"X":0.0,"Y":0.0,"Z":-0.597086}},"ID":1985826816},{"WCID":10982,"Position":{"ObjCellID":1708457984,"Origin":{"X":100.293,"Y":28.947,"Z":102.5},"Angles":{"W":0.969396,"X":0.0,"Y":0.0,"Z":-0.245502}},"ID":1985826817}]}