{"Key":26076,"Weenies":[{"WCID":8059,"Position":{"ObjCellID":1708916736,"Origin":{"X":181.07,"Y":167.711,"Z":78.0532},"Angles":{"W":0.968542,"X":0.0,"Y":0.0,"Z":0.248851}},"ID":1985855488},{"WCID":8059,"Position":{"ObjCellID":1708916736,"Origin":{"X":136.484,"Y":185.464,"Z":79.639},"Angles":{"W":0.984294,"X":0.0,"Y":0.0,"Z":0.176536}},"ID":1985855489},{"WCID":8061,"Position":{"ObjCellID":1708916736,"Origin":{"X":37.1486,"Y":133.14,"Z":138.34},"Angles":{"W":0.268372,"X":0.0,"Y":0.0,"Z":0.963315}},"ID":1985855490},{"WCID":8061,"Position":{"ObjCellID":1708916736,"Origin":{"X":76.5625,"Y":107.341,"Z":144.704},"Angles":{"W":-0.428013,"X":0.0,"Y":0.0,"Z":-0.903773}},"ID":1985855491}]}