{"Key":26079,"Weenies":[{"WCID":8059,"Position":{"ObjCellID":1709113344,"Origin":{"X":147.473,"Y":16.9243,"Z":63.9359},"Angles":{"W":0.325521,"X":0.0,"Y":0.0,"Z":0.945535}},"ID":1985867776},{"WCID":8061,"Position":{"ObjCellID":1709113344,"Origin":{"X":107.465,"Y":28.8883,"Z":71.1388},"Angles":{"W":-0.203862,"X":0.0,"Y":0.0,"Z":0.979}},"ID":1985867777}]}