{"Key":26332,"Weenies":[{"WCID":8059,"Position":{"ObjCellID":1725693952,"Origin":{"X":54.9279,"Y":159.01,"Z":78.9878},"Angles":{"W":0.991934,"X":0.0,"Y":0.0,"Z":0.126752}},"ID":1986904064}]}