{"Key":26334,"Weenies":[{"WCID":8059,"Position":{"ObjCellID":1725825024,"Origin":{"X":14.9334,"Y":185.043,"Z":67.9991},"Angles":{"W":0.464767,"X":0.0,"Y":0.0,"Z":0.885433}},"ID":1986912260},{"WCID":8059,"Position":{"ObjCellID":1725825024,"Origin":{"X":120.302,"Y":129.557,"Z":72.8518},"Angles":{"W":-0.296165,"X":0.0,"Y":0.0,"Z":-0.955137}},"ID":1986912257},{"WCID":8061,"Position":{"ObjCellID":1725825024,"Origin":{"X":170.885,"Y":30.9015,"Z":49.3956},"Angles":{"W":-0.264533,"X":0.0,"Y":0.0,"Z":-0.964377}},"ID":1986912258},{"WCID":8059,"Position":{"ObjCellID":1725825024,"Origin":{"X":96.9455,"Y":82.2833,"Z":62.8619},"Angles":{"W":-0.935611,"X":0.0,"Y":0.0,"Z":-0.353032}},"ID":1986912259}]}