{"Key":26589,"Weenies":[{"WCID":8059,"Position":{"ObjCellID":1742536704,"Origin":{"X":29.3233,"Y":142.358,"Z":66.9071},"Angles":{"W":-0.779885,"X":0.0,"Y":0.0,"Z":-0.625923}},"ID":1987956736},{"WCID":8061,"Position":{"ObjCellID":1742536704,"Origin":{"X":48.9534,"Y":183.696,"Z":62.3195},"Angles":{"W":-0.612764,"X":0.0,"Y":0.0,"Z":-0.790266}},"ID":1987956737}]}