{"Key":26898,"Weenies":[{"WCID":25394,"Position":{"ObjCellID":1762787328,"Origin":{"X":109.457,"Y":56.854,"Z":68.005},"Angles":{"W":-0.901641,"X":0.0,"Y":0.0,"Z":-0.432486}},"ID":1989222400}]}