{"Key":27051,"Weenies":[{"WCID":171,"Position":{"ObjCellID":1772814596,"Origin":{"X":30.955,"Y":92.0556,"Z":240.005},"Angles":{"W":0.914392,"X":0.0,"Y":0.0,"Z":0.404829}},"ID":1989849088},{"WCID":509,"Position":{"ObjCellID":1772814336,"Origin":{"X":39.916,"Y":37.227,"Z":240.005},"Angles":{"W":1.0,"X":0.0,"Y":0.0,"Z":0.0}},"ID":1989849089}]}