{"Key":27093,"Weenies":[{"WCID":5086,"Position":{"ObjCellID":1775567104,"Origin":{"X":175.868,"Y":184.947,"Z":197.205},"Angles":{"W":0.029612,"X":0.0,"Y":0.0,"Z":-0.999561}},"ID":1990021126},{"WCID":15860,"Position":{"ObjCellID":1775567104,"Origin":{"X":176.154,"Y":179.325,"Z":197.205},"Angles":{"W":0.999543,"X":0.0,"Y":0.0,"Z":-0.030226}},"ID":1990021125},{"WCID":15776,"Position":{"ObjCellID":1775567105,"Origin":{"X":180.212,"Y":188.688,"Z":197.205},"Angles":{"W":0.999923,"X":0.0,"Y":0.0,"Z":0.0124072}},"ID":1990021124}],"Links":[{"Source":1990021125,"Target":1990021126}]}