{"Key":27095,"Weenies":[{"WCID":1369,"Position":{"ObjCellID":1775698178,"Origin":{"X":153.23,"Y":108.018,"Z":250.005},"Angles":{"W":-0.637953,"X":0.0,"Y":0.0,"Z":0.770076}},"ID":1990029312},{"WCID":509,"Position":{"ObjCellID":1775697920,"Origin":{"X":157.753,"Y":90.5397,"Z":249.55},"Angles":{"W":0.891594,"X":0.0,"Y":0.0,"Z":-0.452835}},"ID":1990029313}]}