{"Key":27331,"Weenies":[{"WCID":509,"Position":{"ObjCellID":1791164416,"Origin":{"X":14.3529,"Y":9.00971,"Z":159.201},"Angles":{"W":0.634394,"X":0.0,"Y":0.0,"Z":0.77301}},"ID":1990995968},{"WCID":1390,"Position":{"ObjCellID":1791164416,"Origin":{"X":39.4458,"Y":8.8992,"Z":175.205},"Angles":{"W":-0.658621,"X":0.0,"Y":0.0,"Z":0.752475}},"ID":1990995969}]}