{"Key":27355,"Weenies":[{"WCID":7883,"Position":{"ObjCellID":1792737538,"Origin":{"X":180.641,"Y":87.0984,"Z":322.005},"Angles":{"W":0.990207,"X":0.0,"Y":0.0,"Z":-0.13961}},"ID":1991094273},{"WCID":153,"Position":{"ObjCellID":1792737280,"Origin":{"X":178.649,"Y":108.19,"Z":320.989},"Angles":{"W":1.0,"X":0.0,"Y":0.0,"Z":0.0}},"ID":1991094272}]}