{"Key":27670,"Weenies":[{"WCID":23367,"Position":{"ObjCellID":1813381120,"Origin":{"X":166.439,"Y":184.711,"Z":4.005},"Angles":{"W":0.714421,"X":0.0,"Y":0.0,"Z":-0.699716}},"ID":1992384512}]}