{"Key":27875,"Weenies":[{"WCID":7211,"Position":{"ObjCellID":1826816000,"Origin":{"X":79.9597,"Y":68.2786,"Z":106.754},"Angles":{"W":-0.868354,"X":0.0,"Y":0.0,"Z":0.495945}},"ID":1993224192}]}