{"Key":28379,"Weenies":[{"WCID":5765,"Position":{"ObjCellID":1859846402,"Origin":{"X":59.9748,"Y":135.459,"Z":270.005},"Angles":{"W":0.99996,"X":0.0,"Y":0.0,"Z":-0.00893638}},"ID":1995288578},{"WCID":3953,"Position":{"ObjCellID":1859846144,"Origin":{"X":60.2227,"Y":119.693,"Z":269.981},"Angles":{"W":0.995767,"X":0.0,"Y":0.0,"Z":0.09191}},"ID":1995288577}],"Links":[{"Source":1995288578,"Target":1995288577}]}