{"Key":28604,"Weenies":[{"WCID":7256,"Position":{"ObjCellID":1874591744,"Origin":{"X":49.5967,"Y":108.514,"Z":98.9639},"Angles":{"W":0.353113,"X":0.0,"Y":0.0,"Z":0.935581}},"ID":1996210176}]}