{"Key":28689,"Weenies":[{"WCID":509,"Position":{"ObjCellID":1880162304,"Origin":{"X":19.3048,"Y":177.802,"Z":54.3963},"Angles":{"W":0.971507,"X":0.0,"Y":0.0,"Z":0.23701}},"ID":1996558336}]}