{"Key":28694,"Weenies":[{"WCID":1153,"Position":{"ObjCellID":1880489984,"Origin":{"X":124.541,"Y":84.6917,"Z":2.005},"Angles":{"W":0.66555,"X":0.0,"Y":0.0,"Z":-0.746353}},"ID":1996578816}]}