{"Key":28829,"Weenies":[{"WCID":25975,"Position":{"ObjCellID":1889337602,"Origin":{"X":35.6617,"Y":31.6957,"Z":218.005},"Angles":{"W":0.0161708,"X":0.0,"Y":0.0,"Z":0.999869}},"ID":1997131776}]}