{"Key":28945,"Weenies":[{"WCID":7430,"Position":{"ObjCellID":1896939776,"Origin":{"X":179.908,"Y":13.3778,"Z":94.0},"Angles":{"W":0.0194269,"X":0.0,"Y":0.0,"Z":-0.999811}},"ID":1997606912},{"WCID":269,"Position":{"ObjCellID":1896939520,"Origin":{"X":183.376,"Y":7.81249,"Z":110.467},"Angles":{"W":0.707107,"X":0.0,"Y":0.0,"Z":-0.707107}},"ID":1997606915},{"WCID":2181,"Position":{"ObjCellID":1896939520,"Origin":{"X":176.945,"Y":16.5063,"Z":102.882},"Angles":{"W":-4.37114E-08,"X":0.0,"Y":0.0,"Z":-1.0}},"ID":1997606913},{"WCID":2181,"Position":{"ObjCellID":1896939520,"Origin":{"X":180.047,"Y":17.0592,"Z":94.082},"Angles":{"W":-4.37114E-08,"X":0.0,"Y":0.0,"Z":-1.0}},"ID":1997606914}],"Links":[{"Source":1997606915,"Target":1997606914}]}