{"Key":29192,"Weenies":[{"WCID":24487,"Position":{"ObjCellID":1913126912,"Origin":{"X":81.1533,"Y":143.698,"Z":0.005},"Angles":{"W":0.998435,"X":0.0,"Y":0.0,"Z":-0.0559296}},"ID":1998618628},{"WCID":24487,"Position":{"ObjCellID":1913126912,"Origin":{"X":21.9468,"Y":191.642,"Z":-0.095},"Angles":{"W":0.968008,"X":0.0,"Y":0.0,"Z":-0.25092}},"ID":1998618630},{"WCID":24487,"Position":{"ObjCellID":1913126912,"Origin":{"X":45.6093,"Y":131.851,"Z":-0.095},"Angles":{"W":0.979924,"X":0.0,"Y":0.0,"Z":-0.19937}},"ID":1998618626},{"WCID":24487,"Position":{"ObjCellID":1913126912,"Origin":{"X":69.9181,"Y":113.336,"Z":-0.095},"Angles":{"W":0.338999,"X":0.0,"Y":0.0,"Z":-0.940787}},"ID":1998618627}]}