{"Key":29394,"Weenies":[{"WCID":5767,"Position":{"ObjCellID":1926365184,"Origin":{"X":105.171,"Y":179.718,"Z":381.241},"Angles":{"W":-0.349444,"X":0.0,"Y":0.0,"Z":-0.936957}},"ID":1999446016},{"WCID":3953,"Position":{"ObjCellID":1926365184,"Origin":{"X":105.171,"Y":179.718,"Z":381.241},"Angles":{"W":-0.349447,"X":0.0,"Y":0.0,"Z":-0.936956}},"ID":1999446017}],"Links":[{"Source":1999446016,"Target":1999446017}]}