{"Key":29396,"Weenies":[{"WCID":1378,"Position":{"ObjCellID":1926496514,"Origin":{"X":182.332,"Y":85.8993,"Z":269.205},"Angles":{"W":0.446536,"X":0.0,"Y":0.0,"Z":0.894766}},"ID":1999454209},{"WCID":412,"Position":{"ObjCellID":1926496256,"Origin":{"X":180.0,"Y":81.48,"Z":270.0},"Angles":{"W":1.0,"X":0.0,"Y":0.0,"Z":0.0}},"ID":1999454208}]}