{"Key":29415,"Weenies":[{"WCID":3951,"Position":{"ObjCellID":1927741440,"Origin":{"X":72.6803,"Y":147.41,"Z":377.388},"Angles":{"W":-0.13603,"X":0.0,"Y":0.0,"Z":0.990705}},"ID":1999532032},{"WCID":5766,"Position":{"ObjCellID":1927741440,"Origin":{"X":74.3205,"Y":144.287,"Z":377.603},"Angles":{"W":0.874084,"X":0.0,"Y":0.0,"Z":0.485775}},"ID":1999532033},{"WCID":5766,"Position":{"ObjCellID":1927741440,"Origin":{"X":69.8185,"Y":144.084,"Z":377.818},"Angles":{"W":0.875053,"X":0.0,"Y":0.0,"Z":-0.484027}},"ID":1999532034}],"Links":[{"Source":1999532033,"Target":1999532032},{"Source":1999532034,"Target":1999532032}]}