{"Key":29449,"Weenies":[{"WCID":24487,"Position":{"ObjCellID":1929969664,"Origin":{"X":22.5335,"Y":174.595,"Z":-0.895},"Angles":{"W":-0.440066,"X":0.0,"Y":0.0,"Z":-0.897965}},"ID":1999671297}]}