{"Key":30681,"Weenies":[{"WCID":1133,"Position":{"ObjCellID":2010710016,"Origin":{"X":7.50386,"Y":28.287,"Z":107.442},"Angles":{"W":0.665206,"X":0.0,"Y":0.0,"Z":0.74666}},"ID":2004717568},{"WCID":903,"Position":{"ObjCellID":2010710016,"Origin":{"X":9.64535,"Y":28.2124,"Z":107.613},"Angles":{"W":0.936958,"X":0.0,"Y":0.0,"Z":-0.349441}},"ID":2004717569},{"WCID":903,"Position":{"ObjCellID":2010710016,"Origin":{"X":8.13379,"Y":29.5221,"Z":107.361},"Angles":{"W":0.892461,"X":0.0,"Y":0.0,"Z":0.451125}},"ID":2004717570}]}