{"Key":30687,"Weenies":[{"WCID":1386,"Position":{"ObjCellID":2011103490,"Origin":{"X":182.166,"Y":60.0407,"Z":364.005},"Angles":{"W":0.347829,"X":0.0,"Y":0.0,"Z":0.937558}},"ID":2004742144},{"WCID":1389,"Position":{"ObjCellID":2011103490,"Origin":{"X":179.336,"Y":60.8597,"Z":364.005},"Angles":{"W":-0.226107,"X":0.0,"Y":0.0,"Z":0.974102}},"ID":2004742145}]}