{"Key":31077,"Weenies":[{"WCID":5379,"Position":{"ObjCellID":2036662272,"Origin":{"X":156.0,"Y":60.0,"Z":50.005},"Angles":{"W":-0.707107,"X":0.0,"Y":0.0,"Z":-0.707107}},"ID":2006339584}]}