{"Key":31078,"Weenies":[{"WCID":5198,"Position":{"ObjCellID":2036728065,"Origin":{"X":179.71,"Y":35.965,"Z":57.0},"Angles":{"W":-0.708839,"X":0.0,"Y":0.0,"Z":-0.705371}},"ID":2006343680}]}