{"Key":31256,"Weenies":[{"WCID":30468,"Position":{"ObjCellID":2048393216,"Origin":{"X":114.897,"Y":115.883,"Z":1.5417},"Angles":{"W":0.975686,"X":0.0,"Y":0.0,"Z":-0.219171}},"ID":2007072768}]}