{"Key":31609,"Weenies":[{"WCID":1391,"Position":{"ObjCellID":2071527424,"Origin":{"X":149.273,"Y":85.5558,"Z":10.005},"Angles":{"W":0.563275,"X":0.0,"Y":0.0,"Z":0.82627}},"ID":2008518656}]}