{"Key":31640,"Weenies":[{"WCID":509,"Position":{"ObjCellID":2073559040,"Origin":{"X":56.439,"Y":14.9822,"Z":112.708},"Angles":{"W":-0.585858,"X":0.0,"Y":0.0,"Z":0.810414}},"ID":2008645632},{"WCID":1905,"Position":{"ObjCellID":2073559040,"Origin":{"X":60.4623,"Y":42.8194,"Z":113.044},"Angles":{"W":-0.991308,"X":0.0,"Y":0.0,"Z":-0.131558}},"ID":2008645647},{"WCID":6441,"Position":{"ObjCellID":2073559040,"Origin":{"X":57.549,"Y":31.459,"Z":112.798},"Angles":{"W":1.0,"X":0.0,"Y":0.0,"Z":0.0}},"ID":2008645648}]}