{"Key":31763,"Weenies":[{"WCID":10716,"Position":{"ObjCellID":2081619968,"Origin":{"X":54.6388,"Y":168.818,"Z":6.07313},"Angles":{"W":-0.764573,"X":0.0,"Y":0.0,"Z":-0.644537}},"ID":2009149440}]}