{"Key":31842,"Weenies":[{"WCID":954,"Position":{"ObjCellID":2086797312,"Origin":{"X":27.101,"Y":86.8447,"Z":0.00494426},"Angles":{"W":-0.869196,"X":0.0,"Y":0.0,"Z":-0.494468}},"ID":2009473024},{"WCID":954,"Position":{"ObjCellID":2086797312,"Origin":{"X":27.2626,"Y":92.2148,"Z":0.005},"Angles":{"W":-0.392708,"X":0.0,"Y":0.0,"Z":-0.919663}},"ID":2009473025},{"WCID":893,"Position":{"ObjCellID":2086797312,"Origin":{"X":21.688,"Y":89.7677,"Z":0.0},"Angles":{"W":0.431745,"X":0.0,"Y":0.0,"Z":-0.901996}},"ID":2009473026}]}