{"Key":31859,"Weenies":[{"WCID":1370,"Position":{"ObjCellID":2087911707,"Origin":{"X":113.984,"Y":59.7668,"Z":18.005},"Angles":{"W":-0.684406,"X":0.0,"Y":0.0,"Z":-0.729101}},"ID":2009542656}]}