{"Key":31953,"Weenies":[{"WCID":509,"Position":{"ObjCellID":2094071808,"Origin":{"X":38.3906,"Y":159.581,"Z":165.304},"Angles":{"W":0.643319,"X":0.0,"Y":0.0,"Z":-0.765598}},"ID":2009927680},{"WCID":951,"Position":{"ObjCellID":2094071808,"Origin":{"X":110.049,"Y":177.231,"Z":168.774},"Angles":{"W":0.672559,"X":0.0,"Y":0.0,"Z":-0.740044}},"ID":2009927681},{"WCID":951,"Position":{"ObjCellID":2094071808,"Origin":{"X":125.958,"Y":177.914,"Z":168.831},"Angles":{"W":0.522825,"X":0.0,"Y":0.0,"Z":-0.85244}},"ID":2009927682},{"WCID":951,"Position":{"ObjCellID":2094071808,"Origin":{"X":151.364,"Y":190.775,"Z":169.289},"Angles":{"W":0.223264,"X":0.0,"Y":0.0,"Z":-0.974758}},"ID":2009927683}]}