{"Key":31963,"Weenies":[{"WCID":14488,"Position":{"ObjCellID":2094727168,"Origin":{"X":19.1992,"Y":49.367,"Z":391.605},"Angles":{"W":-0.502877,"X":0.0,"Y":0.0,"Z":0.864358}},"ID":2009968640}]}