{"Key":32098,"Weenies":[{"WCID":165,"Position":{"ObjCellID":2103574528,"Origin":{"X":177.614,"Y":11.6981,"Z":14.05},"Angles":{"W":0.730551,"X":0.0,"Y":0.0,"Z":-0.682858}},"ID":2010521600},{"WCID":964,"Position":{"ObjCellID":2103574528,"Origin":{"X":180.078,"Y":9.70724,"Z":14.005},"Angles":{"W":0.824393,"X":0.0,"Y":0.0,"Z":-0.566018}},"ID":2010521601},{"WCID":1403,"Position":{"ObjCellID":2103574528,"Origin":{"X":179.185,"Y":5.10028,"Z":14.005},"Angles":{"W":0.997063,"X":0.0,"Y":0.0,"Z":-0.076593}},"ID":2010521602},{"WCID":419,"Position":{"ObjCellID":2103574528,"Origin":{"X":181.766,"Y":5.24884,"Z":14.005},"Angles":{"W":0.781748,"X":0.0,"Y":0.0,"Z":0.623594}},"ID":2010521603}]}