{"Key":32101,"Weenies":[{"WCID":1110,"Position":{"ObjCellID":2103771136,"Origin":{"X":35.8802,"Y":36.9403,"Z":12.005},"Angles":{"W":0.382683,"X":0.0,"Y":0.0,"Z":-0.92388}},"ID":2010533888}]}