{"Key":32103,"Weenies":[{"WCID":4676,"Position":{"ObjCellID":2103902208,"Origin":{"X":93.0924,"Y":162.315,"Z":10.005},"Angles":{"W":-0.677795,"X":0.0,"Y":0.0,"Z":-0.735251}},"ID":2010542080},{"WCID":7923,"Position":{"ObjCellID":2103902208,"Origin":{"X":175.247,"Y":161.322,"Z":50.005},"Angles":{"W":-0.88853,"X":0.0,"Y":0.0,"Z":0.458819}},"ID":2010542081},{"WCID":12725,"Position":{"ObjCellID":2103902208,"Origin":{"X":173.415,"Y":161.464,"Z":50.005},"Angles":{"W":-0.865067,"X":0.0,"Y":0.0,"Z":-0.501657}},"ID":2010542083}],"Links":[{"Source":2010542083,"Target":2010542081}]}