{"Key":32145,"Weenies":[{"WCID":509,"Position":{"ObjCellID":2106654720,"Origin":{"X":155.135,"Y":6.80181,"Z":124.005},"Angles":{"W":-0.253332,"X":0.0,"Y":0.0,"Z":0.967379}},"ID":2010714112}]}