{"Key":32148,"Weenies":[{"WCID":9684,"Position":{"ObjCellID":2106851328,"Origin":{"X":79.2859,"Y":44.9521,"Z":240.005},"Angles":{"W":-0.689288,"X":0.0,"Y":0.0,"Z":0.724488}},"ID":2010726400}]}