{"Key":32174,"Weenies":[{"WCID":509,"Position":{"ObjCellID":2108555264,"Origin":{"X":160.462,"Y":97.9417,"Z":139.843},"Angles":{"W":0.875965,"X":0.0,"Y":0.0,"Z":-0.482374}},"ID":2010832896},{"WCID":174,"Position":{"ObjCellID":2108555264,"Origin":{"X":148.334,"Y":98.6199,"Z":139.787},"Angles":{"W":-0.821103,"X":0.0,"Y":0.0,"Z":0.57078}},"ID":2010832897},{"WCID":1369,"Position":{"ObjCellID":2108555264,"Origin":{"X":178.399,"Y":114.413,"Z":140.873},"Angles":{"W":0.258684,"X":0.0,"Y":0.0,"Z":0.965962}},"ID":2010832898}]}