{"Key":32275,"Weenies":[{"WCID":1022,"Position":{"ObjCellID":2115174400,"Origin":{"X":107.843,"Y":137.821,"Z":3.49173},"Angles":{"W":-0.6527,"X":0.0,"Y":0.0,"Z":-0.757616}},"ID":2011246592}]}