{"Key":32377,"Weenies":[{"WCID":7293,"Position":{"ObjCellID":2121859072,"Origin":{"X":129.313,"Y":176.934,"Z":30.005},"Angles":{"W":-0.97554,"X":0.0,"Y":0.0,"Z":0.219821}},"ID":2011664384}]}