{"Key":32386,"Weenies":[{"WCID":20625,"Position":{"ObjCellID":2122448896,"Origin":{"X":81.5142,"Y":67.0897,"Z":154.823},"Angles":{"W":0.712005,"X":0.0,"Y":0.0,"Z":-0.702175}},"ID":2011701250},{"WCID":20644,"Position":{"ObjCellID":2122448896,"Origin":{"X":70.9008,"Y":64.6361,"Z":154.005},"Angles":{"W":0.691695,"X":0.0,"Y":0.0,"Z":-0.72219}},"ID":2011701251}]}