{"Key":32401,"Weenies":[{"WCID":1023,"Position":{"ObjCellID":2123431936,"Origin":{"X":93.7,"Y":146.0,"Z":124.0},"Angles":{"W":0.406737,"X":0.0,"Y":0.0,"Z":-0.913545}},"ID":2011762688},{"WCID":1339,"Position":{"ObjCellID":2123431936,"Origin":{"X":111.8,"Y":15.7,"Z":76.1},"Angles":{"W":0.97437,"X":0.0,"Y":0.0,"Z":-0.224951}},"ID":2011762689}]}