{"Key":32533,"Weenies":[{"WCID":22753,"Position":{"ObjCellID":2132082688,"Origin":{"X":85.874,"Y":150.11,"Z":22.005},"Angles":{"W":1.0,"X":0.0,"Y":0.0,"Z":0.0}},"ID":2012303360},{"WCID":3951,"Position":{"ObjCellID":2132082688,"Origin":{"X":89.5383,"Y":152.001,"Z":22.005},"Angles":{"W":-0.650242,"X":0.0,"Y":0.0,"Z":0.759727}},"ID":2012303361}],"Links":[{"Source":2012303360,"Target":2012303361}]}