{"Key":32639,"Weenies":[{"WCID":5378,"Position":{"ObjCellID":2139029504,"Origin":{"X":10.9804,"Y":30.755,"Z":60.005},"Angles":{"W":0.982638,"X":0.0,"Y":0.0,"Z":-0.185535}},"ID":2012737536}]}