{"Key":32731,"Weenies":[{"WCID":8847,"Position":{"ObjCellID":2145058816,"Origin":{"X":20.2075,"Y":58.3812,"Z":273.78},"Angles":{"W":0.925597,"X":0.0,"Y":0.0,"Z":-0.378511}},"ID":2013114368},{"WCID":8892,"Position":{"ObjCellID":2145058816,"Origin":{"X":24.5,"Y":63.0,"Z":272.875},"Angles":{"W":0.92388,"X":0.0,"Y":0.0,"Z":-0.382683}},"ID":2013114369}]}