{"Key":32750,"Weenies":[{"WCID":22754,"Position":{"ObjCellID":2146304000,"Origin":{"X":92.293,"Y":93.271,"Z":106.232},"Angles":{"W":-4.37114E-08,"X":0.0,"Y":0.0,"Z":-1.0}},"ID":2013192192},{"WCID":3951,"Position":{"ObjCellID":2146304000,"Origin":{"X":96.6065,"Y":90.2369,"Z":106.536},"Angles":{"W":-0.941187,"X":0.0,"Y":0.0,"Z":0.337886}},"ID":2013192193}],"Links":[{"Source":2013192192,"Target":2013192193}]}