{"Key":32786,"Weenies":[{"WCID":509,"Position":{"ObjCellID":2148663296,"Origin":{"X":65.7135,"Y":144.597,"Z":-0.095},"Angles":{"W":0.0296293,"X":0.0,"Y":0.0,"Z":0.999561}},"ID":2013339648},{"WCID":884,"Position":{"ObjCellID":2148663296,"Origin":{"X":163.624,"Y":51.7083,"Z":-0.095},"Angles":{"W":-0.994819,"X":0.0,"Y":0.0,"Z":-0.101667}},"ID":2013339649},{"WCID":884,"Position":{"ObjCellID":2148663296,"Origin":{"X":157.439,"Y":55.0301,"Z":-0.095},"Angles":{"W":-0.708394,"X":0.0,"Y":0.0,"Z":0.705817}},"ID":2013339650},{"WCID":884,"Position":{"ObjCellID":2148663296,"Origin":{"X":163.212,"Y":55.0512,"Z":-0.095},"Angles":{"W":-0.330866,"X":0.0,"Y":0.0,"Z":0.943678}},"ID":2013339651}]}