{"Key":32881,"Weenies":[{"WCID":9199,"Position":{"ObjCellID":2154889216,"Origin":{"X":55.9837,"Y":16.1898,"Z":11.3067},"Angles":{"W":-0.330342,"X":0.0,"Y":0.0,"Z":0.943861}},"ID":2013728768}]}