{"Key":32911,"Weenies":[{"WCID":3951,"Position":{"ObjCellID":2156855296,"Origin":{"X":76.254,"Y":178.378,"Z":124.005},"Angles":{"W":-0.984363,"X":0.0,"Y":0.0,"Z":-0.176154}},"ID":2013851648},{"WCID":25495,"Position":{"ObjCellID":2156855296,"Origin":{"X":88.787,"Y":179.86,"Z":124.005},"Angles":{"W":-0.926466,"X":0.0,"Y":0.0,"Z":-0.376378}},"ID":2013851649},{"WCID":25483,"Position":{"ObjCellID":2156855296,"Origin":{"X":76.254,"Y":178.378,"Z":124.005},"Angles":{"W":-0.984363,"X":0.0,"Y":0.0,"Z":-0.176154}},"ID":2013851650}],"Links":[{"Source":2013851650,"Target":2013851648}]}