{"Key":32913,"Weenies":[{"WCID":1014,"Position":{"ObjCellID":2156986368,"Origin":{"X":57.6433,"Y":185.034,"Z":65.1167},"Angles":{"W":-0.714399,"X":0.0,"Y":0.0,"Z":-0.699739}},"ID":2013859840},{"WCID":1108,"Position":{"ObjCellID":2156986368,"Origin":{"X":114.022,"Y":86.9193,"Z":81.5148},"Angles":{"W":1.0,"X":0.0,"Y":0.0,"Z":0.0}},"ID":2013859841}]}