{"Key":33168,"Weenies":[{"WCID":509,"Position":{"ObjCellID":2173698048,"Origin":{"X":69.9582,"Y":57.5844,"Z":73.3819},"Angles":{"W":0.904396,"X":0.0,"Y":0.0,"Z":-0.426695}},"ID":2014904320}]}