{"Key":33169,"Weenies":[{"WCID":9518,"Position":{"ObjCellID":2173763584,"Origin":{"X":13.8,"Y":84.0,"Z":132.9},"Angles":{"W":0.707107,"X":0.0,"Y":0.0,"Z":-0.707107}},"ID":2014908416},{"WCID":9519,"Position":{"ObjCellID":2173763584,"Origin":{"X":10.2,"Y":84.0,"Z":132.9},"Angles":{"W":-0.707107,"X":0.0,"Y":0.0,"Z":-0.707107}},"ID":2014908417}]}