{"Key":33171,"Weenies":[{"WCID":8127,"Position":{"ObjCellID":2173894656,"Origin":{"X":124.893,"Y":88.3596,"Z":124.005},"Angles":{"W":0.0341096,"X":0.0,"Y":0.0,"Z":0.999418}},"ID":2014916608}]}