{"Key":33174,"Weenies":[{"WCID":884,"Position":{"ObjCellID":2174091264,"Origin":{"X":108.763,"Y":89.875,"Z":172.005},"Angles":{"W":-0.412732,"X":0.0,"Y":0.0,"Z":-0.910852}},"ID":2014928896},{"WCID":884,"Position":{"ObjCellID":2174091264,"Origin":{"X":104.328,"Y":88.9578,"Z":172.005},"Angles":{"W":0.756835,"X":0.0,"Y":0.0,"Z":-0.653606}},"ID":2014928897},{"WCID":1512,"Position":{"ObjCellID":2174091264,"Origin":{"X":74.573,"Y":158.331,"Z":179.199},"Angles":{"W":1.0,"X":0.0,"Y":0.0,"Z":0.0}},"ID":2014928898}]}