{"Key":33184,"Weenies":[{"WCID":7250,"Position":{"ObjCellID":2174746624,"Origin":{"X":163.0,"Y":61.02,"Z":54.922},"Angles":{"W":-0.999984,"X":0.0,"Y":0.0,"Z":-0.00560248}},"ID":2014969856}]}