{"Key":33401,"Weenies":[{"WCID":1760,"Position":{"ObjCellID":2188967936,"Origin":{"X":6.931,"Y":86.3562,"Z":14.9835},"Angles":{"W":-0.92912,"X":0.0,"Y":0.0,"Z":0.369779}},"ID":2015858688},{"WCID":1760,"Position":{"ObjCellID":2188967936,"Origin":{"X":3.95916,"Y":92.9361,"Z":15.8325},"Angles":{"W":-0.919586,"X":0.0,"Y":0.0,"Z":0.392889}},"ID":2015858689},{"WCID":3953,"Position":{"ObjCellID":2188967936,"Origin":{"X":5.23885,"Y":91.5533,"Z":15.7087},"Angles":{"W":0.0322401,"X":0.0,"Y":0.0,"Z":-0.99948}},"ID":2015858690}],"Links":[{"Source":2015858688,"Target":2015858690},{"Source":2015858689,"Target":2015858690}]}