{"Key":33425,"Weenies":[{"WCID":3955,"Position":{"ObjCellID":2190540800,"Origin":{"X":67.2711,"Y":152.215,"Z":204.005},"Angles":{"W":-0.589467,"X":0.0,"Y":0.0,"Z":-0.807792}},"ID":2015956992},{"WCID":8766,"Position":{"ObjCellID":2190540800,"Origin":{"X":66.2052,"Y":154.158,"Z":204.005},"Angles":{"W":-0.627068,"X":0.0,"Y":0.0,"Z":-0.778965}},"ID":2015956993}],"Links":[{"Source":2015956993,"Target":2015956992}]}