{"Key":33427,"Weenies":[{"WCID":509,"Position":{"ObjCellID":2190671872,"Origin":{"X":22.847,"Y":44.6796,"Z":124.005},"Angles":{"W":-0.0491975,"X":0.0,"Y":0.0,"Z":0.998789}},"ID":2015965184}]}