{"Key":33624,"Weenies":[{"WCID":1391,"Position":{"ObjCellID":2203582720,"Origin":{"X":182.289,"Y":61.2162,"Z":-0.295},"Angles":{"W":-0.960273,"X":0.0,"Y":0.0,"Z":-0.279063}},"ID":2016772096},{"WCID":509,"Position":{"ObjCellID":2203582464,"Origin":{"X":174.303,"Y":67.0709,"Z":0.00499998},"Angles":{"W":0.143699,"X":0.0,"Y":0.0,"Z":-0.989621}},"ID":2016772097}]}