{"Key":33671,"Weenies":[{"WCID":5517,"Position":{"ObjCellID":2206662912,"Origin":{"X":35.7886,"Y":93.5652,"Z":79.66},"Angles":{"W":-0.0160136,"X":0.0,"Y":0.0,"Z":0.999872}},"ID":2016964608},{"WCID":7923,"Position":{"ObjCellID":2206662656,"Origin":{"X":145.202,"Y":7.32268,"Z":154.005},"Angles":{"W":0.642916,"X":0.0,"Y":0.0,"Z":-0.765936}},"ID":2016964610},{"WCID":5763,"Position":{"ObjCellID":2206662656,"Origin":{"X":148.628,"Y":3.55096,"Z":154.005},"Angles":{"W":-0.374859,"X":0.0,"Y":0.0,"Z":-0.927082}},"ID":2016964609}],"Links":[{"Source":2016964609,"Target":2016964610}]}