{"Key":33672,"Weenies":[{"WCID":509,"Position":{"ObjCellID":2206728192,"Origin":{"X":31.4672,"Y":64.8126,"Z":86.005},"Angles":{"W":-0.810463,"X":0.0,"Y":0.0,"Z":-0.58579}},"ID":2016968704},{"WCID":3951,"Position":{"ObjCellID":2206728192,"Origin":{"X":38.4487,"Y":62.1956,"Z":86.005},"Angles":{"W":-0.395977,"X":0.0,"Y":0.0,"Z":0.91826}},"ID":2016968705},{"WCID":6592,"Position":{"ObjCellID":2206728192,"Origin":{"X":40.0448,"Y":61.8951,"Z":86.005},"Angles":{"W":-0.393058,"X":0.0,"Y":0.0,"Z":0.919514}},"ID":2016968706},{"WCID":14866,"Position":{"ObjCellID":2206728192,"Origin":{"X":44.7405,"Y":66.469,"Z":86.005},"Angles":{"W":-0.0852727,"X":0.0,"Y":0.0,"Z":0.996358}},"ID":2016968707}],"Links":[{"Source":2016968706,"Target":2016968705}]}