{"Key":33681,"Weenies":[{"WCID":1120,"Position":{"ObjCellID":2207318016,"Origin":{"X":164.7,"Y":141.5,"Z":124.0},"Angles":{"W":0.93358,"X":0.0,"Y":0.0,"Z":-0.358368}},"ID":2017005568}]}