{"Key":33728,"Weenies":[{"WCID":509,"Position":{"ObjCellID":2210398208,"Origin":{"X":51.4617,"Y":108.444,"Z":298.005},"Angles":{"W":-0.999453,"X":0.0,"Y":0.0,"Z":0.033064}},"ID":2017198080},{"WCID":1014,"Position":{"ObjCellID":2210398208,"Origin":{"X":37.7753,"Y":121.939,"Z":298.005},"Angles":{"W":0.966769,"X":0.0,"Y":0.0,"Z":0.255652}},"ID":2017198081}]}