{"Key":33896,"Weenies":[{"WCID":7894,"Position":{"ObjCellID":2221408256,"Origin":{"X":7.04818,"Y":58.7343,"Z":25.6539},"Angles":{"W":-0.0577355,"X":0.0,"Y":0.0,"Z":-0.998332}},"ID":2017886208},{"WCID":7939,"Position":{"ObjCellID":2221408256,"Origin":{"X":9.54116,"Y":67.0756,"Z":25.2105},"Angles":{"W":0.010398,"X":0.0,"Y":0.0,"Z":-0.999946}},"ID":2017886209},{"WCID":7939,"Position":{"ObjCellID":2221408256,"Origin":{"X":6.41966,"Y":67.0107,"Z":24.9557},"Angles":{"W":0.010398,"X":0.0,"Y":0.0,"Z":-0.999946}},"ID":2017886210}]}