{"Key":33897,"Weenies":[{"WCID":7891,"Position":{"ObjCellID":2221473792,"Origin":{"X":55.9834,"Y":8.95742,"Z":26.005},"Angles":{"W":0.999797,"X":0.0,"Y":0.0,"Z":0.0201443}},"ID":2017890304},{"WCID":7938,"Position":{"ObjCellID":2221473792,"Origin":{"X":54.0072,"Y":1.3721,"Z":26.005},"Angles":{"W":-0.999994,"X":0.0,"Y":0.0,"Z":0.00348675}},"ID":2017890305},{"WCID":7938,"Position":{"ObjCellID":2221473792,"Origin":{"X":57.932,"Y":1.34473,"Z":26.005},"Angles":{"W":-0.999994,"X":0.0,"Y":0.0,"Z":0.00348675}},"ID":2017890306}]}