{"Key":33900,"Weenies":[{"WCID":1822,"Position":{"ObjCellID":2221670656,"Origin":{"X":178.773,"Y":107.608,"Z":9.705},"Angles":{"W":-0.998146,"X":0.0,"Y":0.0,"Z":0.0608631}},"ID":2017902593},{"WCID":1799,"Position":{"ObjCellID":2221670400,"Origin":{"X":177.412,"Y":115.113,"Z":13.161},"Angles":{"W":-0.707107,"X":0.0,"Y":0.0,"Z":-0.707107}},"ID":2017902592}]}