{"Key":33928,"Weenies":[{"WCID":4658,"Position":{"ObjCellID":2223505408,"Origin":{"X":189.518,"Y":69.4868,"Z":86.005},"Angles":{"W":0.92388,"X":0.0,"Y":0.0,"Z":-0.382683}},"ID":2018017280}]}