{"Key":34155,"Weenies":[{"WCID":1910,"Position":{"ObjCellID":2238382080,"Origin":{"X":146.687,"Y":171.317,"Z":18.005},"Angles":{"W":0.910868,"X":0.0,"Y":0.0,"Z":-0.412698}},"ID":2018947072}]}