{"Key":34156,"Weenies":[{"WCID":1910,"Position":{"ObjCellID":2238447616,"Origin":{"X":41.3515,"Y":166.77,"Z":16.8933},"Angles":{"W":0.910868,"X":0.0,"Y":0.0,"Z":-0.412698}},"ID":2018951168}]}