{"Key":34157,"Weenies":[{"WCID":6108,"Position":{"ObjCellID":2238513409,"Origin":{"X":128.866,"Y":177.097,"Z":16.005},"Angles":{"W":-0.369694,"X":0.0,"Y":0.0,"Z":-0.929153}},"ID":2018955264},{"WCID":27547,"Position":{"ObjCellID":2238513152,"Origin":{"X":128.821,"Y":189.221,"Z":14.005},"Angles":{"W":-0.793293,"X":0.0,"Y":0.0,"Z":0.60884}},"ID":2018955265}]}