{"Key":34183,"Weenies":[{"WCID":1989,"Position":{"ObjCellID":2240217088,"Origin":{"X":126.407,"Y":134.904,"Z":108.005},"Angles":{"W":-0.990747,"X":0.0,"Y":0.0,"Z":-0.135719}},"ID":2019061760},{"WCID":7924,"Position":{"ObjCellID":2240217088,"Origin":{"X":127.157,"Y":128.021,"Z":108.005},"Angles":{"W":0.99139,"X":0.0,"Y":0.0,"Z":0.130944}},"ID":2019061761}],"Links":[{"Source":2019061760,"Target":2019061761}]}