{"Key":34185,"Weenies":[{"WCID":6089,"Position":{"ObjCellID":2240348417,"Origin":{"X":108.931,"Y":12.9724,"Z":88.005},"Angles":{"W":-0.946914,"X":0.0,"Y":0.0,"Z":-0.321488}},"ID":2019069954},{"WCID":4658,"Position":{"ObjCellID":2240348160,"Origin":{"X":141.171,"Y":21.1206,"Z":86.005},"Angles":{"W":-0.382683,"X":0.0,"Y":0.0,"Z":-0.92388}},"ID":2019069952},{"WCID":27547,"Position":{"ObjCellID":2240348160,"Origin":{"X":121.536,"Y":16.1923,"Z":86.005},"Angles":{"W":-0.998498,"X":0.0,"Y":0.0,"Z":0.0547848}},"ID":2019069953}]}