{"Key":34323,"Weenies":[{"WCID":1370,"Position":{"ObjCellID":2249392385,"Origin":{"X":37.2108,"Y":58.2091,"Z":261.705},"Angles":{"W":0.502678,"X":0.0,"Y":0.0,"Z":0.864474}},"ID":2019635201},{"WCID":509,"Position":{"ObjCellID":2249392128,"Origin":{"X":48.5877,"Y":64.8509,"Z":262.005},"Angles":{"W":0.946982,"X":0.0,"Y":0.0,"Z":-0.321286}},"ID":2019635200},{"WCID":4377,"Position":{"ObjCellID":2249392128,"Origin":{"X":27.4564,"Y":70.352,"Z":262.005},"Angles":{"W":-0.773979,"X":0.0,"Y":0.0,"Z":-0.633211}},"ID":2019635203},{"WCID":1394,"Position":{"ObjCellID":2249392128,"Origin":{"X":40.6301,"Y":80.7736,"Z":262.005},"Angles":{"W":0.998398,"X":0.0,"Y":0.0,"Z":0.0565723}},"ID":2019635202}]}