{"Key":34402,"Weenies":[{"WCID":8833,"Position":{"ObjCellID":2254569472,"Origin":{"X":132.142,"Y":19.758,"Z":23.013},"Angles":{"W":0.707107,"X":0.0,"Y":0.0,"Z":-0.707107}},"ID":2019958784}]}