{"Key":34410,"Weenies":[{"WCID":27680,"Position":{"ObjCellID":2255093760,"Origin":{"X":152.685,"Y":38.7557,"Z":10.7754},"Angles":{"W":0.521162,"X":0.0,"Y":0.0,"Z":0.853458}},"ID":2019991552}]}