{"Key":34413,"Weenies":[{"WCID":1817,"Position":{"ObjCellID":2255290625,"Origin":{"X":53.0046,"Y":173.51,"Z":-0.295},"Angles":{"W":-0.999907,"X":0.0,"Y":0.0,"Z":-0.0136463}},"ID":2020003840},{"WCID":509,"Position":{"ObjCellID":2255290368,"Origin":{"X":30.9289,"Y":186.236,"Z":-0.095},"Angles":{"W":-0.776795,"X":0.0,"Y":0.0,"Z":-0.629753}},"ID":2020003842},{"WCID":1792,"Position":{"ObjCellID":2255290368,"Origin":{"X":47.763,"Y":182.172,"Z":3.17},"Angles":{"W":-4.37114E-08,"X":0.0,"Y":0.0,"Z":-1.0}},"ID":2020003841}]}