{"Key":34414,"Weenies":[{"WCID":1910,"Position":{"ObjCellID":2255355904,"Origin":{"X":11.797,"Y":135.228,"Z":13.248},"Angles":{"W":1.0,"X":0.0,"Y":0.0,"Z":0.0}},"ID":2020007936},{"WCID":1813,"Position":{"ObjCellID":2255355904,"Origin":{"X":67.8379,"Y":35.4583,"Z":20.005},"Angles":{"W":0.490934,"X":0.0,"Y":0.0,"Z":0.871197}},"ID":2020007937},{"WCID":1820,"Position":{"ObjCellID":2255355904,"Origin":{"X":63.286,"Y":34.691,"Z":20.005},"Angles":{"W":-0.471463,"X":0.0,"Y":0.0,"Z":0.881886}},"ID":2020007938}]}