{"Key":34415,"Weenies":[{"WCID":509,"Position":{"ObjCellID":2255421440,"Origin":{"X":140.028,"Y":55.6023,"Z":10.005},"Angles":{"W":0.0823486,"X":0.0,"Y":0.0,"Z":0.996604}},"ID":2020012032},{"WCID":1910,"Position":{"ObjCellID":2255421440,"Origin":{"X":149.413,"Y":116.124,"Z":11.682},"Angles":{"W":-0.141493,"X":0.0,"Y":0.0,"Z":-0.989939}},"ID":2020012033}]}