{"Key":34441,"Weenies":[{"WCID":8127,"Position":{"ObjCellID":2257125376,"Origin":{"X":28.3135,"Y":127.798,"Z":107.12},"Angles":{"W":0.380283,"X":0.0,"Y":0.0,"Z":0.92487}},"ID":2020118528}]}