{"Key":34442,"Weenies":[{"WCID":5515,"Position":{"ObjCellID":2257190912,"Origin":{"X":164.249,"Y":11.9508,"Z":65.0108},"Angles":{"W":-0.109477,"X":0.0,"Y":0.0,"Z":-0.993989}},"ID":2020122624}]}