{"Key":34448,"Weenies":[{"WCID":28532,"Position":{"ObjCellID":2257584384,"Origin":{"X":9.41277,"Y":35.0159,"Z":71.705},"Angles":{"W":-0.27493,"X":0.0,"Y":0.0,"Z":-0.961464}},"ID":2020147201}]}