{"Key":34517,"Weenies":[{"WCID":7945,"Position":{"ObjCellID":2262106112,"Origin":{"X":58.7871,"Y":20.6987,"Z":291.725},"Angles":{"W":-0.927542,"X":0.0,"Y":0.0,"Z":-0.37372}},"ID":2020429825}]}