{"Key":34664,"Weenies":[{"WCID":8501,"Position":{"ObjCellID":2271739904,"Origin":{"X":186.652,"Y":18.9651,"Z":17.6115},"Angles":{"W":-0.900911,"X":0.0,"Y":0.0,"Z":-0.434004}},"ID":2021031936}]}