{"Key":34669,"Weenies":[{"WCID":1819,"Position":{"ObjCellID":2272067841,"Origin":{"X":59.5216,"Y":36.7188,"Z":9.705},"Angles":{"W":-0.822037,"X":0.0,"Y":0.0,"Z":-0.569434}},"ID":2021052417},{"WCID":1795,"Position":{"ObjCellID":2272067584,"Origin":{"X":53.9293,"Y":41.2033,"Z":13.4163},"Angles":{"W":0.549564,"X":0.0,"Y":0.0,"Z":-0.835451}},"ID":2021052416},{"WCID":1910,"Position":{"ObjCellID":2272067584,"Origin":{"X":102.249,"Y":57.992,"Z":18.005},"Angles":{"W":-0.707107,"X":0.0,"Y":0.0,"Z":-0.707107}},"ID":2021052418}]}