{"Key":34694,"Weenies":[{"WCID":19726,"Position":{"ObjCellID":2273705984,"Origin":{"X":64.888,"Y":144.346,"Z":154.005},"Angles":{"W":-0.233021,"X":0.0,"Y":0.0,"Z":-0.972472}},"ID":2021154816}]}