{"Key":34696,"Weenies":[{"WCID":509,"Position":{"ObjCellID":2273837056,"Origin":{"X":21.4482,"Y":91.477,"Z":108.005},"Angles":{"W":0.715463,"X":0.0,"Y":0.0,"Z":-0.698651}},"ID":2021163008}]}