{"Key":34697,"Weenies":[{"WCID":5511,"Position":{"ObjCellID":2273902592,"Origin":{"X":125.379,"Y":12.7966,"Z":72.4549},"Angles":{"W":0.957336,"X":0.0,"Y":0.0,"Z":0.288978}},"ID":2021167104}]}