{"Key":34723,"Weenies":[{"WCID":8500,"Position":{"ObjCellID":2275606528,"Origin":{"X":150.873,"Y":88.515,"Z":69.4832},"Angles":{"W":0.146915,"X":0.0,"Y":0.0,"Z":-0.989149}},"ID":2021273600}]}