{"Key":34925,"Weenies":[{"WCID":509,"Position":{"ObjCellID":2288844800,"Origin":{"X":32.3736,"Y":114.775,"Z":26.005},"Angles":{"W":0.595655,"X":0.0,"Y":0.0,"Z":0.803241}},"ID":2022100992}]}