{"Key":35161,"Weenies":[{"WCID":7,"Position":{"ObjCellID":2304311296,"Origin":{"X":140.18,"Y":152.163,"Z":12.3233},"Angles":{"W":0.387197,"X":0.0,"Y":0.0,"Z":-0.921997}},"ID":2023067648},{"WCID":192,"Position":{"ObjCellID":2304311296,"Origin":{"X":141.81,"Y":148.878,"Z":12.4022},"Angles":{"W":-0.936717,"X":0.0,"Y":0.0,"Z":-0.350088}},"ID":2023067649},{"WCID":1154,"Position":{"ObjCellID":2304311296,"Origin":{"X":142.161,"Y":151.105,"Z":12.1815},"Angles":{"W":-0.607103,"X":0.0,"Y":0.0,"Z":-0.794623}},"ID":2023067650}],"Links":[{"Source":2023067648,"Target":2023067650},{"Source":2023067649,"Target":2023067650}]}