{"Key":35186,"Weenies":[{"WCID":9201,"Position":{"ObjCellID":2305949696,"Origin":{"X":113.223,"Y":136.926,"Z":10.0051},"Angles":{"W":0.389244,"X":0.0,"Y":0.0,"Z":0.921135}},"ID":2023170048}]}