{"Key":35208,"Weenies":[{"WCID":1759,"Position":{"ObjCellID":2307391744,"Origin":{"X":12.1427,"Y":106.265,"Z":69.705},"Angles":{"W":-0.0684755,"X":0.0,"Y":0.0,"Z":-0.997653}},"ID":2023260160},{"WCID":3955,"Position":{"ObjCellID":2307391744,"Origin":{"X":10.5714,"Y":107.683,"Z":69.705},"Angles":{"W":-0.824388,"X":0.0,"Y":0.0,"Z":-0.566025}},"ID":2023260161}],"Links":[{"Source":2023260160,"Target":2023260161}]}