{"Key":35230,"Weenies":[{"WCID":1351,"Position":{"ObjCellID":2308833280,"Origin":{"X":92.2271,"Y":19.3317,"Z":239.371},"Angles":{"W":-0.683297,"X":0.0,"Y":0.0,"Z":-0.730141}},"ID":2023350272},{"WCID":6391,"Position":{"ObjCellID":2308833280,"Origin":{"X":91.6203,"Y":16.8019,"Z":239.275},"Angles":{"W":-0.665043,"X":0.0,"Y":0.0,"Z":-0.746805}},"ID":2023350273}]}