{"Key":35233,"Weenies":[{"WCID":3949,"Position":{"ObjCellID":2309029888,"Origin":{"X":18.5375,"Y":9.51834,"Z":95.3811},"Angles":{"W":0.999775,"X":0.0,"Y":0.0,"Z":0.0211992}},"ID":2023362560},{"WCID":3950,"Position":{"ObjCellID":2309029888,"Origin":{"X":19.9381,"Y":7.36239,"Z":95.3931},"Angles":{"W":0.902691,"X":0.0,"Y":0.0,"Z":0.430289}},"ID":2023362561},{"WCID":3601,"Position":{"ObjCellID":2309029888,"Origin":{"X":17.5833,"Y":8.78472,"Z":95.4269},"Angles":{"W":0.828489,"X":0.0,"Y":0.0,"Z":-0.560006}},"ID":2023362562}],"Links":[{"Source":2023362560,"Target":2023362561},{"Source":2023362562,"Target":2023362561}]}