{"Key":35420,"Weenies":[{"WCID":1760,"Position":{"ObjCellID":2321285120,"Origin":{"X":20.6234,"Y":35.9209,"Z":10.005},"Angles":{"W":-0.506171,"X":0.0,"Y":0.0,"Z":0.862433}},"ID":2024128512},{"WCID":1154,"Position":{"ObjCellID":2321285120,"Origin":{"X":18.1962,"Y":37.4753,"Z":10.005},"Angles":{"W":-0.934103,"X":0.0,"Y":0.0,"Z":0.357003}},"ID":2024128513}],"Links":[{"Source":2024128512,"Target":2024128513}]}