{"Key":35450,"Weenies":[{"WCID":12296,"Position":{"ObjCellID":2323251200,"Origin":{"X":113.174,"Y":34.9546,"Z":61.0373},"Angles":{"W":0.930508,"X":0.0,"Y":0.0,"Z":-0.366273}},"ID":2024251393}]}