{"Key":35465,"Weenies":[{"WCID":28531,"Position":{"ObjCellID":2324234496,"Origin":{"X":36.527,"Y":61.0863,"Z":69.705},"Angles":{"W":0.993801,"X":0.0,"Y":0.0,"Z":-0.111174}},"ID":2024312833}]}