{"Key":35602,"Weenies":[{"WCID":14503,"Position":{"ObjCellID":2333212672,"Origin":{"X":62.5288,"Y":110.046,"Z":333.53},"Angles":{"W":-0.361446,"X":0.0,"Y":0.0,"Z":-0.932393}},"ID":2024873984}]}