{"Key":35618,"Weenies":[{"WCID":27805,"Position":{"ObjCellID":2334261248,"Origin":{"X":153.35,"Y":21.2374,"Z":-0.445},"Angles":{"W":0.675554,"X":0.0,"Y":0.0,"Z":-0.73731}},"ID":2024939520},{"WCID":7924,"Position":{"ObjCellID":2334261248,"Origin":{"X":155.172,"Y":19.994,"Z":-0.445},"Angles":{"W":-0.874108,"X":0.0,"Y":0.0,"Z":-0.485732}},"ID":2024939521}],"Links":[{"Source":2024939520,"Target":2024939521}]}