{"Key":35684,"Weenies":[{"WCID":26612,"Position":{"ObjCellID":2338586624,"Origin":{"X":104.518,"Y":83.9489,"Z":14.005},"Angles":{"W":-0.968008,"X":0.0,"Y":0.0,"Z":-0.250919}},"ID":2025209858}]}