{"Key":35722,"Weenies":[{"WCID":180,"Position":{"ObjCellID":2341076992,"Origin":{"X":74.6293,"Y":88.8608,"Z":42.0105},"Angles":{"W":-0.532692,"X":0.0,"Y":0.0,"Z":-0.846309}},"ID":2025365504},{"WCID":3955,"Position":{"ObjCellID":2341076992,"Origin":{"X":71.8068,"Y":89.2755,"Z":42.0439},"Angles":{"W":0.880698,"X":0.0,"Y":0.0,"Z":-0.473678}},"ID":2025365505}],"Links":[{"Source":2025365504,"Target":2025365505}]}