{"Key":35858,"Weenies":[{"WCID":7923,"Position":{"ObjCellID":2349989888,"Origin":{"X":93.2234,"Y":174.342,"Z":451.674},"Angles":{"W":-0.278889,"X":0.0,"Y":0.0,"Z":0.960323}},"ID":2025922569},{"WCID":6380,"Position":{"ObjCellID":2349989888,"Origin":{"X":52.9715,"Y":164.297,"Z":424.852},"Angles":{"W":0.0825895,"X":0.0,"Y":0.0,"Z":0.996584}},"ID":2025922565}],"Links":[{"Source":2025922565,"Target":2025922569}]}