{"Key":36173,"Weenies":[{"WCID":2247,"Position":{"ObjCellID":2370633984,"Origin":{"X":86.4028,"Y":14.6967,"Z":9.705},"Angles":{"W":-0.130526,"X":0.0,"Y":0.0,"Z":-0.991445}},"ID":2027212800}]}