{"Key":36184,"Weenies":[{"WCID":4648,"Position":{"ObjCellID":2371354624,"Origin":{"X":23.6764,"Y":53.2198,"Z":26.0553},"Angles":{"W":-0.0471051,"X":0.0,"Y":0.0,"Z":-0.99889}},"ID":2027257856},{"WCID":4648,"Position":{"ObjCellID":2371354624,"Origin":{"X":83.7592,"Y":52.7028,"Z":10.6365},"Angles":{"W":0.199019,"X":0.0,"Y":0.0,"Z":0.979996}},"ID":2027257857}]}