{"Key":36238,"Weenies":[{"WCID":426,"Position":{"ObjCellID":2374893568,"Origin":{"X":153.4,"Y":163.4,"Z":224.0},"Angles":{"W":-0.594823,"X":0.0,"Y":0.0,"Z":-0.803857}},"ID":2027479040}]}