{"Key":36428,"Weenies":[{"WCID":27174,"Position":{"ObjCellID":2387345664,"Origin":{"X":58.6697,"Y":83.1872,"Z":10.005},"Angles":{"W":-0.899028,"X":0.0,"Y":0.0,"Z":-0.43789}},"ID":2028257281},{"WCID":7932,"Position":{"ObjCellID":2387345664,"Origin":{"X":60.2627,"Y":79.1677,"Z":10.005},"Angles":{"W":0.997324,"X":0.0,"Y":0.0,"Z":-0.0731035}},"ID":2028257282},{"WCID":29665,"Position":{"ObjCellID":2387345408,"Origin":{"X":65.287,"Y":94.7705,"Z":10.005},"Angles":{"W":-0.167572,"X":0.0,"Y":0.0,"Z":0.98586}},"ID":2028257283}],"Links":[{"Source":2028257281,"Target":2028257282}]}