{"Key":36433,"Weenies":[{"WCID":1029,"Position":{"ObjCellID":2387673346,"Origin":{"X":131.983,"Y":99.4782,"Z":9.526},"Angles":{"W":-0.999998,"X":0.0,"Y":0.0,"Z":-0.00188509}},"ID":2028277760}]}