{"Key":36436,"Weenies":[{"WCID":27679,"Position":{"ObjCellID":2387869696,"Origin":{"X":139.96,"Y":16.7224,"Z":8.005},"Angles":{"W":0.71153,"X":0.0,"Y":0.0,"Z":0.702656}},"ID":2028290048}]}