{"Key":36438,"Weenies":[{"WCID":7206,"Position":{"ObjCellID":2388000768,"Origin":{"X":49.5281,"Y":161.289,"Z":16.893},"Angles":{"W":-0.894036,"X":0.0,"Y":0.0,"Z":0.447996}},"ID":2028298240}]}