{"Key":36493,"Weenies":[{"WCID":441,"Position":{"ObjCellID":2391605248,"Origin":{"X":127.1,"Y":91.3,"Z":42.2},"Angles":{"W":-0.999657,"X":0.0,"Y":0.0,"Z":-0.026177}},"ID":2028523520},{"WCID":442,"Position":{"ObjCellID":2391605248,"Origin":{"X":148.3,"Y":171.5,"Z":110.0},"Angles":{"W":-0.165048,"X":0.0,"Y":0.0,"Z":-0.986286}},"ID":2028523521}]}