{"Key":36495,"Weenies":[{"WCID":440,"Position":{"ObjCellID":2391736320,"Origin":{"X":46.8,"Y":67.4,"Z":224.0},"Angles":{"W":0.956305,"X":0.0,"Y":0.0,"Z":-0.292372}},"ID":2028531712}]}