{"Key":36560,"Weenies":[{"WCID":7355,"Position":{"ObjCellID":2395996160,"Origin":{"X":167.07,"Y":113.089,"Z":280.541},"Angles":{"W":0.802482,"X":0.0,"Y":0.0,"Z":0.596676}},"ID":2028797952}]}