{"Key":36562,"Weenies":[{"WCID":7355,"Position":{"ObjCellID":2396127232,"Origin":{"X":129.557,"Y":14.8362,"Z":277.105},"Angles":{"W":-0.986421,"X":0.0,"Y":0.0,"Z":0.164237}},"ID":2028806144},{"WCID":7355,"Position":{"ObjCellID":2396127232,"Origin":{"X":162.844,"Y":134.927,"Z":278.005},"Angles":{"W":-0.879653,"X":0.0,"Y":0.0,"Z":0.475616}},"ID":2028806145},{"WCID":7354,"Position":{"ObjCellID":2396127232,"Origin":{"X":155.56,"Y":12.727,"Z":278.0},"Angles":{"W":-0.0269096,"X":0.0,"Y":0.0,"Z":-0.999638}},"ID":2028806146},{"WCID":7354,"Position":{"ObjCellID":2396127232,"Origin":{"X":180.2,"Y":60.15,"Z":278.0},"Angles":{"W":-0.968361,"X":0.0,"Y":0.0,"Z":-0.249552}},"ID":2028806147}]}