{"Key":36563,"Weenies":[{"WCID":7355,"Position":{"ObjCellID":2396192768,"Origin":{"X":182.396,"Y":5.78227,"Z":293.533},"Angles":{"W":0.205088,"X":0.0,"Y":0.0,"Z":-0.978743}},"ID":2028810240}]}