{"Key":36696,"Weenies":[{"WCID":4645,"Position":{"ObjCellID":2404909056,"Origin":{"X":188.665,"Y":63.488,"Z":9.729},"Angles":{"W":0.707107,"X":0.0,"Y":0.0,"Z":-0.707107}},"ID":2029355008}]}