{"Key":36744,"Weenies":[{"WCID":28533,"Position":{"ObjCellID":2408055040,"Origin":{"X":36.0327,"Y":33.4448,"Z":108.005},"Angles":{"W":0.949461,"X":0.0,"Y":0.0,"Z":0.313885}},"ID":2029551620},{"WCID":1148,"Position":{"ObjCellID":2408054784,"Origin":{"X":26.5535,"Y":28.9601,"Z":108.0},"Angles":{"W":0.720021,"X":0.0,"Y":0.0,"Z":-0.693952}},"ID":2029551616},{"WCID":1148,"Position":{"ObjCellID":2408054784,"Origin":{"X":36.261,"Y":37.0735,"Z":108.0},"Angles":{"W":0.720021,"X":0.0,"Y":0.0,"Z":-0.693952}},"ID":2029551617},{"WCID":1148,"Position":{"ObjCellID":2408054784,"Origin":{"X":43.7809,"Y":37.3508,"Z":108.0},"Angles":{"W":-0.693952,"X":0.0,"Y":0.0,"Z":-0.720021}},"ID":2029551618}]}