{"Key":36753,"Weenies":[{"WCID":438,"Position":{"ObjCellID":2408644608,"Origin":{"X":191.0,"Y":140.2,"Z":224.0},"Angles":{"W":0.927184,"X":0.0,"Y":0.0,"Z":-0.374607}},"ID":2029588480},{"WCID":439,"Position":{"ObjCellID":2408644608,"Origin":{"X":51.9,"Y":0.9,"Z":224.0},"Angles":{"W":-0.258819,"X":0.0,"Y":0.0,"Z":-0.965926}},"ID":2029588481}]}