{"Key":36761,"Weenies":[{"WCID":371,"Position":{"ObjCellID":2409168896,"Origin":{"X":184.0,"Y":8.2,"Z":92.7437},"Angles":{"W":0.390731,"X":0.0,"Y":0.0,"Z":-0.920505}},"ID":2029621248}]}