{"Key":36786,"Weenies":[{"WCID":23618,"Position":{"ObjCellID":2410807296,"Origin":{"X":5.97046,"Y":34.9042,"Z":58.005},"Angles":{"W":0.00745807,"X":0.0,"Y":0.0,"Z":0.999972}},"ID":2029723648}]}