{"Key":36806,"Weenies":[{"WCID":509,"Position":{"ObjCellID":2412118016,"Origin":{"X":108.0,"Y":86.488,"Z":54.005},"Angles":{"W":0.994547,"X":0.0,"Y":0.0,"Z":-0.104286}},"ID":2029805568}]}