{"Key":36816,"Weenies":[{"WCID":7355,"Position":{"ObjCellID":2412773376,"Origin":{"X":0.444619,"Y":158.645,"Z":277.105},"Angles":{"W":0.510096,"X":0.0,"Y":0.0,"Z":-0.860117}},"ID":2029846528},{"WCID":7354,"Position":{"ObjCellID":2412773376,"Origin":{"X":59.689,"Y":132.599,"Z":278.0},"Angles":{"W":-0.0153147,"X":0.0,"Y":0.0,"Z":-0.999883}},"ID":2029846529},{"WCID":7354,"Position":{"ObjCellID":2412773376,"Origin":{"X":131.485,"Y":179.78,"Z":278.0},"Angles":{"W":0.690207,"X":0.0,"Y":0.0,"Z":-0.723612}},"ID":2029846530},{"WCID":7355,"Position":{"ObjCellID":2412773376,"Origin":{"X":132.507,"Y":137.103,"Z":277.105},"Angles":{"W":-0.208933,"X":0.0,"Y":0.0,"Z":0.97793}},"ID":2029846531}]}