{"Key":36898,"Weenies":[{"WCID":30771,"Position":{"ObjCellID":2418147328,"Origin":{"X":171.439,"Y":147.031,"Z":112.073},"Angles":{"W":-0.777709,"X":0.0,"Y":0.0,"Z":-0.628625}},"ID":2030182400}]}