{"Key":36900,"Weenies":[{"WCID":1903,"Position":{"ObjCellID":2418278400,"Origin":{"X":183.208,"Y":113.732,"Z":-0.095},"Angles":{"W":0.412278,"X":0.0,"Y":0.0,"Z":0.911058}},"ID":2030190592},{"WCID":1902,"Position":{"ObjCellID":2418278400,"Origin":{"X":128.554,"Y":132.465,"Z":-0.095},"Angles":{"W":0.180084,"X":0.0,"Y":0.0,"Z":0.983651}},"ID":2030190593},{"WCID":1351,"Position":{"ObjCellID":2418278400,"Origin":{"X":128.883,"Y":135.463,"Z":-0.095},"Angles":{"W":0.0611766,"X":0.0,"Y":0.0,"Z":-0.998127}},"ID":2030190594},{"WCID":1351,"Position":{"ObjCellID":2418278400,"Origin":{"X":185.907,"Y":115.499,"Z":-0.095},"Angles":{"W":-0.432028,"X":0.0,"Y":0.0,"Z":-0.90186}},"ID":2030190595}]}