{"Key":36958,"Weenies":[{"WCID":7,"Position":{"ObjCellID":2422079488,"Origin":{"X":74.0017,"Y":73.4893,"Z":14.005},"Angles":{"W":0.999236,"X":0.0,"Y":0.0,"Z":-0.0390777}},"ID":2030428160},{"WCID":7,"Position":{"ObjCellID":2422079488,"Origin":{"X":69.6681,"Y":77.0693,"Z":14.201},"Angles":{"W":0.620366,"X":0.0,"Y":0.0,"Z":-0.784313}},"ID":2030428161},{"WCID":7923,"Position":{"ObjCellID":2422079488,"Origin":{"X":70.1023,"Y":75.7507,"Z":14.1585},"Angles":{"W":0.620366,"X":0.0,"Y":0.0,"Z":-0.784313}},"ID":2030428162}],"Links":[{"Source":2030428160,"Target":2030428162},{"Source":2030428161,"Target":2030428162}]}