{"Key":36985,"Weenies":[{"WCID":3955,"Position":{"ObjCellID":2423848960,"Origin":{"X":176.789,"Y":102.928,"Z":0.00499997},"Angles":{"W":-0.996593,"X":0.0,"Y":0.0,"Z":0.0824771}},"ID":2030538752},{"WCID":7,"Position":{"ObjCellID":2423848960,"Origin":{"X":181.142,"Y":102.341,"Z":0.005},"Angles":{"W":0.932251,"X":0.0,"Y":0.0,"Z":-0.361812}},"ID":2030538753},{"WCID":7,"Position":{"ObjCellID":2423848960,"Origin":{"X":169.395,"Y":106.044,"Z":0.005},"Angles":{"W":0.827642,"X":0.0,"Y":0.0,"Z":-0.561256}},"ID":2030538755}],"Links":[{"Source":2030538753,"Target":2030538752},{"Source":2030538755,"Target":2030538752}]}