{"Key":37074,"Weenies":[{"WCID":7355,"Position":{"ObjCellID":2429681664,"Origin":{"X":153.01,"Y":15.2666,"Z":289.341},"Angles":{"W":-0.776653,"X":0.0,"Y":0.0,"Z":-0.629929}},"ID":2030903296},{"WCID":7354,"Position":{"ObjCellID":2429681664,"Origin":{"X":35.677,"Y":35.958,"Z":278.0},"Angles":{"W":0.708081,"X":0.0,"Y":0.0,"Z":-0.706131}},"ID":2030903297}]}