{"Key":37206,"Weenies":[{"WCID":1026,"Position":{"ObjCellID":2438332416,"Origin":{"X":78.7199,"Y":122.879,"Z":29.4467},"Angles":{"W":-0.999135,"X":0.0,"Y":0.0,"Z":0.0415809}},"ID":2031443968}]}