{"Key":37261,"Weenies":[{"WCID":428,"Position":{"ObjCellID":2441936896,"Origin":{"X":151.2,"Y":37.1,"Z":27.1},"Angles":{"W":0.707107,"X":0.0,"Y":0.0,"Z":-0.707107}},"ID":2031669248}]}