{"Key":37267,"Weenies":[{"WCID":436,"Position":{"ObjCellID":2442330112,"Origin":{"X":165.8,"Y":166.7,"Z":224.0},"Angles":{"W":0.942641,"X":0.0,"Y":0.0,"Z":-0.333807}},"ID":2031693824},{"WCID":437,"Position":{"ObjCellID":2442330112,"Origin":{"X":28.0,"Y":1.2,"Z":224.0},"Angles":{"W":-0.358368,"X":0.0,"Y":0.0,"Z":-0.93358}},"ID":2031693825}]}