{"Key":37412,"Weenies":[{"WCID":509,"Position":{"ObjCellID":2451832832,"Origin":{"X":62.39,"Y":105.068,"Z":88.7607},"Angles":{"W":-0.993331,"X":0.0,"Y":0.0,"Z":-0.115296}},"ID":2032287744}]}