{"Key":37441,"Weenies":[{"WCID":6395,"Position":{"ObjCellID":2453733376,"Origin":{"X":26.5834,"Y":42.0622,"Z":39.937},"Angles":{"W":-0.999141,"X":0.0,"Y":0.0,"Z":-0.0414381}},"ID":2032406528},{"WCID":1351,"Position":{"ObjCellID":2453733376,"Origin":{"X":22.986,"Y":40.5415,"Z":40.005},"Angles":{"W":-0.998242,"X":0.0,"Y":0.0,"Z":-0.0592615}},"ID":2032406529}]}