{"Key":37528,"Weenies":[{"WCID":433,"Position":{"ObjCellID":2459435008,"Origin":{"X":44.339,"Y":141.7,"Z":36.005},"Angles":{"W":0.939693,"X":0.0,"Y":0.0,"Z":-0.34202}},"ID":2032762880}]}