{"Key":37587,"Weenies":[{"WCID":6395,"Position":{"ObjCellID":2463301632,"Origin":{"X":35.1535,"Y":11.4737,"Z":644.697},"Angles":{"W":-0.677955,"X":0.0,"Y":0.0,"Z":-0.735104}},"ID":2033004544}]}