{"Key":37589,"Weenies":[{"WCID":5865,"Position":{"ObjCellID":2463432704,"Origin":{"X":102.337,"Y":185.552,"Z":300.581},"Angles":{"W":-0.921586,"X":0.0,"Y":0.0,"Z":-0.388174}},"ID":2033012736},{"WCID":5888,"Position":{"ObjCellID":2463432704,"Origin":{"X":104.115,"Y":184.878,"Z":300.716},"Angles":{"W":-0.676103,"X":0.0,"Y":0.0,"Z":-0.736807}},"ID":2033012737}]}