{"Key":37719,"Weenies":[{"WCID":4929,"Position":{"ObjCellID":2471952642,"Origin":{"X":45.423,"Y":132.0,"Z":34.805},"Angles":{"W":0.707107,"X":0.0,"Y":0.0,"Z":-0.707107}},"ID":2033545216}]}