{"Key":37754,"Weenies":[{"WCID":509,"Position":{"ObjCellID":2474246144,"Origin":{"X":65.2787,"Y":19.7839,"Z":20.005},"Angles":{"W":-0.847727,"X":0.0,"Y":0.0,"Z":0.530433}},"ID":2033688576}]}