{"Key":37755,"Weenies":[{"WCID":5388,"Position":{"ObjCellID":2474311680,"Origin":{"X":84.0,"Y":12.0,"Z":60.005},"Angles":{"W":-0.382683,"X":0.0,"Y":0.0,"Z":-0.92388}},"ID":2033692672}]}