{"Key":37756,"Weenies":[{"WCID":9322,"Position":{"ObjCellID":2474377216,"Origin":{"X":177.777,"Y":50.028,"Z":36.005},"Angles":{"W":0.693267,"X":0.0,"Y":0.0,"Z":0.720681}},"ID":2033696768}]}