{"Key":37781,"Weenies":[{"WCID":373,"Position":{"ObjCellID":2476015616,"Origin":{"X":82.5,"Y":137.0,"Z":106.9},"Angles":{"W":0.292372,"X":0.0,"Y":0.0,"Z":-0.956305}},"ID":2033799168},{"WCID":375,"Position":{"ObjCellID":2476015616,"Origin":{"X":102.368,"Y":65.4781,"Z":224.0},"Angles":{"W":0.275637,"X":0.0,"Y":0.0,"Z":-0.961262}},"ID":2033799169},{"WCID":435,"Position":{"ObjCellID":2476015616,"Origin":{"X":76.2,"Y":1.7,"Z":224.0},"Angles":{"W":-0.317305,"X":0.0,"Y":0.0,"Z":-0.948324}},"ID":2033799170}]}