{"Key":37976,"Weenies":[{"WCID":5385,"Position":{"ObjCellID":2488795136,"Origin":{"X":155.792,"Y":180.04,"Z":24.06},"Angles":{"W":-0.707107,"X":0.0,"Y":0.0,"Z":-0.707107}},"ID":2034597888}]}