{"Key":38039,"Weenies":[{"WCID":434,"Position":{"ObjCellID":2492923904,"Origin":{"X":105.6,"Y":165.9,"Z":108.8},"Angles":{"W":-0.725375,"X":0.0,"Y":0.0,"Z":-0.688354}},"ID":2034855936}]}