{"Key":38097,"Weenies":[{"WCID":4910,"Position":{"ObjCellID":2496725248,"Origin":{"X":44.491,"Y":52.316,"Z":210.811},"Angles":{"W":-0.939693,"X":0.0,"Y":0.0,"Z":-0.34202}},"ID":2035093504}]}