{"Key":38209,"Weenies":[{"WCID":25494,"Position":{"ObjCellID":2504065024,"Origin":{"X":164.166,"Y":164.346,"Z":40.005},"Angles":{"W":-0.934557,"X":0.0,"Y":0.0,"Z":0.355814}},"ID":2035552256}]}