{"Key":38258,"Weenies":[{"WCID":12148,"Position":{"ObjCellID":2507276288,"Origin":{"X":60.2935,"Y":129.85,"Z":157.184},"Angles":{"W":-0.711855,"X":0.0,"Y":0.0,"Z":-0.702326}},"ID":2035752960}]}