{"Key":38266,"Weenies":[{"WCID":1325,"Position":{"ObjCellID":2507800576,"Origin":{"X":16.9,"Y":37.2,"Z":20.1},"Angles":{"W":0.052336,"X":0.0,"Y":0.0,"Z":-0.99863}},"ID":2035785728},{"WCID":1388,"Position":{"ObjCellID":2507800576,"Origin":{"X":17.0256,"Y":51.7483,"Z":20.005},"Angles":{"W":0.443356,"X":0.0,"Y":0.0,"Z":0.896346}},"ID":2035785729}]}