{"Key":38269,"Weenies":[{"WCID":954,"Position":{"ObjCellID":2507997184,"Origin":{"X":75.0859,"Y":118.214,"Z":20.9047},"Angles":{"W":0.417547,"X":0.0,"Y":0.0,"Z":-0.908655}},"ID":2035798016},{"WCID":381,"Position":{"ObjCellID":2507997184,"Origin":{"X":99.5871,"Y":111.334,"Z":20.005},"Angles":{"W":0.893653,"X":0.0,"Y":0.0,"Z":-0.448758}},"ID":2035798017},{"WCID":893,"Position":{"ObjCellID":2507997184,"Origin":{"X":83.7586,"Y":121.46,"Z":20.6167},"Angles":{"W":0.352914,"X":0.0,"Y":0.0,"Z":-0.935656}},"ID":2035798018}]}