{"Key":38296,"Weenies":[{"WCID":432,"Position":{"ObjCellID":2509766656,"Origin":{"X":142.287,"Y":18.0833,"Z":224.005},"Angles":{"W":0.929191,"X":0.0,"Y":0.0,"Z":-0.369599}},"ID":2035908608}]}