{"Key":38435,"Weenies":[{"WCID":1019,"Position":{"ObjCellID":2518876160,"Origin":{"X":19.1,"Y":181.6,"Z":96.0},"Angles":{"W":-0.92388,"X":0.0,"Y":0.0,"Z":-0.382683}},"ID":2036477952},{"WCID":509,"Position":{"ObjCellID":2518876160,"Origin":{"X":11.6267,"Y":161.083,"Z":95.4303},"Angles":{"W":-0.567318,"X":0.0,"Y":0.0,"Z":0.823499}},"ID":2036477953}]}