{"Key":38439,"Weenies":[{"WCID":1154,"Position":{"ObjCellID":2519138304,"Origin":{"X":19.5441,"Y":17.5385,"Z":221.507},"Angles":{"W":0.0902202,"X":0.0,"Y":0.0,"Z":0.995922}},"ID":2036494336},{"WCID":24942,"Position":{"ObjCellID":2519138304,"Origin":{"X":22.1371,"Y":18.0663,"Z":222.261},"Angles":{"W":0.0902202,"X":0.0,"Y":0.0,"Z":0.995922}},"ID":2036494337},{"WCID":24942,"Position":{"ObjCellID":2519138304,"Origin":{"X":14.8917,"Y":18.288,"Z":222.32},"Angles":{"W":0.0902202,"X":0.0,"Y":0.0,"Z":0.995922}},"ID":2036494338}],"Links":[{"Source":2036494337,"Target":2036494336},{"Source":2036494338,"Target":2036494336}]}