{"Key":38523,"Weenies":[{"WCID":412,"Position":{"ObjCellID":2524643589,"Origin":{"X":157.76,"Y":107.05,"Z":20.01},"Angles":{"W":-0.707107,"X":0.0,"Y":0.0,"Z":-0.707107}},"ID":2036838400}]}