{"Key":38524,"Weenies":[{"WCID":174,"Position":{"ObjCellID":2524708864,"Origin":{"X":182.989,"Y":10.102,"Z":20.005},"Angles":{"W":-0.724416,"X":0.0,"Y":0.0,"Z":-0.689363}},"ID":2036842496},{"WCID":1403,"Position":{"ObjCellID":2524708864,"Origin":{"X":181.6,"Y":19.2492,"Z":20.005},"Angles":{"W":-0.147679,"X":0.0,"Y":0.0,"Z":0.989035}},"ID":2036842497}]}