{"Key":38525,"Weenies":[{"WCID":1020,"Position":{"ObjCellID":2524774400,"Origin":{"X":83.7214,"Y":92.0664,"Z":20.005},"Angles":{"W":0.382683,"X":0.0,"Y":0.0,"Z":-0.92388}},"ID":2036846592}]}