{"Key":38553,"Weenies":[{"WCID":509,"Position":{"ObjCellID":2526609408,"Origin":{"X":138.622,"Y":122.379,"Z":224.005},"Angles":{"W":0.999854,"X":0.0,"Y":0.0,"Z":0.0171045}},"ID":2036961280},{"WCID":431,"Position":{"ObjCellID":2526609408,"Origin":{"X":99.0,"Y":73.2,"Z":224.0},"Angles":{"W":-0.258819,"X":0.0,"Y":0.0,"Z":-0.965926}},"ID":2036961281},{"WCID":370,"Position":{"ObjCellID":2526609408,"Origin":{"X":101.9,"Y":166.1,"Z":224.0},"Angles":{"W":-0.819152,"X":0.0,"Y":0.0,"Z":-0.573576}},"ID":2036961282}]}