{"Key":38620,"Weenies":[{"WCID":5667,"Position":{"ObjCellID":2531000320,"Origin":{"X":106.294,"Y":160.204,"Z":302.386},"Angles":{"W":-0.551937,"X":0.0,"Y":0.0,"Z":-0.833886}},"ID":2037235712}]}