{"Key":38694,"Weenies":[{"WCID":1592,"Position":{"ObjCellID":2535849984,"Origin":{"X":38.723,"Y":74.0666,"Z":140.856},"Angles":{"W":-0.320406,"X":0.0,"Y":0.0,"Z":-0.94728}},"ID":2037538816}]}