{"Key":38751,"Weenies":[{"WCID":8367,"Position":{"ObjCellID":2539585536,"Origin":{"X":127.542,"Y":171.646,"Z":8.63348},"Angles":{"W":0.715596,"X":0.0,"Y":0.0,"Z":-0.698514}},"ID":2037772288}]}