{"Key":38780,"Weenies":[{"WCID":1109,"Position":{"ObjCellID":2541486080,"Origin":{"X":10.2763,"Y":85.6773,"Z":5.14359},"Angles":{"W":0.382683,"X":0.0,"Y":0.0,"Z":-0.92388}},"ID":2037891072}]}