{"Key":38810,"Weenies":[{"WCID":368,"Position":{"ObjCellID":2543452160,"Origin":{"X":142.611,"Y":111.287,"Z":41.4079},"Angles":{"W":0.18678,"X":0.0,"Y":0.0,"Z":0.982402}},"ID":2038013952}]}