{"Key":38936,"Weenies":[{"WCID":6114,"Position":{"ObjCellID":2551709696,"Origin":{"X":52.1159,"Y":86.9603,"Z":340.76},"Angles":{"W":0.656579,"X":0.0,"Y":0.0,"Z":0.754257}},"ID":2038530048}]}