{"Key":38938,"Weenies":[{"WCID":1388,"Position":{"ObjCellID":2551840768,"Origin":{"X":14.9802,"Y":101.743,"Z":274.005},"Angles":{"W":0.32716,"X":0.0,"Y":0.0,"Z":0.944969}},"ID":2038538240},{"WCID":1385,"Position":{"ObjCellID":2551840768,"Origin":{"X":7.42839,"Y":116.695,"Z":274.005},"Angles":{"W":-0.904073,"X":0.0,"Y":0.0,"Z":-0.427378}},"ID":2038538241}]}