{"Key":38947,"Weenies":[{"WCID":509,"Position":{"ObjCellID":2552430592,"Origin":{"X":154.736,"Y":177.799,"Z":80.9013},"Angles":{"W":-0.997979,"X":0.0,"Y":0.0,"Z":-0.0635514}},"ID":2038575104}]}