{"Key":38977,"Weenies":[{"WCID":6441,"Position":{"ObjCellID":2554396928,"Origin":{"X":153.7,"Y":33.4822,"Z":106.005},"Angles":{"W":0.750408,"X":0.0,"Y":0.0,"Z":0.660974}},"ID":2038697984}]}