{"Key":39007,"Weenies":[{"WCID":3955,"Position":{"ObjCellID":2556362752,"Origin":{"X":167.798,"Y":100.75,"Z":10.0235},"Angles":{"W":-0.932394,"X":0.0,"Y":0.0,"Z":-0.361444}},"ID":2038820864},{"WCID":1759,"Position":{"ObjCellID":2556362752,"Origin":{"X":166.974,"Y":103.975,"Z":10.0922},"Angles":{"W":0.0614807,"X":0.0,"Y":0.0,"Z":-0.998108}},"ID":2038820865},{"WCID":1759,"Position":{"ObjCellID":2556362752,"Origin":{"X":167.487,"Y":98.341,"Z":10.0494},"Angles":{"W":-0.413214,"X":0.0,"Y":0.0,"Z":-0.910634}},"ID":2038820866}],"Links":[{"Source":2038820866,"Target":2038820864},{"Source":2038820865,"Target":2038820864}]}