{"Key":39033,"Weenies":[{"WCID":394,"Position":{"ObjCellID":2558066688,"Origin":{"X":50.0648,"Y":172.063,"Z":28.005},"Angles":{"W":0.721144,"X":0.0,"Y":0.0,"Z":-0.692785}},"ID":2038927360},{"WCID":422,"Position":{"ObjCellID":2558066688,"Origin":{"X":50.9531,"Y":164.798,"Z":28.005},"Angles":{"W":0.657001,"X":0.0,"Y":0.0,"Z":-0.753889}},"ID":2038927361}]}