{"Key":39035,"Weenies":[{"WCID":6104,"Position":{"ObjCellID":2558198017,"Origin":{"X":14.1003,"Y":177.717,"Z":2.005},"Angles":{"W":-0.928406,"X":0.0,"Y":0.0,"Z":0.371568}},"ID":2038935555},{"WCID":1109,"Position":{"ObjCellID":2558197760,"Origin":{"X":41.6352,"Y":128.017,"Z":0.005},"Angles":{"W":0.382683,"X":0.0,"Y":0.0,"Z":-0.92388}},"ID":2038935552},{"WCID":794,"Position":{"ObjCellID":2558197760,"Origin":{"X":10.689,"Y":60.7519,"Z":1.4495},"Angles":{"W":0.0835217,"X":0.0,"Y":0.0,"Z":0.996506}},"ID":2038935553},{"WCID":27547,"Position":{"ObjCellID":2558197760,"Origin":{"X":17.0359,"Y":167.747,"Z":0.005},"Angles":{"W":0.808915,"X":0.0,"Y":0.0,"Z":-0.587926}},"ID":2038935554}]}