{"Key":39036,"Weenies":[{"WCID":906,"Position":{"ObjCellID":2558263296,"Origin":{"X":179.219,"Y":11.1588,"Z":20.005},"Angles":{"W":0.978174,"X":0.0,"Y":0.0,"Z":-0.207787}},"ID":2038939648},{"WCID":1403,"Position":{"ObjCellID":2558263296,"Origin":{"X":179.373,"Y":13.5148,"Z":20.005},"Angles":{"W":0.948664,"X":0.0,"Y":0.0,"Z":-0.316286}},"ID":2038939649},{"WCID":27266,"Position":{"ObjCellID":2558263296,"Origin":{"X":63.8769,"Y":28.2551,"Z":0.005},"Angles":{"W":0.764511,"X":0.0,"Y":0.0,"Z":0.64461}},"ID":2038939650},{"WCID":7923,"Position":{"ObjCellID":2558263296,"Origin":{"X":65.4511,"Y":28.607,"Z":0.005},"Angles":{"W":-0.441098,"X":0.0,"Y":0.0,"Z":-0.897459}},"ID":2038939651}],"Links":[{"Source":2038939650,"Target":2038939651}]}