{"Key":39037,"Weenies":[{"WCID":1123,"Position":{"ObjCellID":2558328832,"Origin":{"X":29.4224,"Y":4.10697,"Z":36.0},"Angles":{"W":-0.456903,"X":0.0,"Y":0.0,"Z":-0.889516}},"ID":2038943744}]}