{"Key":39078,"Weenies":[{"WCID":1390,"Position":{"ObjCellID":2561016064,"Origin":{"X":31.1279,"Y":87.8947,"Z":76.0955},"Angles":{"W":0.994004,"X":0.0,"Y":0.0,"Z":-0.109344}},"ID":2039111682},{"WCID":412,"Position":{"ObjCellID":2561015808,"Origin":{"X":31.7201,"Y":92.7689,"Z":76.0905},"Angles":{"W":-0.0012006,"X":0.0,"Y":0.0,"Z":-0.999999}},"ID":2039111680},{"WCID":412,"Position":{"ObjCellID":2561015808,"Origin":{"X":27.4352,"Y":88.6542,"Z":76.0905},"Angles":{"W":0.706257,"X":0.0,"Y":0.0,"Z":-0.707955}},"ID":2039111681},{"WCID":174,"Position":{"ObjCellID":2561015808,"Origin":{"X":17.6098,"Y":94.9732,"Z":76.0},"Angles":{"W":0.555384,"X":0.0,"Y":0.0,"Z":-0.831594}},"ID":2039111683}]}