{"Key":39083,"Weenies":[{"WCID":1351,"Position":{"ObjCellID":2561343488,"Origin":{"X":76.5338,"Y":33.8037,"Z":83.9269},"Angles":{"W":0.561765,"X":0.0,"Y":0.0,"Z":-0.827297}},"ID":2039132160},{"WCID":6389,"Position":{"ObjCellID":2561343488,"Origin":{"X":79.2693,"Y":34.2674,"Z":84.0097},"Angles":{"W":-0.138364,"X":0.0,"Y":0.0,"Z":-0.990381}},"ID":2039132161}]}