{"Key":39121,"Weenies":[{"WCID":390,"Position":{"ObjCellID":2563833856,"Origin":{"X":153.851,"Y":44.4053,"Z":97.3205},"Angles":{"W":0.327804,"X":0.0,"Y":0.0,"Z":0.944746}},"ID":2039287808},{"WCID":909,"Position":{"ObjCellID":2563833856,"Origin":{"X":149.291,"Y":37.9656,"Z":99.9137},"Angles":{"W":0.679058,"X":0.0,"Y":0.0,"Z":0.734085}},"ID":2039287809},{"WCID":909,"Position":{"ObjCellID":2563833856,"Origin":{"X":157.822,"Y":69.5482,"Z":93.8007},"Angles":{"W":0.877255,"X":0.0,"Y":0.0,"Z":-0.480024}},"ID":2039287810},{"WCID":390,"Position":{"ObjCellID":2563833856,"Origin":{"X":162.56,"Y":75.7278,"Z":94.3156},"Angles":{"W":0.992282,"X":0.0,"Y":0.0,"Z":0.123998}},"ID":2039287811}]}