{"Key":39200,"Weenies":[{"WCID":509,"Position":{"ObjCellID":2569011200,"Origin":{"X":175.051,"Y":135.901,"Z":130.005},"Angles":{"W":0.995694,"X":0.0,"Y":0.0,"Z":-0.0926999}},"ID":2039611392}]}