{"Key":39290,"Weenies":[{"WCID":4783,"Position":{"ObjCellID":2574909697,"Origin":{"X":34.204,"Y":133.26,"Z":27.705},"Angles":{"W":0.978387,"X":0.0,"Y":0.0,"Z":-0.206784}},"ID":2039980032}]}