{"Key":39291,"Weenies":[{"WCID":2088,"Position":{"ObjCellID":2574974976,"Origin":{"X":12.3986,"Y":68.9923,"Z":20.005},"Angles":{"W":0.780894,"X":0.0,"Y":0.0,"Z":0.624664}},"ID":2039984128}]}