{"Key":39334,"Weenies":[{"WCID":5604,"Position":{"ObjCellID":2577793024,"Origin":{"X":70.1864,"Y":154.234,"Z":52.005},"Angles":{"W":0.886427,"X":0.0,"Y":0.0,"Z":0.462868}},"ID":2040160256}]}