{"Key":39494,"Weenies":[{"WCID":5507,"Position":{"ObjCellID":2588278784,"Origin":{"X":92.462,"Y":86.5076,"Z":10.005},"Angles":{"W":0.866874,"X":0.0,"Y":0.0,"Z":0.498527}},"ID":2040815616}]}