{"Key":39550,"Weenies":[{"WCID":1349,"Position":{"ObjCellID":2591948800,"Origin":{"X":173.045,"Y":94.7526,"Z":-0.445},"Angles":{"W":0.978467,"X":0.0,"Y":0.0,"Z":-0.206404}},"ID":2041044992},{"WCID":4020,"Position":{"ObjCellID":2591948800,"Origin":{"X":176.977,"Y":96.7014,"Z":-0.445},"Angles":{"W":0.132027,"X":0.0,"Y":0.0,"Z":-0.991246}},"ID":2041044993},{"WCID":1349,"Position":{"ObjCellID":2591948800,"Origin":{"X":168.35,"Y":98.0046,"Z":-0.445},"Angles":{"W":0.82085,"X":0.0,"Y":0.0,"Z":-0.571143}},"ID":2041044994},{"WCID":1349,"Position":{"ObjCellID":2591948800,"Origin":{"X":181.494,"Y":99.198,"Z":-0.445},"Angles":{"W":0.910572,"X":0.0,"Y":0.0,"Z":0.413351}},"ID":2041044995}]}