{"Key":39659,"Weenies":[{"WCID":2246,"Position":{"ObjCellID":2599092482,"Origin":{"X":86.2299,"Y":131.235,"Z":19.205},"Angles":{"W":-0.885898,"X":0.0,"Y":0.0,"Z":-0.463881}},"ID":2041491457},{"WCID":412,"Position":{"ObjCellID":2599092224,"Origin":{"X":82.4022,"Y":133.949,"Z":20.0},"Angles":{"W":0.336683,"X":0.0,"Y":0.0,"Z":-0.941618}},"ID":2041491456},{"WCID":6441,"Position":{"ObjCellID":2599092224,"Origin":{"X":88.2309,"Y":130.8,"Z":20.005},"Angles":{"W":-0.869136,"X":0.0,"Y":0.0,"Z":-0.494574}},"ID":2041491458}]}