{"Key":39781,"Weenies":[{"WCID":1148,"Position":{"ObjCellID":2607087872,"Origin":{"X":108.025,"Y":84.0,"Z":27.205},"Angles":{"W":0.707107,"X":0.0,"Y":0.0,"Z":0.707107}},"ID":2041991168},{"WCID":29957,"Position":{"ObjCellID":2607087881,"Origin":{"X":115.156,"Y":87.9843,"Z":28.4022},"Angles":{"W":0.647058,"X":0.0,"Y":0.0,"Z":-0.762441}},"ID":2041991169},{"WCID":7923,"Position":{"ObjCellID":2607087881,"Origin":{"X":114.074,"Y":92.5842,"Z":27.205},"Angles":{"W":-0.678913,"X":0.0,"Y":0.0,"Z":-0.734219}},"ID":2041991170}],"Links":[{"Source":2041991169,"Target":2041991170}]}