{"Key":39988,"Weenies":[{"WCID":387,"Position":{"ObjCellID":2620653568,"Origin":{"X":31.422,"Y":186.462,"Z":98.7805},"Angles":{"W":-0.192058,"X":0.0,"Y":0.0,"Z":0.981384}},"ID":2042839040},{"WCID":387,"Position":{"ObjCellID":2620653568,"Origin":{"X":35.5856,"Y":175.598,"Z":98.9014},"Angles":{"W":0.730628,"X":0.0,"Y":0.0,"Z":0.682775}},"ID":2042839041},{"WCID":387,"Position":{"ObjCellID":2620653568,"Origin":{"X":30.254,"Y":174.616,"Z":97.5986},"Angles":{"W":0.969296,"X":0.0,"Y":0.0,"Z":-0.245897}},"ID":2042839042},{"WCID":387,"Position":{"ObjCellID":2620653568,"Origin":{"X":28.0299,"Y":175.822,"Z":97.3285},"Angles":{"W":0.969296,"X":0.0,"Y":0.0,"Z":-0.245897}},"ID":2042839043}]}