{"Key":39989,"Weenies":[{"WCID":387,"Position":{"ObjCellID":2620719104,"Origin":{"X":35.7226,"Y":6.18793,"Z":99.9588},"Angles":{"W":-0.807627,"X":0.0,"Y":0.0,"Z":-0.589693}},"ID":2042843136},{"WCID":387,"Position":{"ObjCellID":2620719104,"Origin":{"X":30.7053,"Y":8.05149,"Z":99.1226},"Angles":{"W":-0.451333,"X":0.0,"Y":0.0,"Z":0.892356}},"ID":2042843137},{"WCID":387,"Position":{"ObjCellID":2620719104,"Origin":{"X":33.4757,"Y":9.22318,"Z":99.5843},"Angles":{"W":-0.21653,"X":0.0,"Y":0.0,"Z":0.976276}},"ID":2042843138},{"WCID":894,"Position":{"ObjCellID":2620719104,"Origin":{"X":11.7108,"Y":59.3029,"Z":99.971},"Angles":{"W":-0.924576,"X":0.0,"Y":0.0,"Z":-0.380997}},"ID":2042843139}]}