{"Key":40003,"Weenies":[{"WCID":509,"Position":{"ObjCellID":2621636608,"Origin":{"X":74.736,"Y":67.3363,"Z":112.425},"Angles":{"W":-0.950455,"X":0.0,"Y":0.0,"Z":-0.310862}},"ID":2042900480}]}