{"Key":40057,"Weenies":[{"WCID":1388,"Position":{"ObjCellID":2625175809,"Origin":{"X":155.253,"Y":158.795,"Z":23.705},"Angles":{"W":0.994244,"X":0.0,"Y":0.0,"Z":0.107137}},"ID":2043121665},{"WCID":509,"Position":{"ObjCellID":2625175552,"Origin":{"X":157.008,"Y":174.992,"Z":23.424},"Angles":{"W":0.813969,"X":0.0,"Y":0.0,"Z":0.580908}},"ID":2043121664}]}