{"Key":40259,"Weenies":[{"WCID":6097,"Position":{"ObjCellID":2638414081,"Origin":{"X":174.939,"Y":31.0482,"Z":42.005},"Angles":{"W":0.578378,"X":0.0,"Y":0.0,"Z":0.815769}},"ID":2043949057},{"WCID":27547,"Position":{"ObjCellID":2638413824,"Origin":{"X":187.625,"Y":44.1554,"Z":40.005},"Angles":{"W":0.883035,"X":0.0,"Y":0.0,"Z":-0.469308}},"ID":2043949056}]}