{"Key":40275,"Weenies":[{"WCID":7616,"Position":{"ObjCellID":2639462400,"Origin":{"X":28.8964,"Y":95.3367,"Z":120.005},"Angles":{"W":0.739611,"X":0.0,"Y":0.0,"Z":-0.673034}},"ID":2044014592}]}