{"Key":40325,"Weenies":[{"WCID":7923,"Position":{"ObjCellID":2642739456,"Origin":{"X":33.0506,"Y":106.592,"Z":47.705},"Angles":{"W":0.790687,"X":0.0,"Y":0.0,"Z":-0.61222}},"ID":2044219392},{"WCID":25485,"Position":{"ObjCellID":2642739456,"Origin":{"X":33.4445,"Y":108.384,"Z":47.705},"Angles":{"W":0.245566,"X":0.0,"Y":0.0,"Z":-0.96938}},"ID":2044219393}],"Links":[{"Source":2044219393,"Target":2044219392}]}