{"Key":40360,"Weenies":[{"WCID":3955,"Position":{"ObjCellID":2645032960,"Origin":{"X":68.8175,"Y":183.299,"Z":152.005},"Angles":{"W":0.859183,"X":0.0,"Y":0.0,"Z":-0.511669}},"ID":2044362752},{"WCID":6,"Position":{"ObjCellID":2645032960,"Origin":{"X":77.7375,"Y":181.624,"Z":152.01},"Angles":{"W":-0.202148,"X":0.0,"Y":0.0,"Z":-0.979355}},"ID":2044362753}],"Links":[{"Source":2044362753,"Target":2044362752}]}