{"Key":40386,"Weenies":[{"WCID":412,"Position":{"ObjCellID":2646736896,"Origin":{"X":108.0,"Y":105.48,"Z":28.0},"Angles":{"W":1.0,"X":0.0,"Y":0.0,"Z":0.0}},"ID":2044469248},{"WCID":509,"Position":{"ObjCellID":2646736896,"Origin":{"X":121.452,"Y":90.6454,"Z":27.905},"Angles":{"W":-0.514882,"X":0.0,"Y":0.0,"Z":0.857261}},"ID":2044469249},{"WCID":1390,"Position":{"ObjCellID":2646736896,"Origin":{"X":102.547,"Y":103.873,"Z":28.005},"Angles":{"W":0.756343,"X":0.0,"Y":0.0,"Z":-0.654175}},"ID":2044469250}]}