{"Key":40521,"Weenies":[{"WCID":5509,"Position":{"ObjCellID":2655584256,"Origin":{"X":55.6501,"Y":110.607,"Z":84.6441},"Angles":{"W":-0.794051,"X":0.0,"Y":0.0,"Z":-0.607852}},"ID":2045022208}]}