{"Key":40536,"Weenies":[{"WCID":153,"Position":{"ObjCellID":2656567296,"Origin":{"X":67.79,"Y":137.034,"Z":40.005},"Angles":{"W":-4.37114E-08,"X":0.0,"Y":0.0,"Z":-1.0}},"ID":2045083648},{"WCID":1391,"Position":{"ObjCellID":2656567296,"Origin":{"X":66.2042,"Y":130.001,"Z":40.005},"Angles":{"W":0.921945,"X":0.0,"Y":0.0,"Z":-0.387321}},"ID":2045083649}]}