{"Key":40569,"Weenies":[{"WCID":794,"Position":{"ObjCellID":2658729984,"Origin":{"X":146.568,"Y":59.138,"Z":26.005},"Angles":{"W":-0.901249,"X":0.0,"Y":0.0,"Z":0.433301}},"ID":2045218816},{"WCID":1760,"Position":{"ObjCellID":2658729984,"Origin":{"X":146.059,"Y":58.864,"Z":26.005},"Angles":{"W":-0.931183,"X":0.0,"Y":0.0,"Z":0.364552}},"ID":2045218817},{"WCID":1154,"Position":{"ObjCellID":2658729984,"Origin":{"X":146.029,"Y":60.5156,"Z":26.005},"Angles":{"W":-0.866249,"X":0.0,"Y":0.0,"Z":0.499613}},"ID":2045218818},{"WCID":152,"Position":{"ObjCellID":2658729984,"Origin":{"X":148.891,"Y":60.5195,"Z":26.005},"Angles":{"W":1.0,"X":0.0,"Y":0.0,"Z":0.0}},"ID":2045218819}],"Links":[{"Source":2045218817,"Target":2045218818}]}