{"Key":40610,"Weenies":[{"WCID":24068,"Position":{"ObjCellID":2661417216,"Origin":{"X":61.5054,"Y":31.1707,"Z":136.005},"Angles":{"W":-0.9981,"X":0.0,"Y":0.0,"Z":-0.0616149}},"ID":2045386754},{"WCID":7923,"Position":{"ObjCellID":2661417216,"Origin":{"X":61.0832,"Y":32.3888,"Z":136.005},"Angles":{"W":0.0395629,"X":0.0,"Y":0.0,"Z":0.999217}},"ID":2045386755},{"WCID":412,"Position":{"ObjCellID":2661416960,"Origin":{"X":64.6792,"Y":31.7698,"Z":136.0},"Angles":{"W":-0.876674,"X":0.0,"Y":0.0,"Z":-0.481084}},"ID":2045386752},{"WCID":412,"Position":{"ObjCellID":2661416960,"Origin":{"X":63.4959,"Y":37.5914,"Z":136.0},"Angles":{"W":-0.279725,"X":0.0,"Y":0.0,"Z":-0.96008}},"ID":2045386753}],"Links":[{"Source":2045386754,"Target":2045386755}]}