{"Key":40639,"Weenies":[{"WCID":903,"Position":{"ObjCellID":2663317504,"Origin":{"X":80.0302,"Y":179.632,"Z":27.905},"Angles":{"W":-0.658873,"X":0.0,"Y":0.0,"Z":0.752254}},"ID":2045505536},{"WCID":903,"Position":{"ObjCellID":2663317504,"Origin":{"X":80.4611,"Y":174.125,"Z":27.905},"Angles":{"W":-0.0692644,"X":0.0,"Y":0.0,"Z":0.997598}},"ID":2045505537},{"WCID":903,"Position":{"ObjCellID":2663317504,"Origin":{"X":80.3593,"Y":165.163,"Z":27.905},"Angles":{"W":-0.730682,"X":0.0,"Y":0.0,"Z":0.682718}},"ID":2045505538},{"WCID":903,"Position":{"ObjCellID":2663317504,"Origin":{"X":88.2598,"Y":152.567,"Z":27.905},"Angles":{"W":0.336483,"X":0.0,"Y":0.0,"Z":0.941689}},"ID":2045505539}]}