{"Key":40640,"Weenies":[{"WCID":903,"Position":{"ObjCellID":2663383040,"Origin":{"X":90.275,"Y":16.6264,"Z":27.905},"Angles":{"W":0.203121,"X":0.0,"Y":0.0,"Z":0.979154}},"ID":2045509632},{"WCID":903,"Position":{"ObjCellID":2663383040,"Origin":{"X":86.9429,"Y":13.0661,"Z":27.905},"Angles":{"W":0.227533,"X":0.0,"Y":0.0,"Z":0.97377}},"ID":2045509633}]}