{"Key":40646,"Weenies":[{"WCID":553,"Position":{"ObjCellID":2663776256,"Origin":{"X":175.153,"Y":37.1922,"Z":29.1971},"Angles":{"W":0.402044,"X":0.0,"Y":0.0,"Z":0.91562}},"ID":2045534208},{"WCID":1986,"Position":{"ObjCellID":2663776256,"Origin":{"X":175.153,"Y":37.1922,"Z":29.699},"Angles":{"W":0.800329,"X":0.0,"Y":0.0,"Z":-0.599561}},"ID":2045534209},{"WCID":1154,"Position":{"ObjCellID":2663776256,"Origin":{"X":174.373,"Y":32.4717,"Z":29.0672},"Angles":{"W":-0.931005,"X":0.0,"Y":0.0,"Z":-0.365007}},"ID":2045534210}],"Links":[{"Source":2045534209,"Target":2045534210}]}