{"Key":40665,"Weenies":[{"WCID":24104,"Position":{"ObjCellID":2665021440,"Origin":{"X":163.91,"Y":28.7615,"Z":53.0483},"Angles":{"W":0.999936,"X":0.0,"Y":0.0,"Z":0.0112967}},"ID":2045612032}]}