{"Key":40772,"Weenies":[{"WCID":4668,"Position":{"ObjCellID":2672033792,"Origin":{"X":66.27,"Y":28.433,"Z":31.9},"Angles":{"W":-0.707107,"X":0.0,"Y":0.0,"Z":-0.707107}},"ID":2046050304}]}