{"Key":40871,"Weenies":[{"WCID":1311,"Position":{"ObjCellID":2678521856,"Origin":{"X":65.5266,"Y":43.1032,"Z":68.0},"Angles":{"W":1.0,"X":0.0,"Y":0.0,"Z":0.0}},"ID":2046455808},{"WCID":7923,"Position":{"ObjCellID":2678521856,"Origin":{"X":78.2863,"Y":110.498,"Z":67.4811},"Angles":{"W":-0.456234,"X":0.0,"Y":0.0,"Z":-0.88986}},"ID":2046455809},{"WCID":24158,"Position":{"ObjCellID":2678521856,"Origin":{"X":75.9116,"Y":108.765,"Z":67.6922},"Angles":{"W":-0.456234,"X":0.0,"Y":0.0,"Z":-0.88986}},"ID":2046455810}],"Links":[{"Source":2046455810,"Target":2046455809}]}