{"Key":40995,"Weenies":[{"WCID":7883,"Position":{"ObjCellID":2686648578,"Origin":{"X":176.557,"Y":182.846,"Z":366.005},"Angles":{"W":-0.954131,"X":0.0,"Y":0.0,"Z":-0.29939}},"ID":2046963712}]}