{"Key":41007,"Weenies":[{"WCID":1392,"Position":{"ObjCellID":2687435008,"Origin":{"X":32.8198,"Y":154.538,"Z":62.005},"Angles":{"W":0.636056,"X":0.0,"Y":0.0,"Z":-0.771643}},"ID":2047012865},{"WCID":509,"Position":{"ObjCellID":2687434752,"Origin":{"X":18.6667,"Y":150.573,"Z":62.005},"Angles":{"W":-0.821598,"X":0.0,"Y":0.0,"Z":0.570067}},"ID":2047012866}]}