{"Key":41028,"Weenies":[{"WCID":509,"Position":{"ObjCellID":2688811008,"Origin":{"X":99.9775,"Y":54.1059,"Z":56.7121},"Angles":{"W":-0.0953142,"X":0.0,"Y":0.0,"Z":-0.995447}},"ID":2047098880}]}