{"Key":41055,"Weenies":[{"WCID":509,"Position":{"ObjCellID":2690580480,"Origin":{"X":140.024,"Y":11.7193,"Z":69.3651},"Angles":{"W":0.618684,"X":0.0,"Y":0.0,"Z":-0.78564}},"ID":2047209472}]}