{"Key":41057,"Weenies":[{"WCID":30768,"Position":{"ObjCellID":2690711552,"Origin":{"X":51.195,"Y":170.868,"Z":40.5375},"Angles":{"W":0.997189,"X":0.0,"Y":0.0,"Z":0.0749293}},"ID":2047217664}]}