{"Key":41124,"Weenies":[{"WCID":1307,"Position":{"ObjCellID":2695102464,"Origin":{"X":75.6,"Y":166.0,"Z":68.0},"Angles":{"W":1.0,"X":0.0,"Y":0.0,"Z":0.0}},"ID":2047492096},{"WCID":913,"Position":{"ObjCellID":2695102464,"Origin":{"X":107.307,"Y":114.8,"Z":58.1272},"Angles":{"W":-0.619618,"X":0.0,"Y":0.0,"Z":0.784903}},"ID":2047492097}]}