{"Key":41125,"Weenies":[{"WCID":200,"Position":{"ObjCellID":2695168000,"Origin":{"X":72.2681,"Y":167.981,"Z":133.978},"Angles":{"W":0.12176,"X":0.0,"Y":0.0,"Z":-0.99256}},"ID":2047496192},{"WCID":3955,"Position":{"ObjCellID":2695168000,"Origin":{"X":72.94,"Y":161.088,"Z":131.807},"Angles":{"W":-0.966328,"X":0.0,"Y":0.0,"Z":0.257313}},"ID":2047496193}],"Links":[{"Source":2047496192,"Target":2047496193}]}