{"Key":41139,"Weenies":[{"WCID":7924,"Position":{"ObjCellID":2696085762,"Origin":{"X":64.5935,"Y":32.0175,"Z":75.205},"Angles":{"W":-0.435959,"X":0.0,"Y":0.0,"Z":-0.899966}},"ID":2047553541},{"WCID":1630,"Position":{"ObjCellID":2696085762,"Origin":{"X":62.2363,"Y":32.4963,"Z":75.2075},"Angles":{"W":-0.761412,"X":0.0,"Y":0.0,"Z":0.648268}},"ID":2047553540},{"WCID":22801,"Position":{"ObjCellID":2696085764,"Origin":{"X":65.084,"Y":37.131,"Z":75.205},"Angles":{"W":-0.939693,"X":0.0,"Y":0.0,"Z":-0.34202}},"ID":2047553539},{"WCID":412,"Position":{"ObjCellID":2696085504,"Origin":{"X":62.6462,"Y":36.1343,"Z":76.0},"Angles":{"W":0.33843,"X":0.0,"Y":0.0,"Z":-0.940992}},"ID":2047553536}],"Links":[{"Source":2047553540,"Target":2047553541}]}