{"Key":41281,"Weenies":[{"WCID":5505,"Position":{"ObjCellID":2705391616,"Origin":{"X":15.6445,"Y":129.095,"Z":110.005},"Angles":{"W":-0.173043,"X":0.0,"Y":0.0,"Z":-0.984914}},"ID":2048135168}]}