{"Key":41311,"Weenies":[{"WCID":4204,"Position":{"ObjCellID":2707357696,"Origin":{"X":99.5053,"Y":37.2127,"Z":34.2338},"Angles":{"W":-0.990761,"X":0.0,"Y":0.0,"Z":-0.135621}},"ID":2048258048}]}