{"Key":41313,"Weenies":[{"WCID":509,"Position":{"ObjCellID":2707488768,"Origin":{"X":140.747,"Y":50.8971,"Z":132.005},"Angles":{"W":0.379972,"X":0.0,"Y":0.0,"Z":-0.924998}},"ID":2048266240}]}