{"Key":41345,"Weenies":[{"WCID":884,"Position":{"ObjCellID":2709585920,"Origin":{"X":172.99,"Y":107.496,"Z":45.5892},"Angles":{"W":-0.154374,"X":0.0,"Y":0.0,"Z":0.988012}},"ID":2048397312},{"WCID":884,"Position":{"ObjCellID":2709585920,"Origin":{"X":177.818,"Y":105.694,"Z":45.1972},"Angles":{"W":0.314573,"X":0.0,"Y":0.0,"Z":0.949233}},"ID":2048397313},{"WCID":884,"Position":{"ObjCellID":2709585920,"Origin":{"X":174.997,"Y":97.7366,"Z":45.8603},"Angles":{"W":-0.977768,"X":0.0,"Y":0.0,"Z":0.209689}},"ID":2048397314}]}