{"Key":41379,"Weenies":[{"WCID":13227,"Position":{"ObjCellID":2711814144,"Origin":{"X":165.793,"Y":75.1871,"Z":89.5555},"Angles":{"W":0.904423,"X":0.0,"Y":0.0,"Z":0.426637}},"ID":2048536576}]}