{"Key":41381,"Weenies":[{"WCID":913,"Position":{"ObjCellID":2711945216,"Origin":{"X":114.564,"Y":174.014,"Z":72.5079},"Angles":{"W":-0.12544,"X":0.0,"Y":0.0,"Z":-0.992101}},"ID":2048544768}]}