{"Key":41383,"Weenies":[{"WCID":412,"Position":{"ObjCellID":2712076288,"Origin":{"X":76.6892,"Y":102.783,"Z":64.0},"Angles":{"W":1.0,"X":0.0,"Y":0.0,"Z":0.0}},"ID":2048552960},{"WCID":4779,"Position":{"ObjCellID":2712076288,"Origin":{"X":81.9715,"Y":92.9501,"Z":64.2608},"Angles":{"W":0.922093,"X":0.0,"Y":0.0,"Z":-0.386968}},"ID":2048552961},{"WCID":6441,"Position":{"ObjCellID":2712076288,"Origin":{"X":75.9187,"Y":145.261,"Z":62.2666},"Angles":{"W":0.0700677,"X":0.0,"Y":0.0,"Z":-0.997542}},"ID":2048552962}]}