{"Key":41504,"Weenies":[{"WCID":8401,"Position":{"ObjCellID":2720006144,"Origin":{"X":136.977,"Y":153.826,"Z":320.367},"Angles":{"W":0.0289075,"X":0.0,"Y":0.0,"Z":-0.999582}},"ID":2049048576}]}