{"Key":41515,"Weenies":[{"WCID":1386,"Position":{"ObjCellID":2720727302,"Origin":{"X":120.849,"Y":60.1938,"Z":134.805},"Angles":{"W":0.564881,"X":0.0,"Y":0.0,"Z":-0.825172}},"ID":2049093633},{"WCID":1391,"Position":{"ObjCellID":2720727302,"Origin":{"X":121.339,"Y":57.4574,"Z":134.805},"Angles":{"W":0.990606,"X":0.0,"Y":0.0,"Z":-0.136744}},"ID":2049093634},{"WCID":509,"Position":{"ObjCellID":2720727040,"Origin":{"X":155.769,"Y":60.146,"Z":140.473},"Angles":{"W":0.61943,"X":0.0,"Y":0.0,"Z":-0.785052}},"ID":2049093632}]}