{"Key":41566,"Weenies":[{"WCID":1908,"Position":{"ObjCellID":2724069376,"Origin":{"X":130.834,"Y":131.311,"Z":20.005},"Angles":{"W":0.92388,"X":0.0,"Y":0.0,"Z":-0.382683}},"ID":2049302528}]}