{"Key":41674,"Weenies":[{"WCID":22698,"Position":{"ObjCellID":2731147264,"Origin":{"X":186.042,"Y":34.5873,"Z":110.391},"Angles":{"W":-0.990788,"X":0.0,"Y":0.0,"Z":-0.13542}},"ID":2049744896}]}