{"Key":41760,"Weenies":[{"WCID":6397,"Position":{"ObjCellID":2736783360,"Origin":{"X":127.289,"Y":111.073,"Z":480.005},"Angles":{"W":-0.970989,"X":0.0,"Y":0.0,"Z":-0.239126}},"ID":2050097152}]}