{"Key":41825,"Weenies":[{"WCID":1908,"Position":{"ObjCellID":2741043200,"Origin":{"X":93.8259,"Y":2.48183,"Z":16.393},"Angles":{"W":0.382217,"X":0.0,"Y":0.0,"Z":0.924073}},"ID":2050363392}]}