{"Key":41897,"Weenies":[{"WCID":4158,"Position":{"ObjCellID":2745761792,"Origin":{"X":186.209,"Y":114.735,"Z":69.937},"Angles":{"W":-0.382683,"X":0.0,"Y":0.0,"Z":-0.92388}},"ID":2050658304}]}