{"Key":41961,"Weenies":[{"WCID":509,"Position":{"ObjCellID":2749956096,"Origin":{"X":12.0158,"Y":139.51,"Z":35.3859},"Angles":{"W":-0.532613,"X":0.0,"Y":0.0,"Z":-0.846359}},"ID":2050920448}]}