{"Key":42034,"Weenies":[{"WCID":9508,"Position":{"ObjCellID":2754740224,"Origin":{"X":10.281,"Y":84.7743,"Z":154.134},"Angles":{"W":-0.330282,"X":0.0,"Y":0.0,"Z":0.943882}},"ID":2051219456}]}