{"Key":42077,"Weenies":[{"WCID":5390,"Position":{"ObjCellID":2757558272,"Origin":{"X":84.1336,"Y":41.3185,"Z":26.005},"Angles":{"W":0.370706,"X":0.0,"Y":0.0,"Z":0.92875}},"ID":2051395584}]}