{"Key":42079,"Weenies":[{"WCID":509,"Position":{"ObjCellID":2757689344,"Origin":{"X":161.594,"Y":69.204,"Z":33.4728},"Angles":{"W":0.971878,"X":0.0,"Y":0.0,"Z":-0.235487}},"ID":2051403776}]}