{"Key":42415,"Weenies":[{"WCID":1393,"Position":{"ObjCellID":2779709698,"Origin":{"X":86.6638,"Y":128.937,"Z":44.005},"Angles":{"W":-0.946094,"X":0.0,"Y":0.0,"Z":-0.323891}},"ID":2052780034},{"WCID":412,"Position":{"ObjCellID":2779709440,"Origin":{"X":85.1762,"Y":126.751,"Z":44.0},"Angles":{"W":1.0,"X":0.0,"Y":0.0,"Z":0.0}},"ID":2052780032},{"WCID":412,"Position":{"ObjCellID":2779709440,"Origin":{"X":78.6162,"Y":134.491,"Z":44.0},"Angles":{"W":0.703395,"X":0.0,"Y":0.0,"Z":-0.710799}},"ID":2052780033},{"WCID":174,"Position":{"ObjCellID":2779709440,"Origin":{"X":73.7056,"Y":121.265,"Z":44.005},"Angles":{"W":-0.334089,"X":0.0,"Y":0.0,"Z":0.942541}},"ID":2052780035}]}