{"Key":42423,"Weenies":[{"WCID":7198,"Position":{"ObjCellID":2780233728,"Origin":{"X":76.7235,"Y":148.413,"Z":99.2244},"Angles":{"W":0.278249,"X":0.0,"Y":0.0,"Z":-0.960509}},"ID":2052812800}]}