{"Key":42425,"Weenies":[{"WCID":22866,"Position":{"ObjCellID":2780364800,"Origin":{"X":106.181,"Y":178.585,"Z":129.157},"Angles":{"W":0.239978,"X":0.0,"Y":0.0,"Z":-0.970778}},"ID":2052820992},{"WCID":22894,"Position":{"ObjCellID":2780364800,"Origin":{"X":114.079,"Y":176.276,"Z":128.503},"Angles":{"W":-0.552962,"X":0.0,"Y":0.0,"Z":0.833206}},"ID":2052820993},{"WCID":7923,"Position":{"ObjCellID":2780364800,"Origin":{"X":113.55,"Y":174.164,"Z":128.542},"Angles":{"W":-0.833778,"X":0.0,"Y":0.0,"Z":0.5521}},"ID":2052820994}],"Links":[{"Source":2052820993,"Target":2052820994}]}