{"Key":42787,"Weenies":[{"WCID":412,"Position":{"ObjCellID":2804088832,"Origin":{"X":60.0,"Y":153.48,"Z":306.0},"Angles":{"W":1.0,"X":0.0,"Y":0.0,"Z":0.0}},"ID":2054303744},{"WCID":1392,"Position":{"ObjCellID":2804088832,"Origin":{"X":56.6996,"Y":152.651,"Z":306.005},"Angles":{"W":-0.595134,"X":0.0,"Y":0.0,"Z":0.803626}},"ID":2054303745}]}