{"Key":43157,"Weenies":[{"WCID":7614,"Position":{"ObjCellID":2828337152,"Origin":{"X":84.1355,"Y":15.1586,"Z":82.2569},"Angles":{"W":-0.52413,"X":0.0,"Y":0.0,"Z":-0.851638}},"ID":2055819264}]}