{"Key":43184,"Weenies":[{"WCID":12725,"Position":{"ObjCellID":2830106624,"Origin":{"X":153.154,"Y":105.486,"Z":89.205},"Angles":{"W":0.994798,"X":0.0,"Y":0.0,"Z":-0.101868}},"ID":2055929856},{"WCID":7923,"Position":{"ObjCellID":2830106624,"Origin":{"X":156.489,"Y":104.895,"Z":89.205},"Angles":{"W":-0.134693,"X":0.0,"Y":0.0,"Z":-0.990887}},"ID":2055929857}],"Links":[{"Source":2055929856,"Target":2055929857}]}