{"Key":43185,"Weenies":[{"WCID":1347,"Position":{"ObjCellID":2830172160,"Origin":{"X":2.245,"Y":140.642,"Z":56.5},"Angles":{"W":0.636078,"X":0.0,"Y":0.0,"Z":-0.771625}},"ID":2055933952},{"WCID":4113,"Position":{"ObjCellID":2830172160,"Origin":{"X":4.566,"Y":137.361,"Z":57.021},"Angles":{"W":-0.402044,"X":0.0,"Y":0.0,"Z":-0.91562}},"ID":2055933953}]}