{"Key":43186,"Weenies":[{"WCID":4785,"Position":{"ObjCellID":2830237954,"Origin":{"X":37.5773,"Y":84.0446,"Z":35.205},"Angles":{"W":-0.634709,"X":0.0,"Y":0.0,"Z":-0.772751}},"ID":2055938051},{"WCID":412,"Position":{"ObjCellID":2830237696,"Origin":{"X":34.7985,"Y":81.7849,"Z":36.0},"Angles":{"W":0.969285,"X":0.0,"Y":0.0,"Z":-0.245941}},"ID":2055938048},{"WCID":1403,"Position":{"ObjCellID":2830237696,"Origin":{"X":136.366,"Y":2.11461,"Z":43.3642},"Angles":{"W":0.990878,"X":0.0,"Y":0.0,"Z":-0.134763}},"ID":2055938049},{"WCID":420,"Position":{"ObjCellID":2830237696,"Origin":{"X":134.866,"Y":2.04959,"Z":43.2677},"Angles":{"W":0.990878,"X":0.0,"Y":0.0,"Z":-0.134763}},"ID":2055938050}]}