{"Key":43189,"Weenies":[{"WCID":1125,"Position":{"ObjCellID":2830434304,"Origin":{"X":126.6,"Y":173.4,"Z":28.0},"Angles":{"W":0.422618,"X":0.0,"Y":0.0,"Z":-0.906308}},"ID":2055950336}]}