{"Key":43203,"Weenies":[{"WCID":1364,"Position":{"ObjCellID":2831351808,"Origin":{"X":105.357,"Y":154.166,"Z":147.304},"Angles":{"W":-0.966893,"X":0.0,"Y":0.0,"Z":-0.255183}},"ID":2056007680}]}