{"Key":43348,"Weenies":[{"WCID":23515,"Position":{"ObjCellID":2840854528,"Origin":{"X":84.8778,"Y":4.75906,"Z":52.5353},"Angles":{"W":-0.0307091,"X":0.0,"Y":0.0,"Z":0.999528}},"ID":2056601600}]}