{"Key":43406,"Weenies":[{"WCID":4202,"Position":{"ObjCellID":2844655872,"Origin":{"X":105.938,"Y":51.2434,"Z":19.66},"Angles":{"W":-0.982785,"X":0.0,"Y":0.0,"Z":0.184753}},"ID":2056839168},{"WCID":4200,"Position":{"ObjCellID":2844655872,"Origin":{"X":109.128,"Y":53.7328,"Z":20.8854},"Angles":{"W":0.999821,"X":0.0,"Y":0.0,"Z":-0.0189169}},"ID":2056839169},{"WCID":1154,"Position":{"ObjCellID":2844655616,"Origin":{"X":106.868,"Y":25.3713,"Z":26.005},"Angles":{"W":-0.552803,"X":0.0,"Y":0.0,"Z":-0.833312}},"ID":2056839170}],"Links":[{"Source":2056839168,"Target":2056839170}]}