{"Key":43441,"Weenies":[{"WCID":4409,"Position":{"ObjCellID":2846949376,"Origin":{"X":28.0355,"Y":108.934,"Z":53.0119},"Angles":{"W":0.54289,"X":0.0,"Y":0.0,"Z":-0.839804}},"ID":2056982528},{"WCID":4409,"Position":{"ObjCellID":2846949376,"Origin":{"X":28.2371,"Y":120.167,"Z":53.0946},"Angles":{"W":0.244016,"X":0.0,"Y":0.0,"Z":-0.969771}},"ID":2056982529},{"WCID":4409,"Position":{"ObjCellID":2846949376,"Origin":{"X":33.8487,"Y":135.474,"Z":56.7107},"Angles":{"W":-0.46544,"X":0.0,"Y":0.0,"Z":0.885079}},"ID":2056982530}]}