{"Key":43445,"Weenies":[{"WCID":13223,"Position":{"ObjCellID":2847211520,"Origin":{"X":9.63948,"Y":135.078,"Z":28.005},"Angles":{"W":0.971158,"X":0.0,"Y":0.0,"Z":-0.238437}},"ID":2056998912}]}