{"Key":43697,"Weenies":[{"WCID":4935,"Position":{"ObjCellID":2863726592,"Origin":{"X":99.7059,"Y":180.63,"Z":124.005},"Angles":{"W":0.536112,"X":0.0,"Y":0.0,"Z":0.844147}},"ID":2058031104},{"WCID":5042,"Position":{"ObjCellID":2863726592,"Origin":{"X":97.26,"Y":184.262,"Z":124.005},"Angles":{"W":-0.984202,"X":0.0,"Y":0.0,"Z":0.17705}},"ID":2058031105}]}