{"Key":43724,"Weenies":[{"WCID":8127,"Position":{"ObjCellID":2865496064,"Origin":{"X":4.29485,"Y":100.183,"Z":48.005},"Angles":{"W":-0.916962,"X":0.0,"Y":0.0,"Z":-0.398975}},"ID":2058141696},{"WCID":8127,"Position":{"ObjCellID":2865496064,"Origin":{"X":10.2114,"Y":94.0053,"Z":48.005},"Angles":{"W":-0.916962,"X":0.0,"Y":0.0,"Z":-0.398974}},"ID":2058141697},{"WCID":8127,"Position":{"ObjCellID":2865496064,"Origin":{"X":16.3833,"Y":99.5857,"Z":48.005},"Angles":{"W":-0.916962,"X":0.0,"Y":0.0,"Z":-0.398975}},"ID":2058141698},{"WCID":8127,"Position":{"ObjCellID":2865496064,"Origin":{"X":10.2512,"Y":105.719,"Z":48.005},"Angles":{"W":-0.916962,"X":0.0,"Y":0.0,"Z":-0.398975}},"ID":2058141699}]}