{"Key":43883,"Weenies":[{"WCID":2131,"Position":{"ObjCellID":2875916546,"Origin":{"X":86.1447,"Y":65.7668,"Z":40.805},"Angles":{"W":0.185602,"X":0.0,"Y":0.0,"Z":0.982625}},"ID":2058792962},{"WCID":6779,"Position":{"ObjCellID":2875916288,"Origin":{"X":66.9624,"Y":16.6595,"Z":52.806},"Angles":{"W":-0.371579,"X":0.0,"Y":0.0,"Z":-0.928401}},"ID":2058792960},{"WCID":4455,"Position":{"ObjCellID":2875916288,"Origin":{"X":82.6359,"Y":56.3342,"Z":46.005},"Angles":{"W":0.982476,"X":0.0,"Y":0.0,"Z":-0.186391}},"ID":2058792961}],"Links":[{"Source":2058792962,"Target":2058792961}]}