{"Key":43908,"Weenies":[{"WCID":2080,"Position":{"ObjCellID":2877554688,"Origin":{"X":160.948,"Y":180.796,"Z":63.533},"Angles":{"W":0.707107,"X":0.0,"Y":0.0,"Z":-0.707107}},"ID":2058895360}]}