{"Key":43956,"Weenies":[{"WCID":1400,"Position":{"ObjCellID":2880700416,"Origin":{"X":80.2902,"Y":61.7414,"Z":28.1725},"Angles":{"W":-0.949218,"X":0.0,"Y":0.0,"Z":0.314619}},"ID":2059091968},{"WCID":903,"Position":{"ObjCellID":2880700416,"Origin":{"X":79.2154,"Y":60.3204,"Z":27.905},"Angles":{"W":-0.930284,"X":0.0,"Y":0.0,"Z":0.366839}},"ID":2059091969},{"WCID":903,"Position":{"ObjCellID":2880700416,"Origin":{"X":81.5347,"Y":61.1613,"Z":27.905},"Angles":{"W":-0.476999,"X":0.0,"Y":0.0,"Z":-0.878904}},"ID":2059091970}]}