{"Key":43957,"Weenies":[{"WCID":1400,"Position":{"ObjCellID":2880765952,"Origin":{"X":8.74472,"Y":155.596,"Z":27.905},"Angles":{"W":0.999628,"X":0.0,"Y":0.0,"Z":-0.0272626}},"ID":2059096064}]}