{"Key":44067,"Weenies":[{"WCID":5767,"Position":{"ObjCellID":2887974912,"Origin":{"X":47.9703,"Y":70.3896,"Z":290.139},"Angles":{"W":-0.999908,"X":0.0,"Y":0.0,"Z":-0.0135805}},"ID":2059546624},{"WCID":3953,"Position":{"ObjCellID":2887974912,"Origin":{"X":47.9703,"Y":70.3896,"Z":290.139},"Angles":{"W":0.258662,"X":0.0,"Y":0.0,"Z":0.965968}},"ID":2059546625}],"Links":[{"Source":2059546624,"Target":2059546625}]}