{"Key":44213,"Weenies":[{"WCID":957,"Position":{"ObjCellID":2897543168,"Origin":{"X":54.1074,"Y":84.6657,"Z":38.514},"Angles":{"W":-0.997057,"X":0.0,"Y":0.0,"Z":0.0766698}},"ID":2060144640},{"WCID":957,"Position":{"ObjCellID":2897543168,"Origin":{"X":54.0699,"Y":88.1312,"Z":38.5108},"Angles":{"W":-0.265817,"X":0.0,"Y":0.0,"Z":0.964024}},"ID":2060144641},{"WCID":1400,"Position":{"ObjCellID":2897543168,"Origin":{"X":54.8192,"Y":86.9892,"Z":38.6616},"Angles":{"W":0.484638,"X":0.0,"Y":0.0,"Z":0.874715}},"ID":2060144642}]}