{"Key":44376,"Weenies":[{"WCID":1371,"Position":{"ObjCellID":2908225792,"Origin":{"X":153.263,"Y":9.88465,"Z":58.005},"Angles":{"W":0.982755,"X":0.0,"Y":0.0,"Z":-0.184912}},"ID":2060812290},{"WCID":1900,"Position":{"ObjCellID":2908225536,"Origin":{"X":127.282,"Y":35.6354,"Z":55.6422},"Angles":{"W":-0.716547,"X":0.0,"Y":0.0,"Z":-0.697539}},"ID":2060812288},{"WCID":509,"Position":{"ObjCellID":2908225536,"Origin":{"X":146.878,"Y":21.6874,"Z":58.005},"Angles":{"W":-0.619223,"X":0.0,"Y":0.0,"Z":0.785215}},"ID":2060812289},{"WCID":171,"Position":{"ObjCellID":2908225536,"Origin":{"X":149.032,"Y":16.239,"Z":58.005},"Angles":{"W":-0.157648,"X":0.0,"Y":0.0,"Z":0.987495}},"ID":2060812291}]}