{"Key":44467,"Weenies":[{"WCID":1400,"Position":{"ObjCellID":2914189312,"Origin":{"X":16.9546,"Y":23.8945,"Z":28.005},"Angles":{"W":0.994159,"X":0.0,"Y":0.0,"Z":-0.107929}},"ID":2061185024},{"WCID":1400,"Position":{"ObjCellID":2914189312,"Origin":{"X":10.8959,"Y":25.6866,"Z":27.905},"Angles":{"W":0.983277,"X":0.0,"Y":0.0,"Z":-0.182118}},"ID":2061185025},{"WCID":1400,"Position":{"ObjCellID":2914189312,"Origin":{"X":14.0611,"Y":21.3024,"Z":28.005},"Angles":{"W":0.307588,"X":0.0,"Y":0.0,"Z":-0.95152}},"ID":2061185026}]}