{"Key":44468,"Weenies":[{"WCID":1130,"Position":{"ObjCellID":2914254848,"Origin":{"X":35.0936,"Y":16.349,"Z":27.105},"Angles":{"W":0.0142438,"X":0.0,"Y":0.0,"Z":-0.999899}},"ID":2061189120},{"WCID":5380,"Position":{"ObjCellID":2914254848,"Origin":{"X":35.9504,"Y":108.111,"Z":27.905},"Angles":{"W":-4.37114E-08,"X":0.0,"Y":0.0,"Z":-1.0}},"ID":2061189121}]}