{"Key":44469,"Weenies":[{"WCID":2070,"Position":{"ObjCellID":2914320384,"Origin":{"X":165.098,"Y":114.724,"Z":105.32},"Angles":{"W":0.707107,"X":0.0,"Y":0.0,"Z":-0.707107}},"ID":2061193216}]}