{"Key":44472,"Weenies":[{"WCID":952,"Position":{"ObjCellID":2914517250,"Origin":{"X":106.26,"Y":85.9345,"Z":91.205},"Angles":{"W":0.714513,"X":0.0,"Y":0.0,"Z":-0.699623}},"ID":2061205506},{"WCID":412,"Position":{"ObjCellID":2914516992,"Origin":{"X":108.865,"Y":81.5531,"Z":92.0},"Angles":{"W":1.0,"X":0.0,"Y":0.0,"Z":0.0}},"ID":2061205504},{"WCID":794,"Position":{"ObjCellID":2914516992,"Origin":{"X":112.321,"Y":76.0414,"Z":93.3375},"Angles":{"W":-0.692837,"X":0.0,"Y":0.0,"Z":-0.721095}},"ID":2061205505}]}