{"Key":44657,"Weenies":[{"WCID":1903,"Position":{"ObjCellID":2926641152,"Origin":{"X":36.9392,"Y":83.8978,"Z":20.9267},"Angles":{"W":0.837102,"X":0.0,"Y":0.0,"Z":0.547047}},"ID":2061963264},{"WCID":1906,"Position":{"ObjCellID":2926641152,"Origin":{"X":76.372,"Y":41.902,"Z":20.005},"Angles":{"W":0.230933,"X":0.0,"Y":0.0,"Z":-0.97297}},"ID":2061963265},{"WCID":1905,"Position":{"ObjCellID":2926641152,"Origin":{"X":59.998,"Y":29.575,"Z":21.005},"Angles":{"W":-0.765011,"X":0.0,"Y":0.0,"Z":-0.644017}},"ID":2061963266},{"WCID":2391,"Position":{"ObjCellID":2926641152,"Origin":{"X":60.0,"Y":65.0,"Z":22.021},"Angles":{"W":1.0,"X":0.0,"Y":0.0,"Z":0.0}},"ID":2061963267}]}