{"Key":44727,"Weenies":[{"WCID":419,"Position":{"ObjCellID":2931228930,"Origin":{"X":57.384,"Y":133.717,"Z":97.205},"Angles":{"W":0.669492,"X":0.0,"Y":0.0,"Z":-0.742819}},"ID":2062249985},{"WCID":412,"Position":{"ObjCellID":2931228672,"Origin":{"X":60.0,"Y":130.08,"Z":98.0},"Angles":{"W":1.0,"X":0.0,"Y":0.0,"Z":0.0}},"ID":2062249984}]}