{"Key":44743,"Weenies":[{"WCID":1020,"Position":{"ObjCellID":2932277248,"Origin":{"X":94.6686,"Y":76.674,"Z":105.997},"Angles":{"W":-0.999038,"X":0.0,"Y":0.0,"Z":-0.0438525}},"ID":2062315520}]}