{"Key":44999,"Weenies":[{"WCID":509,"Position":{"ObjCellID":2949054464,"Origin":{"X":135.908,"Y":27.8177,"Z":171.398},"Angles":{"W":-0.261358,"X":0.0,"Y":0.0,"Z":0.965242}},"ID":2063364096}]}