{"Key":45091,"Weenies":[{"WCID":7608,"Position":{"ObjCellID":2955083776,"Origin":{"X":31.4629,"Y":18.2046,"Z":279.522},"Angles":{"W":0.954494,"X":0.0,"Y":0.0,"Z":0.29823}},"ID":2063740928}]}