{"Key":45225,"Weenies":[{"WCID":24181,"Position":{"ObjCellID":2963865600,"Origin":{"X":5.03783,"Y":146.037,"Z":88.005},"Angles":{"W":0.0466763,"X":0.0,"Y":0.0,"Z":0.99891}},"ID":2064289792}]}