{"Key":45228,"Weenies":[{"WCID":1329,"Position":{"ObjCellID":2964062208,"Origin":{"X":183.3,"Y":116.0,"Z":35.5},"Angles":{"W":-0.965926,"X":0.0,"Y":0.0,"Z":-0.258819}},"ID":2064302080},{"WCID":382,"Position":{"ObjCellID":2964062208,"Origin":{"X":160.539,"Y":126.97,"Z":39.2485},"Angles":{"W":0.0155399,"X":0.0,"Y":0.0,"Z":-0.999879}},"ID":2064302081},{"WCID":382,"Position":{"ObjCellID":2964062208,"Origin":{"X":163.839,"Y":123.262,"Z":38.6985},"Angles":{"W":0.575414,"X":0.0,"Y":0.0,"Z":-0.817862}},"ID":2064302082}]}