{"Key":45362,"Weenies":[{"WCID":1902,"Position":{"ObjCellID":2972844290,"Origin":{"X":128.862,"Y":8.212,"Z":43.66},"Angles":{"W":0.707107,"X":0.0,"Y":0.0,"Z":-0.707107}},"ID":2064850947},{"WCID":1901,"Position":{"ObjCellID":2972844298,"Origin":{"X":88.1006,"Y":18.8529,"Z":52.097},"Angles":{"W":0.707107,"X":0.0,"Y":0.0,"Z":-0.707107}},"ID":2064850946},{"WCID":509,"Position":{"ObjCellID":2972844032,"Origin":{"X":62.1586,"Y":36.5546,"Z":50.4461},"Angles":{"W":0.59874,"X":0.0,"Y":0.0,"Z":0.800943}},"ID":2064850944},{"WCID":1900,"Position":{"ObjCellID":2972844032,"Origin":{"X":89.0,"Y":36.0,"Z":52.005},"Angles":{"W":0.707107,"X":0.0,"Y":0.0,"Z":-0.707107}},"ID":2064850945}]}