{"Key":45375,"Weenies":[{"WCID":509,"Position":{"ObjCellID":2973696000,"Origin":{"X":147.61,"Y":48.8935,"Z":42.005},"Angles":{"W":-0.997535,"X":0.0,"Y":0.0,"Z":0.0701716}},"ID":2064904192}]}