{"Key":45432,"Weenies":[{"WCID":7923,"Position":{"ObjCellID":2977431808,"Origin":{"X":81.7632,"Y":106.453,"Z":24.005},"Angles":{"W":0.152338,"X":0.0,"Y":0.0,"Z":-0.988328}},"ID":2065137664},{"WCID":1987,"Position":{"ObjCellID":2977431808,"Origin":{"X":84.2411,"Y":106.664,"Z":24.005},"Angles":{"W":0.00293351,"X":0.0,"Y":0.0,"Z":-0.999996}},"ID":2065137665}],"Links":[{"Source":2065137665,"Target":2065137664}]}