{"Key":45481,"Weenies":[{"WCID":25600,"Position":{"ObjCellID":2980642816,"Origin":{"X":12.1607,"Y":175.563,"Z":42.2253},"Angles":{"W":0.999687,"X":0.0,"Y":0.0,"Z":0.0249979}},"ID":2065338368},{"WCID":7924,"Position":{"ObjCellID":2980642816,"Origin":{"X":12.1241,"Y":175.377,"Z":42.2034},"Angles":{"W":0.997189,"X":0.0,"Y":0.0,"Z":0.0749304}},"ID":2065338369}],"Links":[{"Source":2065338368,"Target":2065338369}]}