{"Key":45848,"Weenies":[{"WCID":25833,"Position":{"ObjCellID":3004694528,"Origin":{"X":30.409,"Y":100.917,"Z":338.776},"Angles":{"W":-0.998667,"X":0.0,"Y":0.0,"Z":-0.0516077}},"ID":2066841600}]}