{"Key":46190,"Weenies":[{"WCID":391,"Position":{"ObjCellID":3027107840,"Origin":{"X":158.045,"Y":43.2069,"Z":44.4384},"Angles":{"W":-0.100409,"X":0.0,"Y":0.0,"Z":0.994946}},"ID":2068242432},{"WCID":391,"Position":{"ObjCellID":3027107840,"Origin":{"X":156.628,"Y":40.2219,"Z":44.3078},"Angles":{"W":0.813079,"X":0.0,"Y":0.0,"Z":0.582153}},"ID":2068242433},{"WCID":391,"Position":{"ObjCellID":3027107840,"Origin":{"X":151.456,"Y":42.6403,"Z":44.9403},"Angles":{"W":0.992643,"X":0.0,"Y":0.0,"Z":0.121077}},"ID":2068242434},{"WCID":391,"Position":{"ObjCellID":3027107840,"Origin":{"X":153.193,"Y":45.7608,"Z":45.0557},"Angles":{"W":0.19099,"X":0.0,"Y":0.0,"Z":-0.981592}},"ID":2068242435}]}