{"Key":46493,"Weenies":[{"WCID":3636,"Position":{"ObjCellID":3046965504,"Origin":{"X":68.072,"Y":132.13,"Z":50.805},"Angles":{"W":-0.707107,"X":0.0,"Y":0.0,"Z":-0.707107}},"ID":2069483520}]}