{"Key":46498,"Weenies":[{"WCID":5389,"Position":{"ObjCellID":3047292928,"Origin":{"X":188.074,"Y":186.557,"Z":44.005},"Angles":{"W":-0.881118,"X":0.0,"Y":0.0,"Z":-0.472896}},"ID":2069504000}]}