{"Key":46533,"Weenies":[{"WCID":7258,"Position":{"ObjCellID":3049586688,"Origin":{"X":151.175,"Y":32.0486,"Z":278.479},"Angles":{"W":0.699701,"X":0.0,"Y":0.0,"Z":-0.714435}},"ID":2069647360}]}