{"Key":46574,"Weenies":[{"WCID":7365,"Position":{"ObjCellID":3052273664,"Origin":{"X":163.265,"Y":110.863,"Z":178.712},"Angles":{"W":-0.697662,"X":0.0,"Y":0.0,"Z":0.716427}},"ID":2069815296}]}