{"Key":46619,"Weenies":[{"WCID":30771,"Position":{"ObjCellID":3055222784,"Origin":{"X":160.891,"Y":150.23,"Z":157.413},"Angles":{"W":0.731969,"X":0.0,"Y":0.0,"Z":0.681338}},"ID":2069999616}]}