{"Key":46637,"Weenies":[{"WCID":7883,"Position":{"ObjCellID":3056402690,"Origin":{"X":107.844,"Y":132.552,"Z":336.005},"Angles":{"W":0.995392,"X":0.0,"Y":0.0,"Z":-0.0958919}},"ID":2070073344}]}