{"Key":46674,"Weenies":[{"WCID":509,"Position":{"ObjCellID":3058827264,"Origin":{"X":156.412,"Y":65.5844,"Z":4.005},"Angles":{"W":0.999151,"X":0.0,"Y":0.0,"Z":-0.0411862}},"ID":2070224896}]}