{"Key":46726,"Weenies":[{"WCID":22088,"Position":{"ObjCellID":3062235136,"Origin":{"X":19.0384,"Y":188.356,"Z":40.9842},"Angles":{"W":-0.390727,"X":0.0,"Y":0.0,"Z":0.920507}},"ID":2070437888},{"WCID":7923,"Position":{"ObjCellID":3062235136,"Origin":{"X":19.2535,"Y":189.552,"Z":41.2015},"Angles":{"W":-0.0667095,"X":0.0,"Y":0.0,"Z":-0.997772}},"ID":2070437889}],"Links":[{"Source":2070437888,"Target":2070437889}]}