{"Key":46747,"Weenies":[{"WCID":1391,"Position":{"ObjCellID":3063611392,"Origin":{"X":65.3067,"Y":102.714,"Z":54.005},"Angles":{"W":0.283872,"X":0.0,"Y":0.0,"Z":-0.958862}},"ID":2070523904},{"WCID":1370,"Position":{"ObjCellID":3063611392,"Origin":{"X":74.8579,"Y":114.218,"Z":54.005},"Angles":{"W":-0.00333401,"X":0.0,"Y":0.0,"Z":-0.999994}},"ID":2070523905}]}