{"Key":46748,"Weenies":[{"WCID":509,"Position":{"ObjCellID":3063676928,"Origin":{"X":87.7331,"Y":84.2289,"Z":61.0243},"Angles":{"W":-0.673475,"X":0.0,"Y":0.0,"Z":-0.73921}},"ID":2070528000}]}