{"Key":46770,"Weenies":[{"WCID":509,"Position":{"ObjCellID":3065118977,"Origin":{"X":132.0,"Y":110.0,"Z":82.005},"Angles":{"W":0.707107,"X":0.0,"Y":0.0,"Z":-0.707107}},"ID":2070618112}]}