{"Key":46827,"Weenies":[{"WCID":7216,"Position":{"ObjCellID":3068854272,"Origin":{"X":186.475,"Y":178.251,"Z":-0.095},"Angles":{"W":0.262327,"X":0.0,"Y":0.0,"Z":-0.964979}},"ID":2070851584},{"WCID":7216,"Position":{"ObjCellID":3068854272,"Origin":{"X":174.045,"Y":185.252,"Z":-0.095},"Angles":{"W":0.262327,"X":0.0,"Y":0.0,"Z":-0.964979}},"ID":2070851585}]}