{"Key":46828,"Weenies":[{"WCID":7216,"Position":{"ObjCellID":3068919808,"Origin":{"X":177.27,"Y":152.273,"Z":-0.095},"Angles":{"W":0.0325534,"X":0.0,"Y":0.0,"Z":-0.99947}},"ID":2070855680},{"WCID":7216,"Position":{"ObjCellID":3068919808,"Origin":{"X":180.232,"Y":106.851,"Z":-0.445},"Angles":{"W":0.0325534,"X":0.0,"Y":0.0,"Z":-0.99947}},"ID":2070855681},{"WCID":7216,"Position":{"ObjCellID":3068919808,"Origin":{"X":179.374,"Y":61.3638,"Z":-0.095},"Angles":{"W":-0.049602,"X":0.0,"Y":0.0,"Z":-0.998769}},"ID":2070855682}]}