{"Key":46829,"Weenies":[{"WCID":7216,"Position":{"ObjCellID":3068985344,"Origin":{"X":176.789,"Y":5.23381,"Z":-0.095},"Angles":{"W":-0.854812,"X":0.0,"Y":0.0,"Z":-0.518938}},"ID":2070859776},{"WCID":7216,"Position":{"ObjCellID":3068985344,"Origin":{"X":181.873,"Y":15.009,"Z":-0.095},"Angles":{"W":-0.854812,"X":0.0,"Y":0.0,"Z":-0.518938}},"ID":2070859777}]}