{"Key":46959,"Weenies":[{"WCID":509,"Position":{"ObjCellID":3077505024,"Origin":{"X":151.183,"Y":80.4998,"Z":18.005},"Angles":{"W":-0.755412,"X":0.0,"Y":0.0,"Z":-0.65525}},"ID":2071392256}]}