{"Key":46976,"Weenies":[{"WCID":25682,"Position":{"ObjCellID":3078619136,"Origin":{"X":59.3315,"Y":58.7778,"Z":24.005},"Angles":{"W":-0.202897,"X":0.0,"Y":0.0,"Z":0.9792}},"ID":2071461888},{"WCID":7924,"Position":{"ObjCellID":3078619136,"Origin":{"X":58.1921,"Y":58.2844,"Z":24.005},"Angles":{"W":-0.202897,"X":0.0,"Y":0.0,"Z":0.9792}},"ID":2071461889},{"WCID":25684,"Position":{"ObjCellID":3078619136,"Origin":{"X":63.2432,"Y":59.1481,"Z":24.005},"Angles":{"W":-0.537186,"X":0.0,"Y":0.0,"Z":-0.843464}},"ID":2071461890}],"Links":[{"Source":2071461888,"Target":2071461889}]}