{"Key":46999,"Weenies":[{"WCID":893,"Position":{"ObjCellID":3080126464,"Origin":{"X":59.6758,"Y":121.587,"Z":31.2493},"Angles":{"W":-0.0834685,"X":0.0,"Y":0.0,"Z":-0.99651}},"ID":2071556096},{"WCID":893,"Position":{"ObjCellID":3080126464,"Origin":{"X":56.9712,"Y":123.594,"Z":31.2493},"Angles":{"W":-0.366611,"X":0.0,"Y":0.0,"Z":-0.930374}},"ID":2071556097},{"WCID":422,"Position":{"ObjCellID":3080126464,"Origin":{"X":51.4834,"Y":102.687,"Z":31.7097},"Angles":{"W":0.0483755,"X":0.0,"Y":0.0,"Z":-0.998829}},"ID":2071556098},{"WCID":892,"Position":{"ObjCellID":3080126464,"Origin":{"X":45.2251,"Y":90.8254,"Z":32.6675},"Angles":{"W":-0.307273,"X":0.0,"Y":0.0,"Z":-0.951621}},"ID":2071556099}]}