{"Key":47032,"Weenies":[{"WCID":4770,"Position":{"ObjCellID":3082289410,"Origin":{"X":35.421,"Y":181.251,"Z":105.205},"Angles":{"W":0.173648,"X":0.0,"Y":0.0,"Z":-0.984808}},"ID":2071691265},{"WCID":412,"Position":{"ObjCellID":3082289152,"Origin":{"X":36.0,"Y":177.48,"Z":106.0},"Angles":{"W":1.0,"X":0.0,"Y":0.0,"Z":0.0}},"ID":2071691264}]}