{"Key":47080,"Weenies":[{"WCID":7427,"Position":{"ObjCellID":3085435137,"Origin":{"X":133.505,"Y":155.308,"Z":23.705},"Angles":{"W":0.450139,"X":0.0,"Y":0.0,"Z":-0.892959}},"ID":2071887872}]}