{"Key":47083,"Weenies":[{"WCID":7216,"Position":{"ObjCellID":3085631488,"Origin":{"X":37.7876,"Y":178.043,"Z":-0.095},"Angles":{"W":0.73061,"X":0.0,"Y":0.0,"Z":-0.682795}},"ID":2071900160},{"WCID":7216,"Position":{"ObjCellID":3085631488,"Origin":{"X":80.3721,"Y":180.042,"Z":-0.445},"Angles":{"W":0.673914,"X":0.0,"Y":0.0,"Z":-0.73881}},"ID":2071900161},{"WCID":7216,"Position":{"ObjCellID":3085631488,"Origin":{"X":131.123,"Y":179.212,"Z":-0.095},"Angles":{"W":0.709787,"X":0.0,"Y":0.0,"Z":-0.704416}},"ID":2071900162},{"WCID":7216,"Position":{"ObjCellID":3085631488,"Origin":{"X":180.003,"Y":179.583,"Z":-0.095},"Angles":{"W":0.709787,"X":0.0,"Y":0.0,"Z":-0.704416}},"ID":2071900163}]}