{"Key":47127,"Weenies":[{"WCID":509,"Position":{"ObjCellID":3088515072,"Origin":{"X":169.278,"Y":140.476,"Z":49.905},"Angles":{"W":0.798891,"X":0.0,"Y":0.0,"Z":0.601475}},"ID":2072080384},{"WCID":6626,"Position":{"ObjCellID":3088515072,"Origin":{"X":176.478,"Y":165.61,"Z":49.905},"Angles":{"W":0.742585,"X":0.0,"Y":0.0,"Z":-0.669752}},"ID":2072080385},{"WCID":3951,"Position":{"ObjCellID":3088515072,"Origin":{"X":175.024,"Y":165.254,"Z":49.905},"Angles":{"W":-0.698047,"X":0.0,"Y":0.0,"Z":0.716052}},"ID":2072080386},{"WCID":14867,"Position":{"ObjCellID":3088515072,"Origin":{"X":172.743,"Y":162.698,"Z":49.905},"Angles":{"W":0.116424,"X":0.0,"Y":0.0,"Z":-0.9932}},"ID":2072080387}],"Links":[{"Source":2072080385,"Target":2072080386}]}