{"Key":47138,"Weenies":[{"WCID":5766,"Position":{"ObjCellID":3089235968,"Origin":{"X":87.359,"Y":132.895,"Z":445.598},"Angles":{"W":0.516814,"X":0.0,"Y":0.0,"Z":0.856098}},"ID":2072125440},{"WCID":5766,"Position":{"ObjCellID":3089235968,"Origin":{"X":81.8556,"Y":133.197,"Z":445.023},"Angles":{"W":0.643044,"X":0.0,"Y":0.0,"Z":-0.765829}},"ID":2072125441},{"WCID":3951,"Position":{"ObjCellID":3089235968,"Origin":{"X":86.2849,"Y":129.76,"Z":445.583},"Angles":{"W":0.733506,"X":0.0,"Y":0.0,"Z":-0.679682}},"ID":2072125442}],"Links":[{"Source":2072125440,"Target":2072125442},{"Source":2072125441,"Target":2072125442}]}