{"Key":47203,"Weenies":[{"WCID":11686,"Position":{"ObjCellID":3093495808,"Origin":{"X":126.961,"Y":37.7771,"Z":6.005},"Angles":{"W":0.339913,"X":0.0,"Y":0.0,"Z":-0.940457}},"ID":2072391680}]}