{"Key":47212,"Weenies":[{"WCID":4537,"Position":{"ObjCellID":3094085632,"Origin":{"X":92.6419,"Y":142.494,"Z":9.72683},"Angles":{"W":0.596919,"X":0.0,"Y":0.0,"Z":-0.802302}},"ID":2072428544},{"WCID":4537,"Position":{"ObjCellID":3094085632,"Origin":{"X":100.33,"Y":163.15,"Z":9.64583},"Angles":{"W":0.640793,"X":0.0,"Y":0.0,"Z":-0.767714}},"ID":2072428545}]}