{"Key":47215,"Weenies":[{"WCID":412,"Position":{"ObjCellID":3094282501,"Origin":{"X":59.05,"Y":154.24,"Z":18.01},"Angles":{"W":-1.0,"X":0.0,"Y":0.0,"Z":0.0}},"ID":2072440832},{"WCID":933,"Position":{"ObjCellID":3094282240,"Origin":{"X":85.444,"Y":79.944,"Z":11.771},"Angles":{"W":0.707107,"X":0.0,"Y":0.0,"Z":-0.707107}},"ID":2072440833}]}