{"Key":47216,"Weenies":[{"WCID":1398,"Position":{"ObjCellID":3094347776,"Origin":{"X":68.3484,"Y":53.6156,"Z":16.005},"Angles":{"W":0.854772,"X":0.0,"Y":0.0,"Z":0.519004}},"ID":2072444928}]}