{"Key":47259,"Weenies":[{"WCID":892,"Position":{"ObjCellID":3097166082,"Origin":{"X":109.849,"Y":172.978,"Z":49.205},"Angles":{"W":-0.655692,"X":0.0,"Y":0.0,"Z":-0.755028}},"ID":2072621057},{"WCID":412,"Position":{"ObjCellID":3097165824,"Origin":{"X":107.563,"Y":175.843,"Z":50.0},"Angles":{"W":-0.016579,"X":0.0,"Y":0.0,"Z":-0.999863}},"ID":2072621056}]}