{"Key":47308,"Weenies":[{"WCID":5767,"Position":{"ObjCellID":3100377088,"Origin":{"X":108.33,"Y":62.2038,"Z":329.455},"Angles":{"W":0.996642,"X":0.0,"Y":0.0,"Z":-0.0818859}},"ID":2072821760},{"WCID":3953,"Position":{"ObjCellID":3100377088,"Origin":{"X":108.33,"Y":62.2038,"Z":329.455},"Angles":{"W":0.0303776,"X":0.0,"Y":0.0,"Z":0.999538}},"ID":2072821761}],"Links":[{"Source":2072821760,"Target":2072821761}]}