{"Key":47343,"Weenies":[{"WCID":7365,"Position":{"ObjCellID":3102670848,"Origin":{"X":164.883,"Y":183.508,"Z":127.926},"Angles":{"W":0.972935,"X":0.0,"Y":0.0,"Z":-0.231078}},"ID":2072965120}]}