{"Key":47344,"Weenies":[{"WCID":7365,"Position":{"ObjCellID":3102736384,"Origin":{"X":155.559,"Y":49.1808,"Z":122.422},"Angles":{"W":0.889019,"X":0.0,"Y":0.0,"Z":-0.457871}},"ID":2072969216}]}