{"Key":47457,"Weenies":[{"WCID":28096,"Position":{"ObjCellID":3110141952,"Origin":{"X":48.5137,"Y":22.3314,"Z":5.905},"Angles":{"W":-0.999926,"X":0.0,"Y":0.0,"Z":0.0121825}},"ID":2073432064}]}