{"Key":47472,"Weenies":[{"WCID":1030,"Position":{"ObjCellID":3111124992,"Origin":{"X":60.0,"Y":56.6,"Z":16.0},"Angles":{"W":-0.026177,"X":0.0,"Y":0.0,"Z":-0.999657}},"ID":2073493504},{"WCID":933,"Position":{"ObjCellID":3111124992,"Origin":{"X":114.073,"Y":61.0138,"Z":16.005},"Angles":{"W":-4.37114E-08,"X":0.0,"Y":0.0,"Z":-1.0}},"ID":2073493505}]}