{"Key":47488,"Weenies":[{"WCID":5386,"Position":{"ObjCellID":3112173568,"Origin":{"X":132.0,"Y":35.5,"Z":64.007},"Angles":{"W":0.707107,"X":0.0,"Y":0.0,"Z":-0.707107}},"ID":2073559040}]}