{"Key":47715,"Weenies":[{"WCID":27104,"Position":{"ObjCellID":3127050240,"Origin":{"X":191.867,"Y":146.859,"Z":5.555},"Angles":{"W":0.494737,"X":0.0,"Y":0.0,"Z":0.869043}},"ID":2074488832},{"WCID":27102,"Position":{"ObjCellID":3127050240,"Origin":{"X":161.795,"Y":131.623,"Z":6.005},"Angles":{"W":0.0505074,"X":0.0,"Y":0.0,"Z":0.998724}},"ID":2074488833},{"WCID":27104,"Position":{"ObjCellID":3127050240,"Origin":{"X":149.452,"Y":132.948,"Z":6.005},"Angles":{"W":0.221108,"X":0.0,"Y":0.0,"Z":0.975249}},"ID":2074488834},{"WCID":27104,"Position":{"ObjCellID":3127050240,"Origin":{"X":92.5276,"Y":179.155,"Z":20.91},"Angles":{"W":-0.574446,"X":0.0,"Y":0.0,"Z":-0.818542}},"ID":2074488835}]}