{"Key":47716,"Weenies":[{"WCID":27103,"Position":{"ObjCellID":3127116032,"Origin":{"X":109.002,"Y":107.981,"Z":6.39733},"Angles":{"W":0.716475,"X":0.0,"Y":0.0,"Z":0.697613}},"ID":2074492928},{"WCID":27101,"Position":{"ObjCellID":3127116035,"Origin":{"X":130.588,"Y":36.209,"Z":5.705},"Angles":{"W":-0.00357179,"X":0.0,"Y":0.0,"Z":-0.999994}},"ID":2074492930},{"WCID":27103,"Position":{"ObjCellID":3127115776,"Origin":{"X":131.246,"Y":24.0644,"Z":6.005},"Angles":{"W":0.0327078,"X":0.0,"Y":0.0,"Z":-0.999465}},"ID":2074492931},{"WCID":27103,"Position":{"ObjCellID":3127115776,"Origin":{"X":98.0987,"Y":161.522,"Z":21.81},"Angles":{"W":0.999566,"X":0.0,"Y":0.0,"Z":-0.0294684}},"ID":2074492929}]}