{"Key":47717,"Weenies":[{"WCID":27103,"Position":{"ObjCellID":3127181568,"Origin":{"X":132.152,"Y":10.8175,"Z":6.39733},"Angles":{"W":-0.999905,"X":0.0,"Y":0.0,"Z":0.0137765}},"ID":2074497024}]}