{"Key":47725,"Weenies":[{"WCID":903,"Position":{"ObjCellID":3127705600,"Origin":{"X":177.342,"Y":132.71,"Z":6.30625},"Angles":{"W":-0.549122,"X":0.0,"Y":0.0,"Z":0.835742}},"ID":2074529792},{"WCID":383,"Position":{"ObjCellID":3127705600,"Origin":{"X":155.355,"Y":138.875,"Z":6.005},"Angles":{"W":-0.0145936,"X":0.0,"Y":0.0,"Z":-0.999893}},"ID":2074529793},{"WCID":383,"Position":{"ObjCellID":3127705600,"Origin":{"X":152.396,"Y":137.002,"Z":6.005},"Angles":{"W":0.86007,"X":0.0,"Y":0.0,"Z":-0.510177}},"ID":2074529794}]}