{"Key":47727,"Weenies":[{"WCID":1343,"Position":{"ObjCellID":3127836672,"Origin":{"X":114.0,"Y":45.77,"Z":9.6},"Angles":{"W":-0.694658,"X":0.0,"Y":0.0,"Z":-0.71934}},"ID":2074537984}]}