{"Key":47777,"Weenies":[{"WCID":893,"Position":{"ObjCellID":3131113472,"Origin":{"X":122.327,"Y":8.6837,"Z":2.005},"Angles":{"W":-0.99358,"X":0.0,"Y":0.0,"Z":-0.113134}},"ID":2074742784},{"WCID":954,"Position":{"ObjCellID":3131113472,"Origin":{"X":121.086,"Y":11.1203,"Z":2.005},"Angles":{"W":0.374793,"X":0.0,"Y":0.0,"Z":-0.927109}},"ID":2074742785},{"WCID":1106,"Position":{"ObjCellID":3131113472,"Origin":{"X":112.841,"Y":80.4761,"Z":1.037},"Angles":{"W":-0.945519,"X":0.0,"Y":0.0,"Z":-0.325568}},"ID":2074742786}]}