{"Key":47814,"Weenies":[{"WCID":15759,"Position":{"ObjCellID":3133538304,"Origin":{"X":58.1489,"Y":109.386,"Z":382.717},"Angles":{"W":0.926711,"X":0.0,"Y":0.0,"Z":-0.375776}},"ID":2074894336},{"WCID":21376,"Position":{"ObjCellID":3133538304,"Origin":{"X":60.4578,"Y":106.854,"Z":382.717},"Angles":{"W":0.440387,"X":0.0,"Y":0.0,"Z":0.897808}},"ID":2074894337},{"WCID":21373,"Position":{"ObjCellID":3133538304,"Origin":{"X":60.1925,"Y":106.603,"Z":382.717},"Angles":{"W":-0.422618,"X":0.0,"Y":0.0,"Z":-0.906308}},"ID":2074894338}],"Links":[{"Source":2074894338,"Target":2074894336},{"Source":2074894337,"Target":2074894336}]}