{"Key":47853,"Weenies":[{"WCID":7215,"Position":{"ObjCellID":3136094208,"Origin":{"X":155.811,"Y":11.1202,"Z":-0.445},"Angles":{"W":-0.702618,"X":0.0,"Y":0.0,"Z":-0.711567}},"ID":2075054080},{"WCID":7215,"Position":{"ObjCellID":3136094208,"Origin":{"X":104.308,"Y":10.4684,"Z":-0.445},"Angles":{"W":-0.702618,"X":0.0,"Y":0.0,"Z":-0.711567}},"ID":2075054081},{"WCID":7215,"Position":{"ObjCellID":3136094208,"Origin":{"X":61.6526,"Y":9.92861,"Z":-0.445},"Angles":{"W":-0.702618,"X":0.0,"Y":0.0,"Z":-0.711567}},"ID":2075054082},{"WCID":7215,"Position":{"ObjCellID":3136094208,"Origin":{"X":14.5436,"Y":9.33241,"Z":-0.445},"Angles":{"W":-0.702618,"X":0.0,"Y":0.0,"Z":-0.711567}},"ID":2075054083}]}