{"Key":47971,"Weenies":[{"WCID":27104,"Position":{"ObjCellID":3143827712,"Origin":{"X":107.069,"Y":154.911,"Z":6.39733},"Angles":{"W":0.719926,"X":0.0,"Y":0.0,"Z":-0.694051}},"ID":2075537408},{"WCID":27104,"Position":{"ObjCellID":3143827456,"Origin":{"X":32.866,"Y":164.22,"Z":20.91},"Angles":{"W":-0.0795923,"X":0.0,"Y":0.0,"Z":-0.996827}},"ID":2075537410},{"WCID":27102,"Position":{"ObjCellID":3143827456,"Origin":{"X":44.9296,"Y":168.719,"Z":5.105},"Angles":{"W":-0.685053,"X":0.0,"Y":0.0,"Z":-0.728493}},"ID":2075537409}]}