{"Key":47984,"Weenies":[{"WCID":1127,"Position":{"ObjCellID":3144679424,"Origin":{"X":150.3,"Y":13.6,"Z":6.0},"Angles":{"W":0.446198,"X":0.0,"Y":0.0,"Z":-0.894934}},"ID":2075590656}]}