{"Key":48029,"Weenies":[{"WCID":509,"Position":{"ObjCellID":3147628544,"Origin":{"X":155.176,"Y":189.496,"Z":36.6771},"Angles":{"W":0.90658,"X":0.0,"Y":0.0,"Z":0.422034}},"ID":2075774976}]}