{"Key":48030,"Weenies":[{"WCID":468,"Position":{"ObjCellID":3147694080,"Origin":{"X":185.665,"Y":173.881,"Z":54.005},"Angles":{"W":-0.922047,"X":0.0,"Y":0.0,"Z":0.387077}},"ID":2075779072}]}