{"Key":48031,"Weenies":[{"WCID":1018,"Position":{"ObjCellID":3147759616,"Origin":{"X":26.9,"Y":25.6,"Z":70.0},"Angles":{"W":-0.398749,"X":0.0,"Y":0.0,"Z":-0.91706}},"ID":2075783168},{"WCID":468,"Position":{"ObjCellID":3147759616,"Origin":{"X":174.551,"Y":161.661,"Z":55.068},"Angles":{"W":0.487134,"X":0.0,"Y":0.0,"Z":-0.873327}},"ID":2075783169}]}