{"Key":48035,"Weenies":[{"WCID":397,"Position":{"ObjCellID":3148021760,"Origin":{"X":92.367,"Y":85.4375,"Z":26.8593},"Angles":{"W":0.757451,"X":0.0,"Y":0.0,"Z":-0.652892}},"ID":2075799552},{"WCID":1105,"Position":{"ObjCellID":3148021760,"Origin":{"X":73.611,"Y":14.8076,"Z":4.42366},"Angles":{"W":0.026177,"X":0.0,"Y":0.0,"Z":-0.999657}},"ID":2075799553}]}