{"Key":48063,"Weenies":[{"WCID":24911,"Position":{"ObjCellID":3149856768,"Origin":{"X":106.045,"Y":87.6608,"Z":233.468},"Angles":{"W":-0.967971,"X":0.0,"Y":0.0,"Z":0.251063}},"ID":2075914240}]}