{"Key":48070,"Weenies":[{"WCID":21413,"Position":{"ObjCellID":3150315520,"Origin":{"X":30.3116,"Y":150.955,"Z":60.005},"Angles":{"W":0.0100927,"X":0.0,"Y":0.0,"Z":0.999949}},"ID":2075942912},{"WCID":21411,"Position":{"ObjCellID":3150315520,"Origin":{"X":22.4172,"Y":151.114,"Z":60.005},"Angles":{"W":0.0350857,"X":0.0,"Y":0.0,"Z":0.999384}},"ID":2075942913},{"WCID":21399,"Position":{"ObjCellID":3150315520,"Origin":{"X":14.5426,"Y":151.668,"Z":60.005},"Angles":{"W":0.0350857,"X":0.0,"Y":0.0,"Z":0.999384}},"ID":2075942914},{"WCID":21425,"Position":{"ObjCellID":3150315520,"Origin":{"X":6.34379,"Y":152.244,"Z":60.005},"Angles":{"W":0.0350857,"X":0.0,"Y":0.0,"Z":0.999384}},"ID":2075942915}]}