{"Key":48107,"Weenies":[{"WCID":7215,"Position":{"ObjCellID":3152740352,"Origin":{"X":7.50013,"Y":178.601,"Z":-0.095},"Angles":{"W":-0.698891,"X":0.0,"Y":0.0,"Z":0.715228}},"ID":2076094464},{"WCID":7215,"Position":{"ObjCellID":3152740352,"Origin":{"X":63.8146,"Y":177.3,"Z":-0.095},"Angles":{"W":-0.698891,"X":0.0,"Y":0.0,"Z":0.715228}},"ID":2076094465},{"WCID":7215,"Position":{"ObjCellID":3152740352,"Origin":{"X":109.904,"Y":176.235,"Z":-0.095},"Angles":{"W":-0.698891,"X":0.0,"Y":0.0,"Z":0.715228}},"ID":2076094466},{"WCID":7215,"Position":{"ObjCellID":3152740352,"Origin":{"X":161.087,"Y":175.052,"Z":-0.095},"Angles":{"W":-0.698891,"X":0.0,"Y":0.0,"Z":0.715228}},"ID":2076094467}]}