{"Key":48109,"Weenies":[{"WCID":7215,"Position":{"ObjCellID":3152871424,"Origin":{"X":155.142,"Y":14.6822,"Z":-0.095},"Angles":{"W":-0.702618,"X":0.0,"Y":0.0,"Z":-0.711567}},"ID":2076102656},{"WCID":7215,"Position":{"ObjCellID":3152871424,"Origin":{"X":102.318,"Y":12.8731,"Z":-0.095},"Angles":{"W":-0.702618,"X":0.0,"Y":0.0,"Z":-0.711567}},"ID":2076102657},{"WCID":7215,"Position":{"ObjCellID":3152871424,"Origin":{"X":64.1525,"Y":12.3901,"Z":-0.095},"Angles":{"W":-0.702618,"X":0.0,"Y":0.0,"Z":-0.711567}},"ID":2076102658},{"WCID":7215,"Position":{"ObjCellID":3152871424,"Origin":{"X":11.9495,"Y":11.7295,"Z":-0.445},"Angles":{"W":-0.702618,"X":0.0,"Y":0.0,"Z":-0.711567}},"ID":2076102659}]}