{"Key":48151,"Weenies":[{"WCID":5394,"Position":{"ObjCellID":3155623936,"Origin":{"X":184.359,"Y":129.653,"Z":172.738},"Angles":{"W":0.699058,"X":0.0,"Y":0.0,"Z":-0.715065}},"ID":2076274688}]}