{"Key":48157,"Weenies":[{"WCID":2181,"Position":{"ObjCellID":3156017409,"Origin":{"X":63.035,"Y":151.665,"Z":118.882},"Angles":{"W":-4.37114E-08,"X":0.0,"Y":0.0,"Z":-1.0}},"ID":2076299266},{"WCID":509,"Position":{"ObjCellID":3156017152,"Origin":{"X":45.745,"Y":5.54324,"Z":0.005},"Angles":{"W":-0.787006,"X":0.0,"Y":0.0,"Z":0.616946}},"ID":2076299264},{"WCID":298,"Position":{"ObjCellID":3156017152,"Origin":{"X":63.0873,"Y":150.966,"Z":118.805},"Angles":{"W":1.0,"X":0.0,"Y":0.0,"Z":0.0}},"ID":2076299265}],"Links":[{"Source":2076299265,"Target":2076299266}]}