{"Key":48168,"Weenies":[{"WCID":24942,"Position":{"ObjCellID":3156738048,"Origin":{"X":33.9983,"Y":181.413,"Z":217.204},"Angles":{"W":-0.675185,"X":0.0,"Y":0.0,"Z":-0.737648}},"ID":2076344320},{"WCID":24942,"Position":{"ObjCellID":3156738048,"Origin":{"X":33.0558,"Y":181.131,"Z":217.261},"Angles":{"W":0.764009,"X":0.0,"Y":0.0,"Z":-0.645205}},"ID":2076344321},{"WCID":1154,"Position":{"ObjCellID":3156738048,"Origin":{"X":33.701,"Y":182.551,"Z":217.198},"Angles":{"W":0.288047,"X":0.0,"Y":0.0,"Z":-0.957616}},"ID":2076344322}],"Links":[{"Source":2076344320,"Target":2076344322},{"Source":2076344321,"Target":2076344322}]}