{"Key":48228,"Weenies":[{"WCID":27104,"Position":{"ObjCellID":3160670464,"Origin":{"X":15.7334,"Y":180.055,"Z":6.29733},"Angles":{"W":0.670535,"X":0.0,"Y":0.0,"Z":-0.741878}},"ID":2076590082},{"WCID":27104,"Position":{"ObjCellID":3160670466,"Origin":{"X":107.577,"Y":57.681,"Z":6.397},"Angles":{"W":-4.37114E-08,"X":0.0,"Y":0.0,"Z":-1.0}},"ID":2076590080},{"WCID":27104,"Position":{"ObjCellID":3160670208,"Origin":{"X":24.6264,"Y":131.992,"Z":21.36},"Angles":{"W":0.743442,"X":0.0,"Y":0.0,"Z":0.668801}},"ID":2076590081}]}