{"Key":48279,"Weenies":[{"WCID":2084,"Position":{"ObjCellID":3164012544,"Origin":{"X":3.81672,"Y":30.4902,"Z":1.905},"Angles":{"W":-0.91935,"X":0.0,"Y":0.0,"Z":0.39344}},"ID":2076798976}]}