{"Key":48284,"Weenies":[{"WCID":8765,"Position":{"ObjCellID":3164340224,"Origin":{"X":152.766,"Y":170.479,"Z":1.905},"Angles":{"W":0.996677,"X":0.0,"Y":0.0,"Z":-0.0814541}},"ID":2076819456},{"WCID":3955,"Position":{"ObjCellID":3164340224,"Origin":{"X":153.388,"Y":171.026,"Z":1.905},"Angles":{"W":0.428569,"X":0.0,"Y":0.0,"Z":-0.903509}},"ID":2076819457}],"Links":[{"Source":2076819456,"Target":2076819457}]}