{"Key":48288,"Weenies":[{"WCID":1032,"Position":{"ObjCellID":3164602368,"Origin":{"X":28.8717,"Y":79.3885,"Z":-0.095},"Angles":{"W":-0.0774276,"X":0.0,"Y":0.0,"Z":-0.996998}},"ID":2076835840}]}