{"Key":48313,"Weenies":[{"WCID":22829,"Position":{"ObjCellID":3166240768,"Origin":{"X":105.932,"Y":148.943,"Z":479.181},"Angles":{"W":0.148288,"X":0.0,"Y":0.0,"Z":-0.988944}},"ID":2076938240},{"WCID":7923,"Position":{"ObjCellID":3166240768,"Origin":{"X":106.179,"Y":148.472,"Z":479.26},"Angles":{"W":0.148288,"X":0.0,"Y":0.0,"Z":-0.988944}},"ID":2076938241}],"Links":[{"Source":2076938240,"Target":2076938241}]}