{"Key":48332,"Weenies":[{"WCID":8618,"Position":{"ObjCellID":3167485952,"Origin":{"X":25.2407,"Y":104.076,"Z":310.575},"Angles":{"W":-0.999968,"X":0.0,"Y":0.0,"Z":-0.00805113}},"ID":2077016064}]}