{"Key":48337,"Weenies":[{"WCID":509,"Position":{"ObjCellID":3167813632,"Origin":{"X":133.01,"Y":44.2595,"Z":102.318},"Angles":{"W":0.104769,"X":0.0,"Y":0.0,"Z":-0.994497}},"ID":2077036544}]}