{"Key":48363,"Weenies":[{"WCID":7215,"Position":{"ObjCellID":3169517568,"Origin":{"X":16.9008,"Y":186.236,"Z":-0.095},"Angles":{"W":-0.520654,"X":0.0,"Y":0.0,"Z":0.853768}},"ID":2077143040},{"WCID":7215,"Position":{"ObjCellID":3169517568,"Origin":{"X":10.9803,"Y":174.739,"Z":-0.095},"Angles":{"W":-0.520654,"X":0.0,"Y":0.0,"Z":0.853768}},"ID":2077143041}]}