{"Key":48364,"Weenies":[{"WCID":7215,"Position":{"ObjCellID":3169583104,"Origin":{"X":13.6036,"Y":34.6084,"Z":-0.095},"Angles":{"W":-0.999998,"X":0.0,"Y":0.0,"Z":-0.00182054}},"ID":2077147136},{"WCID":7215,"Position":{"ObjCellID":3169583104,"Origin":{"X":13.4253,"Y":83.5875,"Z":-0.095},"Angles":{"W":-0.999998,"X":0.0,"Y":0.0,"Z":-0.00182054}},"ID":2077147137},{"WCID":7215,"Position":{"ObjCellID":3169583104,"Origin":{"X":13.248,"Y":132.294,"Z":-0.095},"Angles":{"W":-0.999998,"X":0.0,"Y":0.0,"Z":-0.00182054}},"ID":2077147138}]}