{"Key":48365,"Weenies":[{"WCID":7215,"Position":{"ObjCellID":3169648640,"Origin":{"X":17.9373,"Y":6.78919,"Z":-0.095},"Angles":{"W":-0.999998,"X":0.0,"Y":0.0,"Z":-0.00182054}},"ID":2077151232},{"WCID":7215,"Position":{"ObjCellID":3169648640,"Origin":{"X":9.05964,"Y":13.0363,"Z":-0.095},"Angles":{"W":-0.999998,"X":0.0,"Y":0.0,"Z":-0.00182054}},"ID":2077151233}]}