{"Key":48494,"Weenies":[{"WCID":394,"Position":{"ObjCellID":3178102784,"Origin":{"X":41.976,"Y":105.166,"Z":6.005},"Angles":{"W":0.68772,"X":0.0,"Y":0.0,"Z":0.725976}},"ID":2077679619},{"WCID":394,"Position":{"ObjCellID":3178102784,"Origin":{"X":39.8833,"Y":104.27,"Z":6.005},"Angles":{"W":0.68772,"X":0.0,"Y":0.0,"Z":0.725976}},"ID":2077679617},{"WCID":394,"Position":{"ObjCellID":3178102784,"Origin":{"X":39.9423,"Y":106.624,"Z":6.005},"Angles":{"W":0.508416,"X":0.0,"Y":0.0,"Z":0.861112}},"ID":2077679618}]}