{"Key":48496,"Weenies":[{"WCID":27678,"Position":{"ObjCellID":3178233856,"Origin":{"X":176.541,"Y":93.454,"Z":5.905},"Angles":{"W":0.70962,"X":0.0,"Y":0.0,"Z":-0.704585}},"ID":2077687808}]}