{"Key":48513,"Weenies":[{"WCID":1020,"Position":{"ObjCellID":3179347968,"Origin":{"X":165.119,"Y":104.77,"Z":55.715},"Angles":{"W":-0.135711,"X":0.0,"Y":0.0,"Z":0.990748}},"ID":2077757440},{"WCID":1351,"Position":{"ObjCellID":3179347968,"Origin":{"X":166.385,"Y":102.528,"Z":55.2267},"Angles":{"W":-0.965202,"X":0.0,"Y":0.0,"Z":-0.261507}},"ID":2077757441}]}