{"Key":48542,"Weenies":[{"WCID":1112,"Position":{"ObjCellID":3181248512,"Origin":{"X":153.2,"Y":188.0,"Z":2.0},"Angles":{"W":-0.398749,"X":0.0,"Y":0.0,"Z":-0.91706}},"ID":2077876224},{"WCID":509,"Position":{"ObjCellID":3181248512,"Origin":{"X":42.3517,"Y":58.6909,"Z":9.59593},"Angles":{"W":-0.398749,"X":0.0,"Y":0.0,"Z":-0.91706}},"ID":2077876225}]}