{"Key":48592,"Weenies":[{"WCID":1103,"Position":{"ObjCellID":3184525312,"Origin":{"X":11.4406,"Y":126.015,"Z":112.902},"Angles":{"W":0.707107,"X":0.0,"Y":0.0,"Z":-0.707107}},"ID":2078081024}]}