{"Key":48731,"Weenies":[{"WCID":8379,"Position":{"ObjCellID":3193634816,"Origin":{"X":99.8725,"Y":28.6991,"Z":6.005},"Angles":{"W":-0.619617,"X":0.0,"Y":0.0,"Z":0.784904}},"ID":2078650368}]}