{"Key":48748,"Weenies":[{"WCID":1386,"Position":{"ObjCellID":3194748928,"Origin":{"X":74.3482,"Y":102.803,"Z":42.005},"Angles":{"W":-0.722647,"X":0.0,"Y":0.0,"Z":0.691217}},"ID":2078720000}]}