{"Key":48764,"Weenies":[{"WCID":12692,"Position":{"ObjCellID":3195797504,"Origin":{"X":166.942,"Y":130.946,"Z":31.0053},"Angles":{"W":0.840713,"X":0.0,"Y":0.0,"Z":0.541481}},"ID":2078785536}]}