{"Key":48784,"Weenies":[{"WCID":2047,"Position":{"ObjCellID":3197108482,"Origin":{"X":157.069,"Y":85.0043,"Z":23.205},"Angles":{"W":-0.361843,"X":0.0,"Y":0.0,"Z":-0.932239}},"ID":2078867458},{"WCID":412,"Position":{"ObjCellID":3197108224,"Origin":{"X":154.57,"Y":81.9248,"Z":24.0},"Angles":{"W":0.954858,"X":0.0,"Y":0.0,"Z":-0.297062}},"ID":2078867456},{"WCID":794,"Position":{"ObjCellID":3197108224,"Origin":{"X":161.64,"Y":78.5821,"Z":24.005},"Angles":{"W":0.133408,"X":0.0,"Y":0.0,"Z":-0.991061}},"ID":2078867457}]}