{"Key":48851,"Weenies":[{"WCID":1327,"Position":{"ObjCellID":3201499136,"Origin":{"X":67.17,"Y":170.94,"Z":146.0},"Angles":{"W":-0.00872653,"X":0.0,"Y":0.0,"Z":-0.999962}},"ID":2079141888}]}