{"Key":48926,"Weenies":[{"WCID":12290,"Position":{"ObjCellID":3206414336,"Origin":{"X":180.287,"Y":151.425,"Z":292.41},"Angles":{"W":0.411248,"X":0.0,"Y":0.0,"Z":-0.911523}},"ID":2079449089}]}