{"Key":48958,"Weenies":[{"WCID":1371,"Position":{"ObjCellID":3208511744,"Origin":{"X":38.4618,"Y":60.3265,"Z":44.005},"Angles":{"W":-0.173648,"X":0.0,"Y":0.0,"Z":-0.984808}},"ID":2079580160}]}