{"Key":48999,"Weenies":[{"WCID":390,"Position":{"ObjCellID":3211198464,"Origin":{"X":100.795,"Y":56.7071,"Z":70.9803},"Angles":{"W":-0.421679,"X":0.0,"Y":0.0,"Z":-0.906745}},"ID":2079748096},{"WCID":390,"Position":{"ObjCellID":3211198464,"Origin":{"X":113.845,"Y":37.4937,"Z":70.9803},"Angles":{"W":-0.986012,"X":0.0,"Y":0.0,"Z":-0.166675}},"ID":2079748097}]}