{"Key":49039,"Weenies":[{"WCID":794,"Position":{"ObjCellID":3213819904,"Origin":{"X":66.9461,"Y":114.749,"Z":26.5998},"Angles":{"W":-0.979495,"X":0.0,"Y":0.0,"Z":-0.201467}},"ID":2079911936},{"WCID":794,"Position":{"ObjCellID":3213819904,"Origin":{"X":100.445,"Y":138.151,"Z":25.9957},"Angles":{"W":-0.949988,"X":0.0,"Y":0.0,"Z":0.312286}},"ID":2079911937},{"WCID":794,"Position":{"ObjCellID":3213819904,"Origin":{"X":66.5422,"Y":173.265,"Z":26.6533},"Angles":{"W":-0.981468,"X":0.0,"Y":0.0,"Z":-0.191627}},"ID":2079911938}]}