{"Key":49040,"Weenies":[{"WCID":794,"Position":{"ObjCellID":3213885440,"Origin":{"X":53.0806,"Y":5.16618,"Z":26.5997},"Angles":{"W":0.99403,"X":0.0,"Y":0.0,"Z":-0.109109}},"ID":2079916032},{"WCID":794,"Position":{"ObjCellID":3213885440,"Origin":{"X":41.1448,"Y":28.5241,"Z":28.1243},"Angles":{"W":0.997,"X":0.0,"Y":0.0,"Z":0.0774016}},"ID":2079916033}]}