{"Key":49106,"Weenies":[{"WCID":5864,"Position":{"ObjCellID":3218210816,"Origin":{"X":124.508,"Y":20.2073,"Z":304.645},"Angles":{"W":0.670344,"X":0.0,"Y":0.0,"Z":-0.742051}},"ID":2080186368},{"WCID":5887,"Position":{"ObjCellID":3218210816,"Origin":{"X":123.418,"Y":18.2807,"Z":304.091},"Angles":{"W":0.97988,"X":0.0,"Y":0.0,"Z":-0.199586}},"ID":2080186369},{"WCID":8597,"Position":{"ObjCellID":3218210816,"Origin":{"X":127.4,"Y":17.546,"Z":306.322},"Angles":{"W":-0.707107,"X":0.0,"Y":0.0,"Z":-0.707107}},"ID":2080186371}]}