{"Key":49197,"Weenies":[{"WCID":8127,"Position":{"ObjCellID":3224174592,"Origin":{"X":163.377,"Y":126.913,"Z":258.0},"Angles":{"W":-0.730213,"X":0.0,"Y":0.0,"Z":-0.683219}},"ID":2080559104},{"WCID":8127,"Position":{"ObjCellID":3224174592,"Origin":{"X":157.335,"Y":127.282,"Z":258.005},"Angles":{"W":-0.730213,"X":0.0,"Y":0.0,"Z":-0.683219}},"ID":2080559105},{"WCID":8127,"Position":{"ObjCellID":3224174592,"Origin":{"X":163.497,"Y":132.644,"Z":258.005},"Angles":{"W":-0.730213,"X":0.0,"Y":0.0,"Z":-0.683219}},"ID":2080559107}]}