{"Key":49252,"Weenies":[{"WCID":1380,"Position":{"ObjCellID":3227779334,"Origin":{"X":110.056,"Y":54.5157,"Z":30.005},"Angles":{"W":0.675134,"X":0.0,"Y":0.0,"Z":0.737695}},"ID":2080784385},{"WCID":720,"Position":{"ObjCellID":3227779072,"Origin":{"X":101.256,"Y":60.95,"Z":30.0},"Angles":{"W":0.0,"X":0.0,"Y":0.0,"Z":-1.0}},"ID":2080784384}]}