{"Key":49279,"Weenies":[{"WCID":12127,"Position":{"ObjCellID":3229548802,"Origin":{"X":31.1085,"Y":150.694,"Z":47.205},"Angles":{"W":-0.520591,"X":0.0,"Y":0.0,"Z":-0.853806}},"ID":2080894977},{"WCID":5086,"Position":{"ObjCellID":3229548802,"Origin":{"X":28.2035,"Y":149.533,"Z":47.205},"Angles":{"W":0.923965,"X":0.0,"Y":0.0,"Z":-0.382476}},"ID":2080894978},{"WCID":412,"Position":{"ObjCellID":3229548544,"Origin":{"X":27.7041,"Y":152.584,"Z":48.0},"Angles":{"W":0.38198,"X":0.0,"Y":0.0,"Z":-0.924171}},"ID":2080894976}],"Links":[{"Source":2080894977,"Target":2080894978}]}