{"Key":49280,"Weenies":[{"WCID":4425,"Position":{"ObjCellID":3229614080,"Origin":{"X":8.41417,"Y":90.3941,"Z":34.005},"Angles":{"W":0.655947,"X":0.0,"Y":0.0,"Z":-0.754807}},"ID":2080899072},{"WCID":4425,"Position":{"ObjCellID":3229614080,"Origin":{"X":4.2779,"Y":154.291,"Z":33.6502},"Angles":{"W":0.80638,"X":0.0,"Y":0.0,"Z":-0.591398}},"ID":2080899073}]}