{"Key":49282,"Weenies":[{"WCID":509,"Position":{"ObjCellID":3229745152,"Origin":{"X":6.17334,"Y":60.6673,"Z":45.5805},"Angles":{"W":-0.951112,"X":0.0,"Y":0.0,"Z":0.308846}},"ID":2080907264},{"WCID":1025,"Position":{"ObjCellID":3229745152,"Origin":{"X":78.1538,"Y":59.4557,"Z":60.005},"Angles":{"W":0.0805964,"X":0.0,"Y":0.0,"Z":0.996747}},"ID":2080907265}]}