{"Key":49307,"Weenies":[{"WCID":1113,"Position":{"ObjCellID":3231383552,"Origin":{"X":61.6,"Y":38.4,"Z":2.0},"Angles":{"W":-0.819152,"X":0.0,"Y":0.0,"Z":-0.573576}},"ID":2081009664}]}