{"Key":49322,"Weenies":[{"WCID":30768,"Position":{"ObjCellID":3232366592,"Origin":{"X":54.221,"Y":37.7618,"Z":54.6407},"Angles":{"W":0.99977,"X":0.0,"Y":0.0,"Z":-0.0214492}},"ID":2081071104}]}