{"Key":49458,"Weenies":[{"WCID":1390,"Position":{"ObjCellID":3241279488,"Origin":{"X":75.995,"Y":99.32,"Z":150.005},"Angles":{"W":0.934199,"X":0.0,"Y":0.0,"Z":0.356751}},"ID":2081628160},{"WCID":509,"Position":{"ObjCellID":3241279488,"Origin":{"X":100.345,"Y":114.25,"Z":150.005},"Angles":{"W":0.998862,"X":0.0,"Y":0.0,"Z":-0.0476945}},"ID":2081628161},{"WCID":4037,"Position":{"ObjCellID":3241279488,"Origin":{"X":53.2923,"Y":101.156,"Z":151.564},"Angles":{"W":0.360225,"X":0.0,"Y":0.0,"Z":0.932866}},"ID":2081628162}]}