{"Key":49540,"Weenies":[{"WCID":4166,"Position":{"ObjCellID":3246653440,"Origin":{"X":35.182,"Y":20.07,"Z":50.0},"Angles":{"W":0.431173,"X":0.0,"Y":0.0,"Z":-0.902269}},"ID":2081964032}]}