{"Key":49594,"Weenies":[{"WCID":384,"Position":{"ObjCellID":3250192384,"Origin":{"X":156.912,"Y":159.407,"Z":162.873},"Angles":{"W":0.942047,"X":0.0,"Y":0.0,"Z":0.33548}},"ID":2082185216},{"WCID":384,"Position":{"ObjCellID":3250192384,"Origin":{"X":150.343,"Y":157.855,"Z":161.908},"Angles":{"W":0.302348,"X":0.0,"Y":0.0,"Z":0.953198}},"ID":2082185217},{"WCID":384,"Position":{"ObjCellID":3250192384,"Origin":{"X":148.854,"Y":161.059,"Z":161.392},"Angles":{"W":0.156174,"X":0.0,"Y":0.0,"Z":-0.98773}},"ID":2082185218}]}