{"Key":49595,"Weenies":[{"WCID":3649,"Position":{"ObjCellID":3250257920,"Origin":{"X":128.309,"Y":100.343,"Z":151.643},"Angles":{"W":0.44095,"X":0.0,"Y":0.0,"Z":0.897532}},"ID":2082189312}]}