{"Key":49598,"Weenies":[{"WCID":384,"Position":{"ObjCellID":3250454528,"Origin":{"X":13.448,"Y":49.8578,"Z":174.155},"Angles":{"W":0.763618,"X":0.0,"Y":0.0,"Z":0.645668}},"ID":2082201600},{"WCID":384,"Position":{"ObjCellID":3250454528,"Origin":{"X":22.7944,"Y":46.716,"Z":173.898},"Angles":{"W":-0.431078,"X":0.0,"Y":0.0,"Z":0.902315}},"ID":2082201601},{"WCID":384,"Position":{"ObjCellID":3250454528,"Origin":{"X":10.374,"Y":44.8442,"Z":173.742},"Angles":{"W":0.393388,"X":0.0,"Y":0.0,"Z":0.919373}},"ID":2082201602},{"WCID":384,"Position":{"ObjCellID":3250454528,"Origin":{"X":10.5439,"Y":57.6355,"Z":174.808},"Angles":{"W":-0.501414,"X":0.0,"Y":0.0,"Z":0.865208}},"ID":2082201603}]}