{"Key":49615,"Weenies":[{"WCID":7254,"Position":{"ObjCellID":3251568640,"Origin":{"X":76.8862,"Y":165.883,"Z":278.183},"Angles":{"W":-0.678229,"X":0.0,"Y":0.0,"Z":-0.73485}},"ID":2082271232}]}