{"Key":49757,"Weenies":[{"WCID":27477,"Position":{"ObjCellID":3260875008,"Origin":{"X":155.645,"Y":28.3482,"Z":0.805},"Angles":{"W":-0.999996,"X":0.0,"Y":0.0,"Z":0.00294737}},"ID":2082852864}]}