{"Key":49792,"Weenies":[{"WCID":11953,"Position":{"ObjCellID":3263168512,"Origin":{"X":179.601,"Y":180.062,"Z":36.5},"Angles":{"W":0.236117,"X":0.0,"Y":0.0,"Z":-0.971725}},"ID":2082996224}]}