{"Key":49794,"Weenies":[{"WCID":7208,"Position":{"ObjCellID":3263299584,"Origin":{"X":57.8179,"Y":162.889,"Z":54.005},"Angles":{"W":-0.876503,"X":0.0,"Y":0.0,"Z":-0.481396}},"ID":2083004416}]}