{"Key":49809,"Weenies":[{"WCID":1400,"Position":{"ObjCellID":3264282624,"Origin":{"X":159.946,"Y":117.265,"Z":2.005},"Angles":{"W":-0.980814,"X":0.0,"Y":0.0,"Z":-0.194944}},"ID":2083065856},{"WCID":907,"Position":{"ObjCellID":3264282624,"Origin":{"X":188.967,"Y":152.801,"Z":1.555},"Angles":{"W":-0.418713,"X":0.0,"Y":0.0,"Z":-0.908119}},"ID":2083065857},{"WCID":907,"Position":{"ObjCellID":3264282624,"Origin":{"X":188.987,"Y":148.358,"Z":1.555},"Angles":{"W":-0.483057,"X":0.0,"Y":0.0,"Z":-0.875589}},"ID":2083065858},{"WCID":907,"Position":{"ObjCellID":3264282624,"Origin":{"X":187.403,"Y":154.796,"Z":1.555},"Angles":{"W":-0.148043,"X":0.0,"Y":0.0,"Z":-0.988981}},"ID":2083065859}]}