{"Key":49818,"Weenies":[{"WCID":1099,"Position":{"ObjCellID":3264872448,"Origin":{"X":166.547,"Y":25.265,"Z":73.8931},"Angles":{"W":0.996917,"X":0.0,"Y":0.0,"Z":-0.0784591}},"ID":2083102720}]}