{"Key":49833,"Weenies":[{"WCID":5384,"Position":{"ObjCellID":3265855488,"Origin":{"X":175.95,"Y":89.5618,"Z":108.005},"Angles":{"W":0.821465,"X":0.0,"Y":0.0,"Z":-0.570259}},"ID":2083164160}]}