{"Key":49959,"Weenies":[{"WCID":3953,"Position":{"ObjCellID":3274113024,"Origin":{"X":115.665,"Y":83.5431,"Z":330.321},"Angles":{"W":0.70452,"X":0.0,"Y":0.0,"Z":-0.709685}},"ID":2083680256},{"WCID":5765,"Position":{"ObjCellID":3274113024,"Origin":{"X":115.665,"Y":83.5431,"Z":330.321},"Angles":{"W":-0.932932,"X":0.0,"Y":0.0,"Z":-0.360052}},"ID":2083680257}],"Links":[{"Source":2083680257,"Target":2083680256}]}