{"Key":50016,"Weenies":[{"WCID":6084,"Position":{"ObjCellID":3277848576,"Origin":{"X":19.0042,"Y":11.1853,"Z":6.005},"Angles":{"W":-0.99864,"X":0.0,"Y":0.0,"Z":-0.0521432}},"ID":2083913728}]}