{"Key":50060,"Weenies":[{"WCID":5387,"Position":{"ObjCellID":3280732160,"Origin":{"X":36.0,"Y":108.0,"Z":40.005},"Angles":{"W":0.92388,"X":0.0,"Y":0.0,"Z":-0.382683}},"ID":2084093952}]}