{"Key":50222,"Weenies":[{"WCID":7610,"Position":{"ObjCellID":3291348992,"Origin":{"X":150.476,"Y":183.642,"Z":254.769},"Angles":{"W":0.949796,"X":0.0,"Y":0.0,"Z":0.312871}},"ID":2084757504}]}