{"Key":50228,"Weenies":[{"WCID":6397,"Position":{"ObjCellID":3291742208,"Origin":{"X":25.9823,"Y":96.5481,"Z":150.102},"Angles":{"W":-0.885416,"X":0.0,"Y":0.0,"Z":-0.464799}},"ID":2084782080},{"WCID":1351,"Position":{"ObjCellID":3291742208,"Origin":{"X":24.6868,"Y":93.0742,"Z":150.55},"Angles":{"W":0.893644,"X":0.0,"Y":0.0,"Z":0.448776}},"ID":2084782081}]}