{"Key":50230,"Weenies":[{"WCID":2341,"Position":{"ObjCellID":3291873280,"Origin":{"X":111.782,"Y":16.4698,"Z":64.713},"Angles":{"W":0.998648,"X":0.0,"Y":0.0,"Z":-0.0519838}},"ID":2084790272}]}