{"Key":50231,"Weenies":[{"WCID":509,"Position":{"ObjCellID":3291938816,"Origin":{"X":57.8491,"Y":131.048,"Z":64.9256},"Angles":{"W":0.991919,"X":0.0,"Y":0.0,"Z":0.126869}},"ID":2084794368}]}