{"Key":50244,"Weenies":[{"WCID":7941,"Position":{"ObjCellID":3292790784,"Origin":{"X":92.9729,"Y":152.769,"Z":249.022},"Angles":{"W":-0.964423,"X":0.0,"Y":0.0,"Z":0.264364}},"ID":2084847617}]}