{"Key":50316,"Weenies":[{"WCID":1122,"Position":{"ObjCellID":3297509376,"Origin":{"X":10.2642,"Y":72.9759,"Z":29.1503},"Angles":{"W":-0.707107,"X":0.0,"Y":0.0,"Z":-0.707107}},"ID":2085142528}]}