{"Key":50317,"Weenies":[{"WCID":2067,"Position":{"ObjCellID":3297574912,"Origin":{"X":45.2677,"Y":154.041,"Z":15.7426},"Angles":{"W":0.464293,"X":0.0,"Y":0.0,"Z":0.885682}},"ID":2085146624}]}