{"Key":50362,"Weenies":[{"WCID":384,"Position":{"ObjCellID":3300524032,"Origin":{"X":162.856,"Y":155.234,"Z":182.513},"Angles":{"W":-0.84768,"X":0.0,"Y":0.0,"Z":0.530508}},"ID":2085330944},{"WCID":384,"Position":{"ObjCellID":3300524032,"Origin":{"X":162.294,"Y":152.713,"Z":182.256},"Angles":{"W":0.115921,"X":0.0,"Y":0.0,"Z":0.993258}},"ID":2085330945},{"WCID":384,"Position":{"ObjCellID":3300524032,"Origin":{"X":158.276,"Y":150.543,"Z":181.74},"Angles":{"W":0.115921,"X":0.0,"Y":0.0,"Z":0.993258}},"ID":2085330946},{"WCID":384,"Position":{"ObjCellID":3300524032,"Origin":{"X":158.38,"Y":156.56,"Z":182.25},"Angles":{"W":0.976523,"X":0.0,"Y":0.0,"Z":0.215413}},"ID":2085330947}]}