{"Key":50526,"Weenies":[{"WCID":899,"Position":{"ObjCellID":3311271936,"Origin":{"X":121.617,"Y":190.002,"Z":5.555},"Angles":{"W":0.502892,"X":0.0,"Y":0.0,"Z":-0.864349}},"ID":2086002688},{"WCID":383,"Position":{"ObjCellID":3311271936,"Origin":{"X":110.368,"Y":163.291,"Z":5.555},"Angles":{"W":0.213912,"X":0.0,"Y":0.0,"Z":-0.976853}},"ID":2086002689},{"WCID":1131,"Position":{"ObjCellID":3311271936,"Origin":{"X":129.127,"Y":176.089,"Z":6.625},"Angles":{"W":0.90368,"X":0.0,"Y":0.0,"Z":0.428208}},"ID":2086002690}]}