{"Key":50560,"Weenies":[{"WCID":4961,"Position":{"ObjCellID":3313500418,"Origin":{"X":51.603,"Y":108.0,"Z":30.805},"Angles":{"W":0.707107,"X":0.0,"Y":0.0,"Z":-0.707107}},"ID":2086141952}]}