{"Key":50573,"Weenies":[{"WCID":1378,"Position":{"ObjCellID":3314352128,"Origin":{"X":10.4558,"Y":115.925,"Z":15.4766},"Angles":{"W":-0.0251663,"X":0.0,"Y":0.0,"Z":0.999683}},"ID":2086195200}]}