{"Key":50600,"Weenies":[{"WCID":403,"Position":{"ObjCellID":3316121858,"Origin":{"X":37.7449,"Y":83.8659,"Z":55.205},"Angles":{"W":-0.741617,"X":0.0,"Y":0.0,"Z":-0.670824}},"ID":2086305795},{"WCID":412,"Position":{"ObjCellID":3316121600,"Origin":{"X":33.4934,"Y":84.0005,"Z":56.0},"Angles":{"W":0.707107,"X":0.0,"Y":0.0,"Z":-0.707107}},"ID":2086305792},{"WCID":412,"Position":{"ObjCellID":3316121600,"Origin":{"X":14.52,"Y":108.0,"Z":56.0},"Angles":{"W":-0.707107,"X":0.0,"Y":0.0,"Z":-0.707107}},"ID":2086305793}]}