{"Key":50601,"Weenies":[{"WCID":6090,"Position":{"ObjCellID":3316187393,"Origin":{"X":31.813,"Y":77.701,"Z":54.005},"Angles":{"W":-0.707107,"X":0.0,"Y":0.0,"Z":-0.707107}},"ID":2086309888},{"WCID":27547,"Position":{"ObjCellID":3316187136,"Origin":{"X":38.5916,"Y":88.6518,"Z":52.005},"Angles":{"W":-0.77686,"X":0.0,"Y":0.0,"Z":-0.629674}},"ID":2086309892},{"WCID":4568,"Position":{"ObjCellID":3316187136,"Origin":{"X":184.47,"Y":141.353,"Z":45.0745},"Angles":{"W":-0.92388,"X":0.0,"Y":0.0,"Z":-0.382683}},"ID":2086309889}]}