{"Key":50603,"Weenies":[{"WCID":1904,"Position":{"ObjCellID":3316318208,"Origin":{"X":85.5784,"Y":8.44502,"Z":52.8735},"Angles":{"W":0.999069,"X":0.0,"Y":0.0,"Z":0.0431314}},"ID":2086318080}]}