{"Key":50610,"Weenies":[{"WCID":5877,"Position":{"ObjCellID":3316777218,"Origin":{"X":182.142,"Y":156.189,"Z":261.205},"Angles":{"W":-0.671999,"X":0.0,"Y":0.0,"Z":-0.740552}},"ID":2086346754},{"WCID":5876,"Position":{"ObjCellID":3316777218,"Origin":{"X":178.104,"Y":156.864,"Z":261.205},"Angles":{"W":-0.483534,"X":0.0,"Y":0.0,"Z":0.875326}},"ID":2086346755},{"WCID":412,"Position":{"ObjCellID":3316776960,"Origin":{"X":180.0,"Y":153.48,"Z":262.0},"Angles":{"W":1.0,"X":0.0,"Y":0.0,"Z":0.0}},"ID":2086346752},{"WCID":1013,"Position":{"ObjCellID":3316776960,"Origin":{"X":33.329,"Y":116.066,"Z":241.462},"Angles":{"W":0.678986,"X":0.0,"Y":0.0,"Z":-0.734151}},"ID":2086346753}]}