{"Key":50640,"Weenies":[{"WCID":24914,"Position":{"ObjCellID":3318743040,"Origin":{"X":131.105,"Y":20.2223,"Z":111.875},"Angles":{"W":-0.998693,"X":0.0,"Y":0.0,"Z":-0.0511066}},"ID":2086469632}]}