{"Key":50851,"Weenies":[{"WCID":153,"Position":{"ObjCellID":3332571136,"Origin":{"X":73.894,"Y":97.8565,"Z":34.005},"Angles":{"W":0.970363,"X":0.0,"Y":0.0,"Z":-0.241653}},"ID":2087333888}]}