{"Key":50866,"Weenies":[{"WCID":1121,"Position":{"ObjCellID":3333554176,"Origin":{"X":190.3,"Y":156.3,"Z":303.0},"Angles":{"W":0.766044,"X":0.0,"Y":0.0,"Z":-0.642788}},"ID":2087395328}]}