{"Key":50976,"Weenies":[{"WCID":4122,"Position":{"ObjCellID":3340763394,"Origin":{"X":10.2967,"Y":106.364,"Z":251.205},"Angles":{"W":-0.844195,"X":0.0,"Y":0.0,"Z":-0.536036}},"ID":2087845889},{"WCID":1154,"Position":{"ObjCellID":3340763394,"Origin":{"X":11.4124,"Y":107.144,"Z":251.205},"Angles":{"W":-0.615134,"X":0.0,"Y":0.0,"Z":-0.788423}},"ID":2087845890},{"WCID":412,"Position":{"ObjCellID":3340763136,"Origin":{"X":9.86547,"Y":110.339,"Z":252.0},"Angles":{"W":0.156004,"X":0.0,"Y":0.0,"Z":-0.987756}},"ID":2087845888}],"Links":[{"Source":2087845889,"Target":2087845890}]}