{"Key":51084,"Weenies":[{"WCID":1020,"Position":{"ObjCellID":3347841024,"Origin":{"X":25.0,"Y":18.8,"Z":26.4337},"Angles":{"W":-0.999048,"X":0.0,"Y":0.0,"Z":-0.0436193}},"ID":2088288256},{"WCID":482,"Position":{"ObjCellID":3347841024,"Origin":{"X":49.8462,"Y":80.9846,"Z":22.005},"Angles":{"W":0.956082,"X":0.0,"Y":0.0,"Z":-0.2931}},"ID":2088288257}]}