{"Key":51085,"Weenies":[{"WCID":1335,"Position":{"ObjCellID":3347906560,"Origin":{"X":56.776,"Y":21.25,"Z":22.1},"Angles":{"W":0.894934,"X":0.0,"Y":0.0,"Z":-0.446198}},"ID":2088292352}]}