{"Key":51131,"Weenies":[{"WCID":23618,"Position":{"ObjCellID":3350921216,"Origin":{"X":36.2672,"Y":156.867,"Z":116.005},"Angles":{"W":0.00560061,"X":0.0,"Y":0.0,"Z":0.999984}},"ID":2088480768}]}