{"Key":51290,"Weenies":[{"WCID":2289,"Position":{"ObjCellID":3361341440,"Origin":{"X":172.091,"Y":165.012,"Z":12.005},"Angles":{"W":0.92388,"X":0.0,"Y":0.0,"Z":-0.382683}},"ID":2089132032}]}