{"Key":51291,"Weenies":[{"WCID":26536,"Position":{"ObjCellID":3361406976,"Origin":{"X":41.7155,"Y":38.1777,"Z":5.9066},"Angles":{"W":-0.702155,"X":0.0,"Y":0.0,"Z":0.712024}},"ID":2089136128},{"WCID":7923,"Position":{"ObjCellID":3361406976,"Origin":{"X":40.1546,"Y":38.1995,"Z":5.905},"Angles":{"W":-0.702155,"X":0.0,"Y":0.0,"Z":0.712024}},"ID":2089136129}],"Links":[{"Source":2089136128,"Target":2089136129}]}