{"Key":51292,"Weenies":[{"WCID":2289,"Position":{"ObjCellID":3361472512,"Origin":{"X":163.873,"Y":44.1612,"Z":12.005},"Angles":{"W":0.382683,"X":0.0,"Y":0.0,"Z":-0.92388}},"ID":2089140224}]}