{"Key":51341,"Weenies":[{"WCID":6103,"Position":{"ObjCellID":3364684033,"Origin":{"X":35.0909,"Y":14.0979,"Z":24.005},"Angles":{"W":0.999216,"X":0.0,"Y":0.0,"Z":-0.0395811}},"ID":2089340928},{"WCID":27547,"Position":{"ObjCellID":3364683776,"Origin":{"X":46.2842,"Y":10.5845,"Z":22.005},"Angles":{"W":0.928513,"X":0.0,"Y":0.0,"Z":0.371301}},"ID":2089340929}]}