{"Key":51350,"Weenies":[{"WCID":1331,"Position":{"ObjCellID":3365273600,"Origin":{"X":13.3225,"Y":73.8515,"Z":8.01725},"Angles":{"W":0.833886,"X":0.0,"Y":0.0,"Z":-0.551937}},"ID":2089377792}]}