{"Key":51363,"Weenies":[{"WCID":893,"Position":{"ObjCellID":3366125568,"Origin":{"X":167.727,"Y":135.111,"Z":67.2643},"Angles":{"W":-0.0970394,"X":0.0,"Y":0.0,"Z":-0.995281}},"ID":2089431040},{"WCID":893,"Position":{"ObjCellID":3366125568,"Origin":{"X":161.395,"Y":133.222,"Z":67.1069},"Angles":{"W":0.496989,"X":0.0,"Y":0.0,"Z":-0.867757}},"ID":2089431041}]}