{"Key":51369,"Weenies":[{"WCID":509,"Position":{"ObjCellID":3366518784,"Origin":{"X":29.0622,"Y":164.809,"Z":110.353},"Angles":{"W":0.568841,"X":0.0,"Y":0.0,"Z":0.822447}},"ID":2089455616}]}