{"Key":51379,"Weenies":[{"WCID":2086,"Position":{"ObjCellID":3367174144,"Origin":{"X":13.8995,"Y":177.473,"Z":242.794},"Angles":{"W":-0.930274,"X":0.0,"Y":0.0,"Z":0.366866}},"ID":2089496576}]}