{"Key":51486,"Weenies":[{"WCID":25826,"Position":{"ObjCellID":3374186496,"Origin":{"X":90.4914,"Y":63.1682,"Z":220.533},"Angles":{"W":0.496448,"X":0.0,"Y":0.0,"Z":0.868067}},"ID":2089934848},{"WCID":7923,"Position":{"ObjCellID":3374186496,"Origin":{"X":91.4085,"Y":61.6093,"Z":220.273},"Angles":{"W":0.496448,"X":0.0,"Y":0.0,"Z":0.868067}},"ID":2089934849}],"Links":[{"Source":2089934848,"Target":2089934849}]}