{"Key":51501,"Weenies":[{"WCID":1601,"Position":{"ObjCellID":3375169792,"Origin":{"X":107.812,"Y":33.022,"Z":151.66},"Angles":{"W":-0.999901,"X":0.0,"Y":0.0,"Z":0.0140889}},"ID":2089996288}]}