{"Key":51544,"Weenies":[{"WCID":27675,"Position":{"ObjCellID":3377987584,"Origin":{"X":18.7527,"Y":73.8121,"Z":35.1147},"Angles":{"W":-0.297335,"X":0.0,"Y":0.0,"Z":0.954773}},"ID":2090172416}]}