{"Key":51546,"Weenies":[{"WCID":30768,"Position":{"ObjCellID":3378118656,"Origin":{"X":98.966,"Y":117.629,"Z":0.00499998},"Angles":{"W":0.601148,"X":0.0,"Y":0.0,"Z":-0.799137}},"ID":2090180608}]}