{"Key":51594,"Weenies":[{"WCID":1400,"Position":{"ObjCellID":3381264384,"Origin":{"X":135.822,"Y":169.334,"Z":3.905},"Angles":{"W":0.997008,"X":0.0,"Y":0.0,"Z":0.0773007}},"ID":2090377216},{"WCID":886,"Position":{"ObjCellID":3381264384,"Origin":{"X":177.508,"Y":174.608,"Z":4.00112},"Angles":{"W":0.658195,"X":0.0,"Y":0.0,"Z":0.752848}},"ID":2090377217}]}