{"Key":51598,"Weenies":[{"WCID":419,"Position":{"ObjCellID":3381526528,"Origin":{"X":74.122,"Y":152.005,"Z":4.0},"Angles":{"W":0.96321,"X":0.0,"Y":0.0,"Z":0.268749}},"ID":2090393600},{"WCID":1400,"Position":{"ObjCellID":3381526528,"Origin":{"X":74.6904,"Y":148.175,"Z":4.0},"Angles":{"W":0.599511,"X":0.0,"Y":0.0,"Z":-0.800367}},"ID":2090393601}]}