{"Key":51757,"Weenies":[{"WCID":1903,"Position":{"ObjCellID":3391947009,"Origin":{"X":180.0,"Y":185.0,"Z":170.005},"Angles":{"W":0.997651,"X":0.0,"Y":0.0,"Z":-0.0685027}},"ID":2091044864},{"WCID":1764,"Position":{"ObjCellID":3391947012,"Origin":{"X":179.709,"Y":112.689,"Z":161.66},"Angles":{"W":-0.998842,"X":0.0,"Y":0.0,"Z":-0.0481011}},"ID":2091044866},{"WCID":1154,"Position":{"ObjCellID":3391947012,"Origin":{"X":182.498,"Y":113.026,"Z":161.66},"Angles":{"W":-0.998842,"X":0.0,"Y":0.0,"Z":-0.0481011}},"ID":2091044865}],"Links":[{"Source":2091044866,"Target":2091044865}]}