{"Key":51776,"Weenies":[{"WCID":509,"Position":{"ObjCellID":3393191936,"Origin":{"X":46.8114,"Y":56.8978,"Z":150.005},"Angles":{"W":0.911331,"X":0.0,"Y":0.0,"Z":-0.411674}},"ID":2091122688}]}