{"Key":51791,"Weenies":[{"WCID":25837,"Position":{"ObjCellID":3394174976,"Origin":{"X":124.162,"Y":175.541,"Z":67.6219},"Angles":{"W":0.997206,"X":0.0,"Y":0.0,"Z":-0.0746949}},"ID":2091184128}]}