{"Key":51794,"Weenies":[{"WCID":1333,"Position":{"ObjCellID":3394371584,"Origin":{"X":164.517,"Y":21.5129,"Z":58.4222},"Angles":{"W":-0.680113,"X":0.0,"Y":0.0,"Z":-0.733107}},"ID":2091196416}]}