{"Key":51810,"Weenies":[{"WCID":6393,"Position":{"ObjCellID":3395420160,"Origin":{"X":85.4292,"Y":131.975,"Z":6.005},"Angles":{"W":0.84968,"X":0.0,"Y":0.0,"Z":0.527298}},"ID":2091261952},{"WCID":1351,"Position":{"ObjCellID":3395420160,"Origin":{"X":84.3804,"Y":129.074,"Z":6.005},"Angles":{"W":-0.805485,"X":0.0,"Y":0.0,"Z":-0.592617}},"ID":2091261953}]}