{"Key":51848,"Weenies":[{"WCID":553,"Position":{"ObjCellID":3397910528,"Origin":{"X":128.998,"Y":46.0855,"Z":4.0},"Angles":{"W":-0.870388,"X":0.0,"Y":0.0,"Z":0.492366}},"ID":2091417600},{"WCID":553,"Position":{"ObjCellID":3397910528,"Origin":{"X":131.637,"Y":41.7703,"Z":4.0},"Angles":{"W":-0.870388,"X":0.0,"Y":0.0,"Z":0.492366}},"ID":2091417601}]}