{"Key":51849,"Weenies":[{"WCID":1400,"Position":{"ObjCellID":3397976064,"Origin":{"X":58.1391,"Y":50.8852,"Z":3.905},"Angles":{"W":0.496967,"X":0.0,"Y":0.0,"Z":-0.867769}},"ID":2091421696},{"WCID":1403,"Position":{"ObjCellID":3397976064,"Origin":{"X":44.6644,"Y":51.2235,"Z":4.27831},"Angles":{"W":0.0325947,"X":0.0,"Y":0.0,"Z":-0.999469}},"ID":2091421697},{"WCID":383,"Position":{"ObjCellID":3397976064,"Origin":{"X":57.0624,"Y":54.3991,"Z":3.905},"Angles":{"W":0.350028,"X":0.0,"Y":0.0,"Z":-0.936739}},"ID":2091421698},{"WCID":383,"Position":{"ObjCellID":3397976064,"Origin":{"X":43.7472,"Y":53.2424,"Z":4.50762},"Angles":{"W":0.249784,"X":0.0,"Y":0.0,"Z":-0.968302}},"ID":2091421699}]}