{"Key":51851,"Weenies":[{"WCID":4570,"Position":{"ObjCellID":3398107136,"Origin":{"X":73.2267,"Y":69.7721,"Z":8.21607},"Angles":{"W":-0.686718,"X":0.0,"Y":0.0,"Z":0.726924}},"ID":2091429888}]}