{"Key":51852,"Weenies":[{"WCID":482,"Position":{"ObjCellID":3398172672,"Origin":{"X":33.1586,"Y":188.176,"Z":17.2434},"Angles":{"W":-0.572064,"X":0.0,"Y":0.0,"Z":-0.820209}},"ID":2091433984}]}