{"Key":51904,"Weenies":[{"WCID":24633,"Position":{"ObjCellID":3401580544,"Origin":{"X":30.96,"Y":41.7244,"Z":9.36796},"Angles":{"W":-0.843212,"X":0.0,"Y":0.0,"Z":0.53758}},"ID":2091646976}]}