{"Key":51928,"Weenies":[{"WCID":24635,"Position":{"ObjCellID":3403153408,"Origin":{"X":136.469,"Y":84.9814,"Z":52.005},"Angles":{"W":0.348185,"X":0.0,"Y":0.0,"Z":-0.937426}},"ID":2091745280}]}