{"Key":52018,"Weenies":[{"WCID":387,"Position":{"ObjCellID":3409051648,"Origin":{"X":108.867,"Y":186.342,"Z":255.86},"Angles":{"W":-0.675962,"X":0.0,"Y":0.0,"Z":-0.736937}},"ID":2092113920},{"WCID":387,"Position":{"ObjCellID":3409051648,"Origin":{"X":178.72,"Y":161.271,"Z":254.472},"Angles":{"W":-0.795467,"X":0.0,"Y":0.0,"Z":0.605997}},"ID":2092113921}]}