{"Key":52019,"Weenies":[{"WCID":387,"Position":{"ObjCellID":3409117184,"Origin":{"X":148.205,"Y":8.40843,"Z":266.954},"Angles":{"W":-0.985334,"X":0.0,"Y":0.0,"Z":0.170634}},"ID":2092118016},{"WCID":895,"Position":{"ObjCellID":3409117184,"Origin":{"X":184.542,"Y":57.2644,"Z":253.082},"Angles":{"W":-0.814794,"X":0.0,"Y":0.0,"Z":-0.579751}},"ID":2092118017},{"WCID":895,"Position":{"ObjCellID":3409117184,"Origin":{"X":85.2081,"Y":43.8213,"Z":257.51},"Angles":{"W":-0.958306,"X":0.0,"Y":0.0,"Z":-0.285745}},"ID":2092118018},{"WCID":894,"Position":{"ObjCellID":3409117184,"Origin":{"X":172.592,"Y":6.77388,"Z":262.198},"Angles":{"W":-0.935419,"X":0.0,"Y":0.0,"Z":0.35354}},"ID":2092118019}]}