{"Key":52029,"Weenies":[{"WCID":4201,"Position":{"ObjCellID":3409772544,"Origin":{"X":136.569,"Y":26.7439,"Z":176.005},"Angles":{"W":-0.0131018,"X":0.0,"Y":0.0,"Z":-0.999914}},"ID":2092158976},{"WCID":4200,"Position":{"ObjCellID":3409772544,"Origin":{"X":134.88,"Y":26.916,"Z":177.189},"Angles":{"W":-0.766044,"X":0.0,"Y":0.0,"Z":-0.642788}},"ID":2092158977},{"WCID":1154,"Position":{"ObjCellID":3409772544,"Origin":{"X":130.367,"Y":46.8725,"Z":176.687},"Angles":{"W":-0.813999,"X":0.0,"Y":0.0,"Z":-0.580866}},"ID":2092158978}],"Links":[{"Source":2092158976,"Target":2092158978}]}