{"Key":52051,"Weenies":[{"WCID":509,"Position":{"ObjCellID":3411214336,"Origin":{"X":18.0533,"Y":178.668,"Z":21.0119},"Angles":{"W":0.593858,"X":0.0,"Y":0.0,"Z":0.80457}},"ID":2092249088},{"WCID":1392,"Position":{"ObjCellID":3411214336,"Origin":{"X":21.5733,"Y":117.662,"Z":20.4161},"Angles":{"W":-0.88156,"X":0.0,"Y":0.0,"Z":0.472071}},"ID":2092249089}]}