{"Key":52059,"Weenies":[{"WCID":509,"Position":{"ObjCellID":3411738624,"Origin":{"X":31.3873,"Y":70.58,"Z":5.905},"Angles":{"W":0.864761,"X":0.0,"Y":0.0,"Z":0.502183}},"ID":2092281856}]}