{"Key":52103,"Weenies":[{"WCID":886,"Position":{"ObjCellID":3414622208,"Origin":{"X":57.868,"Y":182.745,"Z":4.01107},"Angles":{"W":-0.754692,"X":0.0,"Y":0.0,"Z":-0.656079}},"ID":2092462080}]}