{"Key":52121,"Weenies":[{"WCID":412,"Position":{"ObjCellID":3415801856,"Origin":{"X":57.343,"Y":9.50942,"Z":20.0},"Angles":{"W":-0.314614,"X":0.0,"Y":0.0,"Z":-0.94922}},"ID":2092535808},{"WCID":794,"Position":{"ObjCellID":3415801856,"Origin":{"X":55.8057,"Y":16.3872,"Z":22.8137},"Angles":{"W":0.676989,"X":0.0,"Y":0.0,"Z":-0.735993}},"ID":2092535809},{"WCID":174,"Position":{"ObjCellID":3415801856,"Origin":{"X":36.9801,"Y":12.2862,"Z":20.9233},"Angles":{"W":0.688976,"X":0.0,"Y":0.0,"Z":-0.724784}},"ID":2092535810}]}