{"Key":52170,"Weenies":[{"WCID":24880,"Position":{"ObjCellID":3419013120,"Origin":{"X":175.528,"Y":127.833,"Z":74.7922},"Angles":{"W":-0.386347,"X":0.0,"Y":0.0,"Z":-0.922353}},"ID":2092736512}]}