{"Key":52289,"Weenies":[{"WCID":24433,"Position":{"ObjCellID":3426811904,"Origin":{"X":171.995,"Y":40.2685,"Z":54.005},"Angles":{"W":-0.999606,"X":0.0,"Y":0.0,"Z":-0.0280607}},"ID":2093223937}]}