{"Key":52306,"Weenies":[{"WCID":1333,"Position":{"ObjCellID":3427926016,"Origin":{"X":179.643,"Y":38.143,"Z":54.3011},"Angles":{"W":0.680112,"X":0.0,"Y":0.0,"Z":0.733108}},"ID":2093293568}]}