{"Key":52318,"Weenies":[{"WCID":1333,"Position":{"ObjCellID":3428712448,"Origin":{"X":112.6,"Y":1.87,"Z":14.1},"Angles":{"W":-0.898794,"X":0.0,"Y":0.0,"Z":-0.438371}},"ID":2093342720},{"WCID":383,"Position":{"ObjCellID":3428712448,"Origin":{"X":100.685,"Y":10.0336,"Z":14.005},"Angles":{"W":0.313846,"X":0.0,"Y":0.0,"Z":-0.949474}},"ID":2093342721},{"WCID":383,"Position":{"ObjCellID":3428712448,"Origin":{"X":98.1304,"Y":4.95917,"Z":14.005},"Angles":{"W":0.27354,"X":0.0,"Y":0.0,"Z":-0.961861}},"ID":2093342722}]}