{"Key":52365,"Weenies":[{"WCID":4780,"Position":{"ObjCellID":3431792900,"Origin":{"X":60.596,"Y":107.812,"Z":35.005},"Angles":{"W":-0.753414,"X":0.0,"Y":0.0,"Z":-0.657546}},"ID":2093535235},{"WCID":412,"Position":{"ObjCellID":3431792640,"Origin":{"X":59.66,"Y":113.67,"Z":32.0},"Angles":{"W":-4.37114E-08,"X":0.0,"Y":0.0,"Z":-1.0}},"ID":2093535232},{"WCID":412,"Position":{"ObjCellID":3431792640,"Origin":{"X":66.22,"Y":105.93,"Z":32.0},"Angles":{"W":-0.710799,"X":0.0,"Y":0.0,"Z":-0.703395}},"ID":2093535233},{"WCID":794,"Position":{"ObjCellID":3431792640,"Origin":{"X":59.4516,"Y":83.9644,"Z":31.106},"Angles":{"W":-0.692526,"X":0.0,"Y":0.0,"Z":-0.721393}},"ID":2093535234}]}