{"Key":52366,"Weenies":[{"WCID":794,"Position":{"ObjCellID":3431858176,"Origin":{"X":149.945,"Y":55.2644,"Z":25.6979},"Angles":{"W":-0.141604,"X":0.0,"Y":0.0,"Z":0.989923}},"ID":2093539328},{"WCID":794,"Position":{"ObjCellID":3431858176,"Origin":{"X":173.674,"Y":42.8392,"Z":27.4424},"Angles":{"W":-0.494346,"X":0.0,"Y":0.0,"Z":0.869265}},"ID":2093539329},{"WCID":391,"Position":{"ObjCellID":3431858176,"Origin":{"X":178.667,"Y":56.5146,"Z":23.2954},"Angles":{"W":-0.70418,"X":0.0,"Y":0.0,"Z":-0.710022}},"ID":2093539330},{"WCID":391,"Position":{"ObjCellID":3431858176,"Origin":{"X":155.181,"Y":48.9505,"Z":23.8466},"Angles":{"W":-0.258175,"X":0.0,"Y":0.0,"Z":-0.966098}},"ID":2093539331}]}