{"Key":52539,"Weenies":[{"WCID":8502,"Position":{"ObjCellID":3443195904,"Origin":{"X":155.856,"Y":41.9099,"Z":232.969},"Angles":{"W":-0.447698,"X":0.0,"Y":0.0,"Z":0.894185}},"ID":2094247936}]}