{"Key":52622,"Weenies":[{"WCID":4927,"Position":{"ObjCellID":3448635648,"Origin":{"X":52.0,"Y":84.0,"Z":16.805},"Angles":{"W":0.707107,"X":0.0,"Y":0.0,"Z":-0.707107}},"ID":2094587904}]}