{"Key":52629,"Weenies":[{"WCID":2092,"Position":{"ObjCellID":3449094144,"Origin":{"X":116.484,"Y":34.0987,"Z":20.005},"Angles":{"W":-0.800686,"X":0.0,"Y":0.0,"Z":0.599085}},"ID":2094616576}]}