{"Key":52660,"Weenies":[{"WCID":23039,"Position":{"ObjCellID":3451125760,"Origin":{"X":78.793,"Y":133.088,"Z":231.584},"Angles":{"W":0.413328,"X":0.0,"Y":0.0,"Z":-0.910582}},"ID":2094743552},{"WCID":7923,"Position":{"ObjCellID":3451125760,"Origin":{"X":80.2084,"Y":134.542,"Z":231.588},"Angles":{"W":-0.873277,"X":0.0,"Y":0.0,"Z":-0.487224}},"ID":2094743553}],"Links":[{"Source":2094743552,"Target":2094743553}]}