{"Key":52674,"Weenies":[{"WCID":14500,"Position":{"ObjCellID":3452043264,"Origin":{"X":102.932,"Y":6.06783,"Z":-0.095},"Angles":{"W":0.960624,"X":0.0,"Y":0.0,"Z":-0.277853}},"ID":2094800896}]}