{"Key":52802,"Weenies":[{"WCID":2276,"Position":{"ObjCellID":3460431872,"Origin":{"X":9.33868,"Y":19.9615,"Z":52.7786},"Angles":{"W":-0.382683,"X":0.0,"Y":0.0,"Z":-0.92388}},"ID":2095325184}]}