{"Key":52817,"Weenies":[{"WCID":19719,"Position":{"ObjCellID":3461414912,"Origin":{"X":122.756,"Y":54.9958,"Z":245.584},"Angles":{"W":-0.972528,"X":0.0,"Y":0.0,"Z":0.232788}},"ID":2095386624}]}