{"Key":52886,"Weenies":[{"WCID":1323,"Position":{"ObjCellID":3465936896,"Origin":{"X":138.775,"Y":173.041,"Z":14.3771},"Angles":{"W":0.993913,"X":0.0,"Y":0.0,"Z":0.110171}},"ID":2095669248},{"WCID":475,"Position":{"ObjCellID":3465936896,"Origin":{"X":7.74501,"Y":81.7643,"Z":19.3612},"Angles":{"W":0.268244,"X":0.0,"Y":0.0,"Z":-0.963351}},"ID":2095669249}]}