{"Key":52898,"Weenies":[{"WCID":412,"Position":{"ObjCellID":3466723328,"Origin":{"X":10.1003,"Y":37.6558,"Z":20.0},"Angles":{"W":0.414098,"X":0.0,"Y":0.0,"Z":-0.910232}},"ID":2095718400}]}