{"Key":53023,"Weenies":[{"WCID":7612,"Position":{"ObjCellID":3474915328,"Origin":{"X":161.676,"Y":31.6362,"Z":193.278},"Angles":{"W":0.988891,"X":0.0,"Y":0.0,"Z":0.148641}},"ID":2096230400}]}