{"Key":53116,"Weenies":[{"WCID":27674,"Position":{"ObjCellID":3481010176,"Origin":{"X":18.7527,"Y":73.8121,"Z":4.005},"Angles":{"W":0.716031,"X":0.0,"Y":0.0,"Z":0.698069}},"ID":2096611328}]}