{"Key":53120,"Weenies":[{"WCID":906,"Position":{"ObjCellID":3481272578,"Origin":{"X":104.589,"Y":178.943,"Z":22.01},"Angles":{"W":0.810194,"X":0.0,"Y":0.0,"Z":-0.586161}},"ID":2096627714},{"WCID":906,"Position":{"ObjCellID":3481272578,"Origin":{"X":110.525,"Y":181.176,"Z":22.01},"Angles":{"W":0.875875,"X":0.0,"Y":0.0,"Z":0.482538}},"ID":2096627715},{"WCID":412,"Position":{"ObjCellID":3481272320,"Origin":{"X":107.014,"Y":186.032,"Z":22.005},"Angles":{"W":-4.37114E-08,"X":0.0,"Y":0.0,"Z":-1.0}},"ID":2096627712},{"WCID":412,"Position":{"ObjCellID":3481272320,"Origin":{"X":113.574,"Y":178.292,"Z":22.005},"Angles":{"W":-0.710799,"X":0.0,"Y":0.0,"Z":-0.703395}},"ID":2096627713}]}