{"Key":53141,"Weenies":[{"WCID":509,"Position":{"ObjCellID":3482648576,"Origin":{"X":146.905,"Y":134.13,"Z":20.005},"Angles":{"W":-0.990373,"X":0.0,"Y":0.0,"Z":0.138424}},"ID":2096713728},{"WCID":19714,"Position":{"ObjCellID":3482648576,"Origin":{"X":159.625,"Y":149.861,"Z":20.005},"Angles":{"W":-0.803664,"X":0.0,"Y":0.0,"Z":0.595084}},"ID":2096713729},{"WCID":7923,"Position":{"ObjCellID":3482648576,"Origin":{"X":158.841,"Y":149.622,"Z":20.005},"Angles":{"W":-0.803664,"X":0.0,"Y":0.0,"Z":0.595084}},"ID":2096713730}],"Links":[{"Source":2096713729,"Target":2096713730}]}