{"Key":53144,"Weenies":[{"WCID":611,"Position":{"ObjCellID":3482845442,"Origin":{"X":86.8374,"Y":16.7111,"Z":0.005},"Angles":{"W":0.999848,"X":0.0,"Y":0.0,"Z":-0.0174282}},"ID":2096726018},{"WCID":613,"Position":{"ObjCellID":3482845444,"Origin":{"X":84.7049,"Y":11.1108,"Z":3.005},"Angles":{"W":-0.0133601,"X":0.0,"Y":0.0,"Z":-0.999911}},"ID":2096726019},{"WCID":412,"Position":{"ObjCellID":3482845184,"Origin":{"X":85.4675,"Y":17.628,"Z":3.03611E-07},"Angles":{"W":-0.00490871,"X":0.0,"Y":0.0,"Z":-0.999988}},"ID":2096726016},{"WCID":412,"Position":{"ObjCellID":3482845184,"Origin":{"X":91.9512,"Y":9.82394,"Z":3.03611E-07},"Angles":{"W":-0.714243,"X":0.0,"Y":0.0,"Z":-0.699898}},"ID":2096726017}]}