{"Key":53153,"Weenies":[{"WCID":509,"Position":{"ObjCellID":3483435008,"Origin":{"X":33.291,"Y":130.168,"Z":16.0835},"Angles":{"W":0.603485,"X":0.0,"Y":0.0,"Z":0.797374}},"ID":2096762880}]}