{"Key":53333,"Weenies":[{"WCID":509,"Position":{"ObjCellID":3495231488,"Origin":{"X":102.678,"Y":12.7019,"Z":238.005},"Angles":{"W":-0.016965,"X":0.0,"Y":0.0,"Z":-0.999856}},"ID":2097500160}]}