{"Key":53342,"Weenies":[{"WCID":1460,"Position":{"ObjCellID":3495821570,"Origin":{"X":161.065,"Y":10.8137,"Z":30.805},"Angles":{"W":-0.999744,"X":0.0,"Y":0.0,"Z":0.022614}},"ID":2097537024},{"WCID":1386,"Position":{"ObjCellID":3495821575,"Origin":{"X":161.627,"Y":11.6188,"Z":27.605},"Angles":{"W":-0.916831,"X":0.0,"Y":0.0,"Z":-0.399275}},"ID":2097537025}]}