{"Key":53343,"Weenies":[{"WCID":383,"Position":{"ObjCellID":3495886848,"Origin":{"X":188.84,"Y":42.405,"Z":6.10118},"Angles":{"W":0.383132,"X":0.0,"Y":0.0,"Z":0.923694}},"ID":2097541120},{"WCID":383,"Position":{"ObjCellID":3495886848,"Origin":{"X":186.247,"Y":42.5879,"Z":6.10118},"Angles":{"W":0.215207,"X":0.0,"Y":0.0,"Z":-0.976568}},"ID":2097541121}]}