{"Key":53397,"Weenies":[{"WCID":143,"Position":{"ObjCellID":3499426048,"Origin":{"X":182.473,"Y":158.844,"Z":0.005},"Angles":{"W":0.999974,"X":0.0,"Y":0.0,"Z":-0.00725296}},"ID":2097762305},{"WCID":1219,"Position":{"ObjCellID":3499425792,"Origin":{"X":121.672,"Y":121.43,"Z":1.68786},"Angles":{"W":-0.422178,"X":0.0,"Y":0.0,"Z":-0.906513}},"ID":2097762304}]}