{"Key":53569,"Weenies":[{"WCID":2094,"Position":{"ObjCellID":3510697984,"Origin":{"X":26.9631,"Y":129.199,"Z":96.199},"Angles":{"W":0.750882,"X":0.0,"Y":0.0,"Z":-0.660436}},"ID":2098466816}]}