{"Key":53585,"Weenies":[{"WCID":1987,"Position":{"ObjCellID":3511746560,"Origin":{"X":8.37576,"Y":156.981,"Z":242.366},"Angles":{"W":0.0743781,"X":0.0,"Y":0.0,"Z":-0.99723}},"ID":2098532352},{"WCID":1154,"Position":{"ObjCellID":3511746560,"Origin":{"X":10.2914,"Y":155.744,"Z":242.005},"Angles":{"W":0.271015,"X":0.0,"Y":0.0,"Z":-0.962575}},"ID":2098532353}],"Links":[{"Source":2098532352,"Target":2098532353}]}