{"Key":53618,"Weenies":[{"WCID":22700,"Position":{"ObjCellID":3513909248,"Origin":{"X":80.1584,"Y":59.4522,"Z":35.3251},"Angles":{"W":0.0266976,"X":0.0,"Y":0.0,"Z":-0.999644}},"ID":2098667520}]}