{"Key":53650,"Weenies":[{"WCID":15815,"Position":{"ObjCellID":3516006656,"Origin":{"X":80.7856,"Y":82.9783,"Z":16.005},"Angles":{"W":-0.715336,"X":0.0,"Y":0.0,"Z":-0.698781}},"ID":2098798596},{"WCID":412,"Position":{"ObjCellID":3516006400,"Origin":{"X":84.0,"Y":78.675,"Z":16.0},"Angles":{"W":1.0,"X":0.0,"Y":0.0,"Z":0.0}},"ID":2098798594},{"WCID":412,"Position":{"ObjCellID":3516006400,"Origin":{"X":88.275,"Y":82.8,"Z":16.0},"Angles":{"W":0.707107,"X":0.0,"Y":0.0,"Z":0.707107}},"ID":2098798595}]}