{"Key":53652,"Weenies":[{"WCID":2091,"Position":{"ObjCellID":3516137472,"Origin":{"X":150.579,"Y":182.796,"Z":0.005},"Angles":{"W":0.174095,"X":0.0,"Y":0.0,"Z":-0.984729}},"ID":2098806784}]}