{"Key":53719,"Weenies":[{"WCID":23618,"Position":{"ObjCellID":3520528384,"Origin":{"X":61.4974,"Y":31.0924,"Z":0.005},"Angles":{"W":0.998895,"X":0.0,"Y":0.0,"Z":-0.0469928}},"ID":2099081216}]}