{"Key":53820,"Weenies":[{"WCID":25835,"Position":{"ObjCellID":3527147520,"Origin":{"X":161.6,"Y":77.3654,"Z":384.13},"Angles":{"W":-0.501408,"X":0.0,"Y":0.0,"Z":0.865211}},"ID":2099494912}]}