{"Key":53942,"Weenies":[{"WCID":24912,"Position":{"ObjCellID":3535142912,"Origin":{"X":30.1924,"Y":136.878,"Z":214.083},"Angles":{"W":0.910517,"X":0.0,"Y":0.0,"Z":0.413471}},"ID":2099994624}]}