{"Key":54079,"Weenies":[{"WCID":2078,"Position":{"ObjCellID":3544121344,"Origin":{"X":110.466,"Y":149.099,"Z":201.525},"Angles":{"W":-0.81995,"X":0.0,"Y":0.0,"Z":-0.572435}},"ID":2100555776}]}