{"Key":54089,"Weenies":[{"WCID":7252,"Position":{"ObjCellID":3544776704,"Origin":{"X":43.9883,"Y":82.9734,"Z":37.6724},"Angles":{"W":0.702182,"X":0.0,"Y":0.0,"Z":-0.711997}},"ID":2100596736}]}