{"Key":54215,"Weenies":[{"WCID":24913,"Position":{"ObjCellID":3553034240,"Origin":{"X":142.144,"Y":45.2361,"Z":51.8503},"Angles":{"W":-0.999206,"X":0.0,"Y":0.0,"Z":-0.0398452}},"ID":2101112832}]}