{"Key":54383,"Weenies":[{"WCID":23897,"Position":{"ObjCellID":3564044288,"Origin":{"X":77.4747,"Y":29.0322,"Z":40.005},"Angles":{"W":0.0170581,"X":0.0,"Y":0.0,"Z":0.999855}},"ID":2101800960}]}