{"Key":54393,"Weenies":[{"WCID":23901,"Position":{"ObjCellID":3564699648,"Origin":{"X":77.4747,"Y":29.0322,"Z":41.5856},"Angles":{"W":0.0170581,"X":0.0,"Y":0.0,"Z":0.999855}},"ID":2101841920}]}