{"Key":54847,"Weenies":[{"WCID":2089,"Position":{"ObjCellID":3594452992,"Origin":{"X":5.39428,"Y":164.546,"Z":260.217},"Angles":{"W":0.698294,"X":0.0,"Y":0.0,"Z":0.715811}},"ID":2103701504}]}