{"Key":54891,"Weenies":[{"WCID":23893,"Position":{"ObjCellID":3597336576,"Origin":{"X":184.83,"Y":82.0361,"Z":34.8413},"Angles":{"W":0.701303,"X":0.0,"Y":0.0,"Z":-0.712863}},"ID":2103881728}]}