{"Key":54910,"Weenies":[{"WCID":23899,"Position":{"ObjCellID":3598581760,"Origin":{"X":182.896,"Y":30.2505,"Z":20.005},"Angles":{"W":0.298786,"X":0.0,"Y":0.0,"Z":-0.95432}},"ID":2103959552}]}