{"Key":54937,"Weenies":[{"WCID":412,"Position":{"ObjCellID":3600351494,"Origin":{"X":3.22425,"Y":152.64,"Z":374.002},"Angles":{"W":0.707107,"X":0.0,"Y":0.0,"Z":-0.707107}},"ID":2104070144},{"WCID":1018,"Position":{"ObjCellID":3600351525,"Origin":{"X":13.945,"Y":130.033,"Z":374.005},"Angles":{"W":-0.92388,"X":0.0,"Y":0.0,"Z":-0.382683}},"ID":2104070145},{"WCID":174,"Position":{"ObjCellID":3600351232,"Origin":{"X":6.01687,"Y":167.608,"Z":374.005},"Angles":{"W":0.707107,"X":0.0,"Y":0.0,"Z":-0.707107}},"ID":2104070146}]}