{"Key":55100,"Weenies":[{"WCID":5521,"Position":{"ObjCellID":3611033600,"Origin":{"X":190.205,"Y":76.4793,"Z":98.7551},"Angles":{"W":0.78033,"X":0.0,"Y":0.0,"Z":0.625368}},"ID":2104737792}]}