{"Key":55121,"Weenies":[{"WCID":392,"Position":{"ObjCellID":3612409856,"Origin":{"X":54.2041,"Y":65.6568,"Z":38.0},"Angles":{"W":-0.39937,"X":0.0,"Y":0.0,"Z":0.91679}},"ID":2104823808},{"WCID":4160,"Position":{"ObjCellID":3612409856,"Origin":{"X":55.0,"Y":55.0,"Z":37.937},"Angles":{"W":0.92388,"X":0.0,"Y":0.0,"Z":-0.382683}},"ID":2104823809}]}