{"Key":55127,"Weenies":[{"WCID":382,"Position":{"ObjCellID":3612803072,"Origin":{"X":23.9839,"Y":156.058,"Z":29.0002},"Angles":{"W":0.90638,"X":0.0,"Y":0.0,"Z":-0.422463}},"ID":2104848384},{"WCID":382,"Position":{"ObjCellID":3612803072,"Origin":{"X":24.98,"Y":159.708,"Z":28.7524},"Angles":{"W":0.0851468,"X":0.0,"Y":0.0,"Z":-0.996368}},"ID":2104848385},{"WCID":382,"Position":{"ObjCellID":3612803072,"Origin":{"X":28.1876,"Y":157.107,"Z":28.9128},"Angles":{"W":-0.762911,"X":0.0,"Y":0.0,"Z":-0.646504}},"ID":2104848386}]}