{"Key":55145,"Weenies":[{"WCID":720,"Position":{"ObjCellID":3613982720,"Origin":{"X":161.035,"Y":59.975,"Z":62.025},"Angles":{"W":1.0,"X":0.0,"Y":0.0,"Z":0.0}},"ID":2104922112},{"WCID":720,"Position":{"ObjCellID":3613982720,"Origin":{"X":161.025,"Y":65.025,"Z":62.025},"Angles":{"W":1.0,"X":0.0,"Y":0.0,"Z":0.0}},"ID":2104922113},{"WCID":720,"Position":{"ObjCellID":3613982720,"Origin":{"X":153.5,"Y":51.325,"Z":62.025},"Angles":{"W":1.0,"X":0.0,"Y":0.0,"Z":0.0}},"ID":2104922114},{"WCID":509,"Position":{"ObjCellID":3613982720,"Origin":{"X":160.788,"Y":75.3298,"Z":61.7275},"Angles":{"W":-0.98915,"X":0.0,"Y":0.0,"Z":-0.146909}},"ID":2104922115}]}