{"Key":55159,"Weenies":[{"WCID":412,"Position":{"ObjCellID":3614900224,"Origin":{"X":156.0,"Y":30.675,"Z":72.0},"Angles":{"W":1.0,"X":0.0,"Y":0.0,"Z":0.0}},"ID":2104979456},{"WCID":412,"Position":{"ObjCellID":3614900224,"Origin":{"X":160.275,"Y":34.8,"Z":72.0},"Angles":{"W":0.707107,"X":0.0,"Y":0.0,"Z":0.707107}},"ID":2104979457},{"WCID":6851,"Position":{"ObjCellID":3614900224,"Origin":{"X":163.498,"Y":36.5334,"Z":72.005},"Angles":{"W":-0.52939,"X":0.0,"Y":0.0,"Z":0.848379}},"ID":2104979458}]}