{"Key":55250,"Weenies":[{"WCID":24881,"Position":{"ObjCellID":3620864000,"Origin":{"X":148.365,"Y":107.885,"Z":27.6413},"Angles":{"W":0.142435,"X":0.0,"Y":0.0,"Z":-0.989804}},"ID":2105352192}]}