{"Key":55380,"Weenies":[{"WCID":4955,"Position":{"ObjCellID":3629383938,"Origin":{"X":85.0052,"Y":26.3172,"Z":26.044},"Angles":{"W":0.999859,"X":0.0,"Y":0.0,"Z":0.0167822}},"ID":2105884674},{"WCID":1403,"Position":{"ObjCellID":3629383680,"Origin":{"X":177.913,"Y":139.319,"Z":22.7888},"Angles":{"W":0.902316,"X":0.0,"Y":0.0,"Z":0.431076}},"ID":2105884672},{"WCID":794,"Position":{"ObjCellID":3629383680,"Origin":{"X":171.944,"Y":133.191,"Z":25.3447},"Angles":{"W":-0.963528,"X":0.0,"Y":0.0,"Z":0.267606}},"ID":2105884673}]}