{"Key":55382,"Weenies":[{"WCID":4965,"Position":{"ObjCellID":3629515008,"Origin":{"X":36.1507,"Y":164.084,"Z":24.805},"Angles":{"W":-4.37114E-08,"X":0.0,"Y":0.0,"Z":-1.0}},"ID":2105892864},{"WCID":1154,"Position":{"ObjCellID":3629514752,"Origin":{"X":42.025,"Y":184.128,"Z":30.005},"Angles":{"W":-0.819859,"X":0.0,"Y":0.0,"Z":0.572565}},"ID":2105892866},{"WCID":4108,"Position":{"ObjCellID":3629514752,"Origin":{"X":36.5674,"Y":185.242,"Z":30.011},"Angles":{"W":-0.959765,"X":0.0,"Y":0.0,"Z":0.280803}},"ID":2105892865}],"Links":[{"Source":2105892865,"Target":2105892866}]}