{"Key":55635,"Weenies":[{"WCID":382,"Position":{"ObjCellID":3646095360,"Origin":{"X":171.397,"Y":147.561,"Z":28.288},"Angles":{"W":0.907634,"X":0.0,"Y":0.0,"Z":0.419763}},"ID":2106929152},{"WCID":382,"Position":{"ObjCellID":3646095360,"Origin":{"X":169.528,"Y":147.297,"Z":28.1323},"Angles":{"W":-0.99413,"X":0.0,"Y":0.0,"Z":0.108196}},"ID":2106929153},{"WCID":1474,"Position":{"ObjCellID":3646095360,"Origin":{"X":169.584,"Y":150.9,"Z":28.1749},"Angles":{"W":0.0874998,"X":0.0,"Y":0.0,"Z":0.996165}},"ID":2106929154},{"WCID":1403,"Position":{"ObjCellID":3646095360,"Origin":{"X":151.388,"Y":132.802,"Z":28.9381},"Angles":{"W":-0.984688,"X":0.0,"Y":0.0,"Z":0.174328}},"ID":2106929155}]}