{"Key":55636,"Weenies":[{"WCID":929,"Position":{"ObjCellID":3646160896,"Origin":{"X":155.823,"Y":179.996,"Z":20.005},"Angles":{"W":0.92388,"X":0.0,"Y":0.0,"Z":-0.382683}},"ID":2106933249},{"WCID":2066,"Position":{"ObjCellID":3646160896,"Origin":{"X":76.9695,"Y":118.695,"Z":20.005},"Angles":{"W":0.970063,"X":0.0,"Y":0.0,"Z":-0.242852}},"ID":2106933250}]}