{"Key":55637,"Weenies":[{"WCID":1018,"Position":{"ObjCellID":3646226698,"Origin":{"X":137.485,"Y":11.8918,"Z":13.66},"Angles":{"W":0.703593,"X":0.0,"Y":0.0,"Z":0.710603}},"ID":2106937346},{"WCID":11954,"Position":{"ObjCellID":3646226432,"Origin":{"X":182.184,"Y":89.697,"Z":20.5},"Angles":{"W":-0.755962,"X":0.0,"Y":0.0,"Z":-0.654616}},"ID":2106937344}]}