{"Key":55638,"Weenies":[{"WCID":929,"Position":{"ObjCellID":3646291968,"Origin":{"X":165.923,"Y":18.6592,"Z":20.005},"Angles":{"W":0.382683,"X":0.0,"Y":0.0,"Z":-0.92388}},"ID":2106941440}]}