{"Key":55671,"Weenies":[{"WCID":553,"Position":{"ObjCellID":3648454656,"Origin":{"X":149.057,"Y":35.5689,"Z":18.005},"Angles":{"W":-0.653302,"X":0.0,"Y":0.0,"Z":-0.757097}},"ID":2107076608}]}