{"Key":55677,"Weenies":[{"WCID":412,"Position":{"ObjCellID":3648847872,"Origin":{"X":60.0,"Y":129.48,"Z":20.0},"Angles":{"W":1.0,"X":0.0,"Y":0.0,"Z":0.0}},"ID":2107101184},{"WCID":1381,"Position":{"ObjCellID":3648847872,"Origin":{"X":57.1635,"Y":127.635,"Z":20.005},"Angles":{"W":0.536141,"X":0.0,"Y":0.0,"Z":-0.844128}},"ID":2107101185}]}