{"Key":55892,"Weenies":[{"WCID":4568,"Position":{"ObjCellID":3662938368,"Origin":{"X":156.149,"Y":162.853,"Z":13.66},"Angles":{"W":-0.0177149,"X":0.0,"Y":0.0,"Z":0.999843}},"ID":2107981826},{"WCID":1124,"Position":{"ObjCellID":3662938112,"Origin":{"X":91.8,"Y":69.0,"Z":40.3833},"Angles":{"W":-0.999391,"X":0.0,"Y":0.0,"Z":-0.0348995}},"ID":2107981824}]}