{"Key":55895,"Weenies":[{"WCID":28267,"Position":{"ObjCellID":3663134720,"Origin":{"X":87.3035,"Y":88.1266,"Z":14.005},"Angles":{"W":0.980707,"X":0.0,"Y":0.0,"Z":-0.195482}},"ID":2107994112}]}