{"Key":55998,"Weenies":[{"WCID":23618,"Position":{"ObjCellID":3669884928,"Origin":{"X":155.427,"Y":37.3825,"Z":2.005},"Angles":{"W":0.559651,"X":0.0,"Y":0.0,"Z":-0.828729}},"ID":2108416000}]}