{"Key":56152,"Weenies":[{"WCID":396,"Position":{"ObjCellID":3679977472,"Origin":{"X":109.543,"Y":109.911,"Z":5.105},"Angles":{"W":0.93287,"X":0.0,"Y":0.0,"Z":-0.360213}},"ID":2109046784},{"WCID":396,"Position":{"ObjCellID":3679977472,"Origin":{"X":107.582,"Y":112.78,"Z":5.105},"Angles":{"W":0.814751,"X":0.0,"Y":0.0,"Z":-0.579811}},"ID":2109046785},{"WCID":396,"Position":{"ObjCellID":3679977472,"Origin":{"X":112.613,"Y":108.217,"Z":5.105},"Angles":{"W":0.94504,"X":0.0,"Y":0.0,"Z":-0.326956}},"ID":2109046786}]}