{"Key":56178,"Weenies":[{"WCID":30771,"Position":{"ObjCellID":3681681408,"Origin":{"X":173.727,"Y":155.055,"Z":31.2411},"Angles":{"W":-0.128845,"X":0.0,"Y":0.0,"Z":0.991665}},"ID":2109153280}]}