{"Key":56375,"Weenies":[{"WCID":5513,"Position":{"ObjCellID":3694592000,"Origin":{"X":8.92001,"Y":63.2324,"Z":25.4729},"Angles":{"W":0.0899859,"X":0.0,"Y":0.0,"Z":0.995943}},"ID":2109960192}]}