{"Key":56378,"Weenies":[{"WCID":15774,"Position":{"ObjCellID":3694788864,"Origin":{"X":83.4148,"Y":187.428,"Z":6.805},"Angles":{"W":0.0287517,"X":0.0,"Y":0.0,"Z":-0.999587}},"ID":2109972483},{"WCID":15775,"Position":{"ObjCellID":3694788864,"Origin":{"X":84.4125,"Y":189.826,"Z":6.805},"Angles":{"W":-0.999973,"X":0.0,"Y":0.0,"Z":0.00728919}},"ID":2109972485},{"WCID":5086,"Position":{"ObjCellID":3694788864,"Origin":{"X":86.5963,"Y":187.878,"Z":6.805},"Angles":{"W":0.103569,"X":0.0,"Y":0.0,"Z":-0.994622}},"ID":2109972484}],"Links":[{"Source":2109972483,"Target":2109972484}]}