{"Key":56379,"Weenies":[{"WCID":4504,"Position":{"ObjCellID":3694854144,"Origin":{"X":44.6078,"Y":180.721,"Z":20.0},"Angles":{"W":-0.349359,"X":0.0,"Y":0.0,"Z":-0.936989}},"ID":2109976576}]}