{"Key":56406,"Weenies":[{"WCID":886,"Position":{"ObjCellID":3696623616,"Origin":{"X":131.029,"Y":118.569,"Z":5.105},"Angles":{"W":0.991596,"X":0.0,"Y":0.0,"Z":-0.129374}},"ID":2110087168},{"WCID":886,"Position":{"ObjCellID":3696623616,"Origin":{"X":141.468,"Y":133.459,"Z":5.105},"Angles":{"W":0.611324,"X":0.0,"Y":0.0,"Z":-0.79138}},"ID":2110087169}]}