{"Key":56683,"Weenies":[{"WCID":23895,"Position":{"ObjCellID":3714777088,"Origin":{"X":34.3643,"Y":84.036,"Z":15.002},"Angles":{"W":0.701303,"X":0.0,"Y":0.0,"Z":-0.712863}},"ID":2111221760}]}