{"Key":56692,"Weenies":[{"WCID":509,"Position":{"ObjCellID":3715366912,"Origin":{"X":84.1485,"Y":78.8167,"Z":13.5607},"Angles":{"W":0.988314,"X":0.0,"Y":0.0,"Z":-0.152432}},"ID":2111258624}]}