{"Key":56705,"Weenies":[{"WCID":23891,"Position":{"ObjCellID":3716218880,"Origin":{"X":29.7348,"Y":181.432,"Z":7.4591},"Angles":{"W":-0.87019,"X":0.0,"Y":0.0,"Z":0.492717}},"ID":2111311872}]}