{"Key":56917,"Weenies":[{"WCID":5383,"Position":{"ObjCellID":3730112512,"Origin":{"X":133.0,"Y":35.5,"Z":13.0837},"Angles":{"W":-0.707107,"X":0.0,"Y":0.0,"Z":-0.707107}},"ID":2112180224},{"WCID":4980,"Position":{"ObjCellID":3730112512,"Origin":{"X":170.0,"Y":36.0,"Z":16.05},"Angles":{"W":0.707107,"X":0.0,"Y":0.0,"Z":-0.707107}},"ID":2112180225},{"WCID":5148,"Position":{"ObjCellID":3730112512,"Origin":{"X":5.5,"Y":30.0,"Z":11.124},"Angles":{"W":-0.707107,"X":0.0,"Y":0.0,"Z":-0.707107}},"ID":2112180226},{"WCID":5148,"Position":{"ObjCellID":3730112512,"Origin":{"X":5.5,"Y":40.0,"Z":11.124},"Angles":{"W":-0.707107,"X":0.0,"Y":0.0,"Z":-0.707107}},"ID":2112180227}]}