{"Key":57148,"Weenies":[{"WCID":5530,"Position":{"ObjCellID":3745251328,"Origin":{"X":41.017,"Y":84.518,"Z":29.4247},"Angles":{"W":0.787452,"X":0.0,"Y":0.0,"Z":-0.616376}},"ID":2113126400}]}