{"Key":57691,"Weenies":[{"WCID":509,"Position":{"ObjCellID":3780837376,"Origin":{"X":64.5134,"Y":133.26,"Z":11.3811},"Angles":{"W":0.750839,"X":0.0,"Y":0.0,"Z":0.660485}},"ID":2115350528}]}