{"Key":57915,"Weenies":[{"WCID":5127,"Position":{"ObjCellID":3795517696,"Origin":{"X":155.956,"Y":139.378,"Z":76.805},"Angles":{"W":-4.37114E-08,"X":0.0,"Y":0.0,"Z":-1.0}},"ID":2116268034},{"WCID":4113,"Position":{"ObjCellID":3795517440,"Origin":{"X":160.019,"Y":164.631,"Z":82.005},"Angles":{"W":-0.353896,"X":0.0,"Y":0.0,"Z":-0.935285}},"ID":2116268032},{"WCID":4113,"Position":{"ObjCellID":3795517440,"Origin":{"X":151.1,"Y":172.484,"Z":82.3804},"Angles":{"W":-0.185563,"X":0.0,"Y":0.0,"Z":0.982632}},"ID":2116268033}]}