{"Key":58162,"Weenies":[{"WCID":509,"Position":{"ObjCellID":3811704832,"Origin":{"X":93.4678,"Y":115.326,"Z":86.005},"Angles":{"W":0.930063,"X":0.0,"Y":0.0,"Z":0.367399}},"ID":2117279744}]}