{"Key":58173,"Weenies":[{"WCID":1029,"Position":{"ObjCellID":3812425728,"Origin":{"X":161.304,"Y":108.1,"Z":129.015},"Angles":{"W":0.127525,"X":0.0,"Y":0.0,"Z":-0.991835}},"ID":2117324800},{"WCID":509,"Position":{"ObjCellID":3812425728,"Origin":{"X":122.843,"Y":108.621,"Z":131.77},"Angles":{"W":0.629569,"X":0.0,"Y":0.0,"Z":0.776944}},"ID":2117324801},{"WCID":11953,"Position":{"ObjCellID":3812425728,"Origin":{"X":34.72,"Y":109.689,"Z":124.6},"Angles":{"W":-0.708414,"X":0.0,"Y":0.0,"Z":-0.705797}},"ID":2117324803}]}