{"Key":58174,"Weenies":[{"WCID":4923,"Position":{"ObjCellID":3812491520,"Origin":{"X":122.0,"Y":64.672,"Z":172.805},"Angles":{"W":0.707107,"X":0.0,"Y":0.0,"Z":-0.707107}},"ID":2117328896}]}