{"Key":58197,"Weenies":[{"WCID":1371,"Position":{"ObjCellID":3813998848,"Origin":{"X":61.8393,"Y":59.4124,"Z":4.005},"Angles":{"W":0.21153,"X":0.0,"Y":0.0,"Z":0.977372}},"ID":2117423104},{"WCID":27244,"Position":{"ObjCellID":3813998592,"Origin":{"X":63.5061,"Y":58.4413,"Z":19.205},"Angles":{"W":-0.678671,"X":0.0,"Y":0.0,"Z":0.734442}},"ID":2117423106},{"WCID":509,"Position":{"ObjCellID":3813998592,"Origin":{"X":51.1372,"Y":68.6835,"Z":4.005},"Angles":{"W":0.342939,"X":0.0,"Y":0.0,"Z":-0.939358}},"ID":2117423105}]}