{"Key":58418,"Weenies":[{"WCID":925,"Position":{"ObjCellID":3828482048,"Origin":{"X":130.171,"Y":94.5516,"Z":28.005},"Angles":{"W":-0.707107,"X":0.0,"Y":0.0,"Z":-0.707107}},"ID":2118328320}]}