{"Key":58425,"Weenies":[{"WCID":4033,"Position":{"ObjCellID":3828940800,"Origin":{"X":1.71631,"Y":6.42362,"Z":91.764},"Angles":{"W":-0.742532,"X":0.0,"Y":0.0,"Z":0.669811}},"ID":2118356992},{"WCID":1474,"Position":{"ObjCellID":3828940800,"Origin":{"X":2.04467,"Y":7.48101,"Z":91.7307},"Angles":{"W":0.988689,"X":0.0,"Y":0.0,"Z":-0.149978}},"ID":2118356993}]}