{"Key":58428,"Weenies":[{"WCID":7924,"Position":{"ObjCellID":3829137408,"Origin":{"X":116.332,"Y":177.817,"Z":69.905},"Angles":{"W":-0.992524,"X":0.0,"Y":0.0,"Z":0.122053}},"ID":2118369280},{"WCID":22257,"Position":{"ObjCellID":3829137408,"Origin":{"X":121.107,"Y":185.859,"Z":69.555},"Angles":{"W":0.999774,"X":0.0,"Y":0.0,"Z":0.0212556}},"ID":2118369281},{"WCID":22257,"Position":{"ObjCellID":3829137408,"Origin":{"X":125.835,"Y":186.339,"Z":69.555},"Angles":{"W":0.488176,"X":0.0,"Y":0.0,"Z":-0.872745}},"ID":2118369282}],"Links":[{"Source":2118369281,"Target":2118369280},{"Source":2118369282,"Target":2118369280}]}