{"Key":58446,"Weenies":[{"WCID":4784,"Position":{"ObjCellID":3830317312,"Origin":{"X":134.532,"Y":109.843,"Z":14.005},"Angles":{"W":0.134708,"X":0.0,"Y":0.0,"Z":0.990885}},"ID":2118443011},{"WCID":720,"Position":{"ObjCellID":3830317056,"Origin":{"X":131.975,"Y":102.965,"Z":14.025},"Angles":{"W":0.707107,"X":0.0,"Y":0.0,"Z":-0.707107}},"ID":2118443008},{"WCID":720,"Position":{"ObjCellID":3830317056,"Origin":{"X":137.025,"Y":102.975,"Z":14.025},"Angles":{"W":0.707107,"X":0.0,"Y":0.0,"Z":-0.707107}},"ID":2118443009},{"WCID":720,"Position":{"ObjCellID":3830317056,"Origin":{"X":123.325,"Y":110.5,"Z":14.025},"Angles":{"W":0.707107,"X":0.0,"Y":0.0,"Z":-0.707107}},"ID":2118443010}]}