{"Key":58673,"Weenies":[{"WCID":1341,"Position":{"ObjCellID":3845193728,"Origin":{"X":33.02,"Y":26.663,"Z":98.6},"Angles":{"W":0.991445,"X":0.0,"Y":0.0,"Z":-0.130526}},"ID":2119372800}]}