{"Key":58701,"Weenies":[{"WCID":1597,"Position":{"ObjCellID":3847028736,"Origin":{"X":106.649,"Y":142.181,"Z":25.8918},"Angles":{"W":-0.132225,"X":0.0,"Y":0.0,"Z":-0.99122}},"ID":2119487488}]}