{"Key":58916,"Weenies":[{"WCID":8616,"Position":{"ObjCellID":3861118976,"Origin":{"X":27.8504,"Y":189.678,"Z":0.005},"Angles":{"W":0.963088,"X":0.0,"Y":0.0,"Z":0.269186}},"ID":2120368128}]}