{"Key":58928,"Weenies":[{"WCID":509,"Position":{"ObjCellID":3861905408,"Origin":{"X":96.9662,"Y":111.509,"Z":90.7142},"Angles":{"W":-0.998918,"X":0.0,"Y":0.0,"Z":-0.0465008}},"ID":2120417280}]}