{"Key":58957,"Weenies":[{"WCID":917,"Position":{"ObjCellID":3863805952,"Origin":{"X":165.999,"Y":183.54,"Z":32.005},"Angles":{"W":0.92388,"X":0.0,"Y":0.0,"Z":-0.382683}},"ID":2120536064}]}