{"Key":59186,"Weenies":[{"WCID":509,"Position":{"ObjCellID":3878813696,"Origin":{"X":116.714,"Y":87.6789,"Z":0.005},"Angles":{"W":-0.398734,"X":0.0,"Y":0.0,"Z":0.917067}},"ID":2121474048}]}