{"Key":59211,"Weenies":[{"WCID":8767,"Position":{"ObjCellID":3880452096,"Origin":{"X":46.2744,"Y":6.78905,"Z":50.3077},"Angles":{"W":-0.998709,"X":0.0,"Y":0.0,"Z":0.0507987}},"ID":2121576448},{"WCID":3955,"Position":{"ObjCellID":3880452096,"Origin":{"X":43.4343,"Y":7.06168,"Z":50.2396},"Angles":{"W":-0.998709,"X":0.0,"Y":0.0,"Z":0.0507987}},"ID":2121576449}],"Links":[{"Source":2121576448,"Target":2121576449}]}