{"Key":59212,"Weenies":[{"WCID":1337,"Position":{"ObjCellID":3880517632,"Origin":{"X":174.48,"Y":125.0,"Z":32.1},"Angles":{"W":-0.996195,"X":0.0,"Y":0.0,"Z":-0.0871556}},"ID":2121580544}]}