{"Key":59213,"Weenies":[{"WCID":16898,"Position":{"ObjCellID":3880583168,"Origin":{"X":152.451,"Y":181.074,"Z":32.005},"Angles":{"W":0.0436193,"X":0.0,"Y":0.0,"Z":-0.999048}},"ID":2121584640},{"WCID":15837,"Position":{"ObjCellID":3880583168,"Origin":{"X":152.619,"Y":178.803,"Z":32.005},"Angles":{"W":0.0436193,"X":0.0,"Y":0.0,"Z":-0.999048}},"ID":2121584641}]}