{"Key":59425,"Weenies":[{"WCID":12050,"Position":{"ObjCellID":3894477058,"Origin":{"X":80.3809,"Y":174.323,"Z":26.005},"Angles":{"W":0.859859,"X":0.0,"Y":0.0,"Z":-0.510532}},"ID":2122452993},{"WCID":7923,"Position":{"ObjCellID":3894477058,"Origin":{"X":81.3282,"Y":174.179,"Z":26.005},"Angles":{"W":0.721939,"X":0.0,"Y":0.0,"Z":0.691957}},"ID":2122452994},{"WCID":412,"Position":{"ObjCellID":3894476800,"Origin":{"X":84.8258,"Y":186.654,"Z":26.0},"Angles":{"W":-4.37114E-08,"X":0.0,"Y":0.0,"Z":-1.0}},"ID":2122452992},{"WCID":12304,"Position":{"ObjCellID":3894476800,"Origin":{"X":76.8175,"Y":186.515,"Z":26.005},"Angles":{"W":0.00599639,"X":0.0,"Y":0.0,"Z":-0.999982}},"ID":2122452995}],"Links":[{"Source":2122452993,"Target":2122452994}]}