{"Key":59469,"Weenies":[{"WCID":917,"Position":{"ObjCellID":3897360384,"Origin":{"X":13.874,"Y":186.155,"Z":32.0},"Angles":{"W":-0.92388,"X":0.0,"Y":0.0,"Z":-0.382683}},"ID":2122633216}]}