{"Key":59470,"Weenies":[{"WCID":1599,"Position":{"ObjCellID":3897425920,"Origin":{"X":37.57,"Y":187.974,"Z":30.203},"Angles":{"W":-0.20523,"X":0.0,"Y":0.0,"Z":-0.978714}},"ID":2122637312}]}