{"Key":59506,"Weenies":[{"WCID":22717,"Position":{"ObjCellID":3899785216,"Origin":{"X":187.434,"Y":180.394,"Z":14.1682},"Angles":{"W":0.407111,"X":0.0,"Y":0.0,"Z":-0.913379}},"ID":2122784768}]}