{"Key":59514,"Weenies":[{"WCID":22659,"Position":{"ObjCellID":3900309504,"Origin":{"X":147.027,"Y":111.366,"Z":12.9767},"Angles":{"W":0.740202,"X":0.0,"Y":0.0,"Z":-0.672385}},"ID":2122817536}]}