{"Key":59678,"Weenies":[{"WCID":7924,"Position":{"ObjCellID":3911057408,"Origin":{"X":135.203,"Y":9.35736,"Z":33.205},"Angles":{"W":-0.673487,"X":0.0,"Y":0.0,"Z":-0.739199}},"ID":2123489280},{"WCID":7183,"Position":{"ObjCellID":3911057408,"Origin":{"X":134.347,"Y":9.53699,"Z":33.213},"Angles":{"W":-0.776389,"X":0.0,"Y":0.0,"Z":-0.630254}},"ID":2123489281},{"WCID":7183,"Position":{"ObjCellID":3911057408,"Origin":{"X":132.444,"Y":10.2011,"Z":33.205},"Angles":{"W":-0.913341,"X":0.0,"Y":0.0,"Z":-0.407195}},"ID":2123489282}],"Links":[{"Source":2123489281,"Target":2123489280},{"Source":2123489282,"Target":2123489280}]}