{"Key":59693,"Weenies":[{"WCID":8618,"Position":{"ObjCellID":3912040448,"Origin":{"X":104.535,"Y":50.8087,"Z":6.10532},"Angles":{"W":0.952489,"X":0.0,"Y":0.0,"Z":0.304574}},"ID":2123550720}]}