{"Key":59725,"Weenies":[{"WCID":9518,"Position":{"ObjCellID":3914137600,"Origin":{"X":10.7272,"Y":13.2728,"Z":38.9},"Angles":{"W":-0.92388,"X":0.0,"Y":0.0,"Z":-0.382683}},"ID":2123681792},{"WCID":9519,"Position":{"ObjCellID":3914137600,"Origin":{"X":13.2728,"Y":10.7272,"Z":38.9},"Angles":{"W":-0.382683,"X":0.0,"Y":0.0,"Z":0.92388}},"ID":2123681793}]}