{"Key":59773,"Weenies":[{"WCID":22750,"Position":{"ObjCellID":3917283328,"Origin":{"X":117.911,"Y":152.832,"Z":18.0108},"Angles":{"W":0.272893,"X":0.0,"Y":0.0,"Z":-0.962044}},"ID":2123878400}]}