{"Key":59933,"Weenies":[{"WCID":509,"Position":{"ObjCellID":3927769088,"Origin":{"X":9.13829,"Y":128.252,"Z":0.005},"Angles":{"W":-0.000844118,"X":0.0,"Y":0.0,"Z":1.0}},"ID":2124533760}]}