{"Key":59982,"Weenies":[{"WCID":509,"Position":{"ObjCellID":3930980352,"Origin":{"X":85.17,"Y":87.8154,"Z":-0.45},"Angles":{"W":0.955623,"X":0.0,"Y":0.0,"Z":-0.294591}},"ID":2124734464}]}