{"Key":60020,"Weenies":[{"WCID":22651,"Position":{"ObjCellID":3933470720,"Origin":{"X":111.171,"Y":118.111,"Z":79.5765},"Angles":{"W":-0.999749,"X":0.0,"Y":0.0,"Z":-0.0223815}},"ID":2124890112}]}