{"Key":60027,"Weenies":[{"WCID":22680,"Position":{"ObjCellID":3933929472,"Origin":{"X":15.744,"Y":17.1596,"Z":54.575},"Angles":{"W":-0.462664,"X":0.0,"Y":0.0,"Z":0.886534}},"ID":2124918784}]}