{"Key":60028,"Weenies":[{"WCID":22717,"Position":{"ObjCellID":3933995008,"Origin":{"X":64.6373,"Y":138.766,"Z":30.9553},"Angles":{"W":0.106229,"X":0.0,"Y":0.0,"Z":-0.994342}},"ID":2124922880}]}