{"Key":60030,"Weenies":[{"WCID":22652,"Position":{"ObjCellID":3934126080,"Origin":{"X":124.674,"Y":42.5018,"Z":13.6842},"Angles":{"W":-0.478741,"X":0.0,"Y":0.0,"Z":-0.877956}},"ID":2124931072}]}