{"Key":60275,"Weenies":[{"WCID":22674,"Position":{"ObjCellID":3950182400,"Origin":{"X":96.4969,"Y":29.6215,"Z":84.5543},"Angles":{"W":-0.0758208,"X":0.0,"Y":0.0,"Z":-0.997121}},"ID":2125934592}]}