{"Key":60284,"Weenies":[{"WCID":22461,"Position":{"ObjCellID":3950772482,"Origin":{"X":73.5167,"Y":58.5034,"Z":11.205},"Angles":{"W":1.0,"X":0.0,"Y":0.0,"Z":0.0}},"ID":2125971457},{"WCID":7923,"Position":{"ObjCellID":3950772482,"Origin":{"X":74.3786,"Y":62.0556,"Z":11.205},"Angles":{"W":-0.0237097,"X":0.0,"Y":0.0,"Z":0.999719}},"ID":2125971458},{"WCID":412,"Position":{"ObjCellID":3950772224,"Origin":{"X":77.52,"Y":61.5,"Z":12.0},"Angles":{"W":-0.707107,"X":0.0,"Y":0.0,"Z":-0.707107}},"ID":2125971456}],"Links":[{"Source":2125971457,"Target":2125971458}]}