{"Key":60287,"Weenies":[{"WCID":22702,"Position":{"ObjCellID":3950968832,"Origin":{"X":75.8466,"Y":154.695,"Z":13.1137},"Angles":{"W":0.0372641,"X":0.0,"Y":0.0,"Z":-0.999305}},"ID":2125983744}]}