{"Key":60537,"Weenies":[{"WCID":22717,"Position":{"ObjCellID":3967352832,"Origin":{"X":150.359,"Y":38.235,"Z":9.88529},"Angles":{"W":0.772635,"X":0.0,"Y":0.0,"Z":-0.634851}},"ID":2127007744}]}