{"Key":60541,"Weenies":[{"WCID":22682,"Position":{"ObjCellID":3967614976,"Origin":{"X":13.1925,"Y":169.797,"Z":12.005},"Angles":{"W":0.459386,"X":0.0,"Y":0.0,"Z":-0.888237}},"ID":2127024128}]}