{"Key":60702,"Weenies":[{"WCID":8486,"Position":{"ObjCellID":3978166272,"Origin":{"X":53.678,"Y":76.4603,"Z":21.7348},"Angles":{"W":0.309742,"X":0.0,"Y":0.0,"Z":0.950821}},"ID":2127683584}]}