{"Key":60801,"Weenies":[{"WCID":27513,"Position":{"ObjCellID":3984654336,"Origin":{"X":80.4026,"Y":60.1336,"Z":1.98273},"Angles":{"W":0.931476,"X":0.0,"Y":0.0,"Z":-0.363803}},"ID":2128089088},{"WCID":7923,"Position":{"ObjCellID":3984654336,"Origin":{"X":80.6769,"Y":57.8211,"Z":2.36815},"Angles":{"W":0.931476,"X":0.0,"Y":0.0,"Z":-0.363803}},"ID":2128089089}],"Links":[{"Source":2128089088,"Target":2128089089}]}