{"Key":60960,"Weenies":[{"WCID":8576,"Position":{"ObjCellID":3995074560,"Origin":{"X":174.736,"Y":113.311,"Z":19.12},"Angles":{"W":0.382683,"X":0.0,"Y":0.0,"Z":-0.92388}},"ID":2128740352}]}