{"Key":61055,"Weenies":[{"WCID":22709,"Position":{"ObjCellID":4001300480,"Origin":{"X":89.567,"Y":131.525,"Z":-0.095},"Angles":{"W":-0.953717,"X":0.0,"Y":0.0,"Z":-0.300706}},"ID":2129129472},{"WCID":22709,"Position":{"ObjCellID":4001300480,"Origin":{"X":95.1307,"Y":145.132,"Z":-0.0950001},"Angles":{"W":0.824216,"X":0.0,"Y":0.0,"Z":0.566276}},"ID":2129129473},{"WCID":22709,"Position":{"ObjCellID":4001300480,"Origin":{"X":74.2322,"Y":111.737,"Z":1.38214},"Angles":{"W":-0.871799,"X":0.0,"Y":0.0,"Z":-0.489864}},"ID":2129129474}]}