{"Key":61207,"Weenies":[{"WCID":29958,"Position":{"ObjCellID":4011261952,"Origin":{"X":136.978,"Y":49.6324,"Z":0.005},"Angles":{"W":0.34684,"X":0.0,"Y":0.0,"Z":0.937924}},"ID":2129752065}]}