{"Key":61311,"Weenies":[{"WCID":22657,"Position":{"ObjCellID":4018077696,"Origin":{"X":31.9169,"Y":92.1597,"Z":12.005},"Angles":{"W":0.906617,"X":0.0,"Y":0.0,"Z":-0.421954}},"ID":2130178048}]}