{"Key":61473,"Weenies":[{"WCID":8442,"Position":{"ObjCellID":4028694784,"Origin":{"X":56.45,"Y":125.367,"Z":-4.795},"Angles":{"W":1.0,"X":0.0,"Y":0.0,"Z":0.0}},"ID":2130841600},{"WCID":8564,"Position":{"ObjCellID":4028694528,"Origin":{"X":26.7462,"Y":12.0887,"Z":-4.65661E-09},"Angles":{"W":0.416674,"X":0.0,"Y":0.0,"Z":-0.909056}},"ID":2130841601}]}