{"Key":61476,"Weenies":[{"WCID":8578,"Position":{"ObjCellID":4028891136,"Origin":{"X":161.856,"Y":105.417,"Z":22.005},"Angles":{"W":0.999615,"X":0.0,"Y":0.0,"Z":-0.0277617}},"ID":2130853888}]}