{"Key":61477,"Weenies":[{"WCID":8615,"Position":{"ObjCellID":4028956672,"Origin":{"X":140.374,"Y":42.6341,"Z":0.005},"Angles":{"W":0.968964,"X":0.0,"Y":0.0,"Z":0.247201}},"ID":2130857984}]}