{"Key":61510,"Weenies":[{"WCID":8499,"Position":{"ObjCellID":4031119360,"Origin":{"X":181.674,"Y":10.9077,"Z":70.8655},"Angles":{"W":-0.402365,"X":0.0,"Y":0.0,"Z":-0.915479}},"ID":2130993152}]}