{"Key":61550,"Weenies":[{"WCID":22717,"Position":{"ObjCellID":4033740800,"Origin":{"X":50.4727,"Y":80.6214,"Z":3.68768},"Angles":{"W":0.559973,"X":0.0,"Y":0.0,"Z":-0.828511}},"ID":2131156992}]}