{"Key":61555,"Weenies":[{"WCID":22686,"Position":{"ObjCellID":4034068480,"Origin":{"X":164.057,"Y":12.5036,"Z":32.7184},"Angles":{"W":0.624326,"X":0.0,"Y":0.0,"Z":-0.781164}},"ID":2131177472}]}