{"Key":61567,"Weenies":[{"WCID":22661,"Position":{"ObjCellID":4034854912,"Origin":{"X":177.07,"Y":15.6767,"Z":12.005},"Angles":{"W":-0.0341462,"X":0.0,"Y":0.0,"Z":-0.999417}},"ID":2131226624}]}