{"Key":62080,"Weenies":[{"WCID":22690,"Position":{"ObjCellID":4068474880,"Origin":{"X":34.598,"Y":181.448,"Z":12.005},"Angles":{"W":0.981767,"X":0.0,"Y":0.0,"Z":-0.190087}},"ID":2133327872}]}