{"Key":62231,"Weenies":[{"WCID":7121,"Position":{"ObjCellID":4078370816,"Origin":{"X":171.832,"Y":26.3507,"Z":145.686},"Angles":{"W":-0.884426,"X":0.0,"Y":0.0,"Z":-0.46668}},"ID":2133946368},{"WCID":7121,"Position":{"ObjCellID":4078370816,"Origin":{"X":165.197,"Y":76.8864,"Z":150.179},"Angles":{"W":0.939784,"X":0.0,"Y":0.0,"Z":0.34177}},"ID":2133946369},{"WCID":4219,"Position":{"ObjCellID":4078370816,"Origin":{"X":159.952,"Y":27.3887,"Z":146.005},"Angles":{"W":-0.680951,"X":0.0,"Y":0.0,"Z":-0.732329}},"ID":2133946370}],"Links":[{"Source":2133946368,"Target":2133946370},{"Source":2133946369,"Target":2133946370}]}