{"Key":62232,"Weenies":[{"WCID":412,"Position":{"ObjCellID":4078436613,"Origin":{"X":82.24,"Y":180.95,"Z":140.01},"Angles":{"W":0.707107,"X":0.0,"Y":0.0,"Z":-0.707107}},"ID":2133950464}]}