{"Key":62427,"Weenies":[{"WCID":412,"Position":{"ObjCellID":4091215872,"Origin":{"X":101.463,"Y":12.3942,"Z":-6.69388E-10},"Angles":{"W":0.906308,"X":0.0,"Y":0.0,"Z":-0.422618}},"ID":2134749184},{"WCID":412,"Position":{"ObjCellID":4091215872,"Origin":{"X":106.892,"Y":31.8539,"Z":5.14847E-08},"Angles":{"W":1.0,"X":0.0,"Y":0.0,"Z":0.0}},"ID":2134749185},{"WCID":412,"Position":{"ObjCellID":4091215872,"Origin":{"X":111.167,"Y":35.9789,"Z":4.58967E-08},"Angles":{"W":0.707107,"X":0.0,"Y":0.0,"Z":0.707107}},"ID":2134749186}]}