{"Key":62502,"Weenies":[{"WCID":8444,"Position":{"ObjCellID":4096131330,"Origin":{"X":111.929,"Y":84.2805,"Z":-4.795},"Angles":{"W":0.0119658,"X":0.0,"Y":0.0,"Z":-0.999928}},"ID":2135056384}]}