{"Key":62554,"Weenies":[{"WCID":3634,"Position":{"ObjCellID":4099538944,"Origin":{"X":155.97,"Y":28.0225,"Z":88.6673},"Angles":{"W":0.340371,"X":0.0,"Y":0.0,"Z":-0.940291}},"ID":2135269376}]}