{"Key":62586,"Weenies":[{"WCID":22669,"Position":{"ObjCellID":4101636096,"Origin":{"X":54.4475,"Y":84.5056,"Z":60.9953},"Angles":{"W":-0.494476,"X":0.0,"Y":0.0,"Z":-0.869191}},"ID":2135400448},{"WCID":22717,"Position":{"ObjCellID":4101636096,"Origin":{"X":189.35,"Y":179.596,"Z":12.005},"Angles":{"W":-0.793142,"X":0.0,"Y":0.0,"Z":0.609037}},"ID":2135400449}]}