{"Key":62595,"Weenies":[{"WCID":22648,"Position":{"ObjCellID":4102225920,"Origin":{"X":87.2173,"Y":63.8503,"Z":12.005},"Angles":{"W":0.95425,"X":0.0,"Y":0.0,"Z":-0.299009}},"ID":2135437312},{"WCID":22717,"Position":{"ObjCellID":4102225920,"Origin":{"X":8.62893,"Y":150.899,"Z":12.005},"Angles":{"W":0.183458,"X":0.0,"Y":0.0,"Z":-0.983028}},"ID":2135437313}]}