{"Key":62746,"Weenies":[{"WCID":8582,"Position":{"ObjCellID":4112121856,"Origin":{"X":24.0782,"Y":0.464529,"Z":100.005},"Angles":{"W":0.0138012,"X":0.0,"Y":0.0,"Z":0.999905}},"ID":2136055808}]}