{"Key":62760,"Weenies":[{"WCID":8497,"Position":{"ObjCellID":4113039618,"Origin":{"X":109.531,"Y":145.734,"Z":16.805},"Angles":{"W":-0.864861,"X":0.0,"Y":0.0,"Z":0.502012}},"ID":2136113152}]}