{"Key":62807,"Weenies":[{"WCID":4980,"Position":{"ObjCellID":4116119809,"Origin":{"X":7.33314,"Y":132.114,"Z":22.05},"Angles":{"W":0.707107,"X":0.0,"Y":0.0,"Z":-0.707107}},"ID":2136305664}]}