{"Key":63017,"Weenies":[{"WCID":509,"Position":{"ObjCellID":4129882112,"Origin":{"X":19.4796,"Y":132.69,"Z":0.005},"Angles":{"W":-0.713655,"X":0.0,"Y":0.0,"Z":-0.700498}},"ID":2137165824}]}