{"Key":63065,"Weenies":[{"WCID":5148,"Position":{"ObjCellID":4133027840,"Origin":{"X":18.1861,"Y":43.1781,"Z":19.555},"Angles":{"W":-0.0259669,"X":0.0,"Y":0.0,"Z":-0.999663}},"ID":2137362432},{"WCID":5148,"Position":{"ObjCellID":4133027840,"Origin":{"X":16.9028,"Y":42.0905,"Z":19.555},"Angles":{"W":0.623179,"X":0.0,"Y":0.0,"Z":-0.782079}},"ID":2137362433},{"WCID":5148,"Position":{"ObjCellID":4133027840,"Origin":{"X":19.389,"Y":40.1372,"Z":19.555},"Angles":{"W":0.942367,"X":0.0,"Y":0.0,"Z":0.334582}},"ID":2137362436},{"WCID":5148,"Position":{"ObjCellID":4133027840,"Origin":{"X":17.5646,"Y":40.1362,"Z":19.555},"Angles":{"W":0.962968,"X":0.0,"Y":0.0,"Z":-0.269617}},"ID":2137362435}]}