{"Key":63099,"Weenies":[{"WCID":22654,"Position":{"ObjCellID":4135256064,"Origin":{"X":27.7204,"Y":93.3047,"Z":-0.095},"Angles":{"W":-0.912617,"X":0.0,"Y":0.0,"Z":-0.408816}},"ID":2137501696}]}