{"Key":63100,"Weenies":[{"WCID":22692,"Position":{"ObjCellID":4135321600,"Origin":{"X":179.658,"Y":116.6,"Z":19.8777},"Angles":{"W":-0.586125,"X":0.0,"Y":0.0,"Z":-0.810221}},"ID":2137505792}]}