{"Key":63101,"Weenies":[{"WCID":22672,"Position":{"ObjCellID":4135387136,"Origin":{"X":164.516,"Y":89.6033,"Z":52.005},"Angles":{"W":-0.377997,"X":0.0,"Y":0.0,"Z":-0.925807}},"ID":2137509888}]}