{"Key":63103,"Weenies":[{"WCID":22717,"Position":{"ObjCellID":4135518208,"Origin":{"X":41.1995,"Y":179.305,"Z":12.005},"Angles":{"W":0.467913,"X":0.0,"Y":0.0,"Z":-0.883775}},"ID":2137518080}]}