{"Key":63108,"Weenies":[{"WCID":22717,"Position":{"ObjCellID":4135845888,"Origin":{"X":41.4352,"Y":122.985,"Z":172.286},"Angles":{"W":-0.0964253,"X":0.0,"Y":0.0,"Z":-0.99534}},"ID":2137538560},{"WCID":22717,"Position":{"ObjCellID":4135845888,"Origin":{"X":32.1221,"Y":10.1948,"Z":154.239},"Angles":{"W":-0.235048,"X":0.0,"Y":0.0,"Z":0.971984}},"ID":2137538561},{"WCID":22717,"Position":{"ObjCellID":4135845888,"Origin":{"X":14.2009,"Y":186.607,"Z":154.005},"Angles":{"W":-0.0633751,"X":0.0,"Y":0.0,"Z":-0.99799}},"ID":2137538562}]}