{"Key":63361,"Weenies":[{"WCID":22643,"Position":{"ObjCellID":4152426496,"Origin":{"X":67.6088,"Y":186.79,"Z":46.708},"Angles":{"W":0.700477,"X":0.0,"Y":0.0,"Z":-0.713675}},"ID":2138574848},{"WCID":7923,"Position":{"ObjCellID":4152426496,"Origin":{"X":65.626,"Y":184.501,"Z":47.9107},"Angles":{"W":0.981461,"X":0.0,"Y":0.0,"Z":-0.191662}},"ID":2138574849},{"WCID":22716,"Position":{"ObjCellID":4152426496,"Origin":{"X":117.934,"Y":186.768,"Z":23.1103},"Angles":{"W":0.606403,"X":0.0,"Y":0.0,"Z":-0.795158}},"ID":2138574850}],"Links":[{"Source":2138574848,"Target":2138574849}]}