{"Key":63515,"Weenies":[{"WCID":23618,"Position":{"ObjCellID":4162519040,"Origin":{"X":60.2075,"Y":60.0127,"Z":0.005},"Angles":{"W":-0.881337,"X":0.0,"Y":0.0,"Z":-0.472489}},"ID":2139205632}]}