{"Key":63516,"Weenies":[{"WCID":8617,"Position":{"ObjCellID":4162584576,"Origin":{"X":104.966,"Y":85.0501,"Z":0.005},"Angles":{"W":0.983671,"X":0.0,"Y":0.0,"Z":-0.179978}},"ID":2139209728}]}