{"Key":63616,"Weenies":[{"WCID":22667,"Position":{"ObjCellID":4169138176,"Origin":{"X":103.346,"Y":133.513,"Z":12.005},"Angles":{"W":-0.286371,"X":0.0,"Y":0.0,"Z":-0.958119}},"ID":2139619328}]}