{"Key":63618,"Weenies":[{"WCID":30768,"Position":{"ObjCellID":4169269248,"Origin":{"X":158.144,"Y":186.841,"Z":19.2177},"Angles":{"W":0.897303,"X":0.0,"Y":0.0,"Z":-0.441415}},"ID":2139627520}]}