{"Key":63783,"Weenies":[{"WCID":7983,"Position":{"ObjCellID":4180082688,"Origin":{"X":158.378,"Y":61.5986,"Z":32.8068},"Angles":{"W":-0.988022,"X":0.0,"Y":0.0,"Z":-0.154315}},"ID":2140303360},{"WCID":3955,"Position":{"ObjCellID":4180082688,"Origin":{"X":156.408,"Y":64.9375,"Z":32.971},"Angles":{"W":-0.388645,"X":0.0,"Y":0.0,"Z":0.921388}},"ID":2140303361}],"Links":[{"Source":2140303360,"Target":2140303361}]}