{"Key":63870,"Weenies":[{"WCID":22694,"Position":{"ObjCellID":4185784320,"Origin":{"X":166.295,"Y":115.594,"Z":-0.095},"Angles":{"W":-0.994031,"X":0.0,"Y":0.0,"Z":-0.109099}},"ID":2140659712}]}