{"Key":63871,"Weenies":[{"WCID":22665,"Position":{"ObjCellID":4185849856,"Origin":{"X":30.2914,"Y":181.197,"Z":19.25},"Angles":{"W":-0.950727,"X":0.0,"Y":0.0,"Z":0.310028}},"ID":2140663808}]}