{"Key":63873,"Weenies":[{"WCID":22663,"Position":{"ObjCellID":4185980928,"Origin":{"X":176.323,"Y":186.044,"Z":12.5013},"Angles":{"W":0.783702,"X":0.0,"Y":0.0,"Z":-0.621137}},"ID":2140672000}]}