{"Key":64126,"Weenies":[{"WCID":22676,"Position":{"ObjCellID":4202561536,"Origin":{"X":79.1621,"Y":54.0502,"Z":2.81132},"Angles":{"W":-0.724801,"X":0.0,"Y":0.0,"Z":-0.688959}},"ID":2141708288}]}