{"Key":64127,"Weenies":[{"WCID":22688,"Position":{"ObjCellID":4202627072,"Origin":{"X":7.6049,"Y":120.782,"Z":45.4365},"Angles":{"W":0.626728,"X":0.0,"Y":0.0,"Z":-0.779238}},"ID":2141712384}]}