{"Key":64218,"Weenies":[{"WCID":13235,"Position":{"ObjCellID":4208590848,"Origin":{"X":113.77,"Y":54.1322,"Z":0.005},"Angles":{"W":0.0112546,"X":0.0,"Y":0.0,"Z":-0.999937}},"ID":2142085201},{"WCID":13234,"Position":{"ObjCellID":4208590848,"Origin":{"X":110.488,"Y":108.022,"Z":0.005},"Angles":{"W":-0.993601,"X":0.0,"Y":0.0,"Z":-0.11295}},"ID":2142085203}]}