{"Label":"Top of Mt. Zabool","Timestamp":1496988460,"WeenieType":7,"IntValues":{"1":65536,"93":3084,"133":4,"16":32,"111":1},"BoolValues":{"1":true,"11":false,"12":true,"13":true,"15":true},"DoubleValues":{"54":-0.1},"StringValues":{"1":"Top of Mt. Zabool"},"DIDValues":{"1":33554867,"2":150994947,"8":100667499},"PositionValues":{"2":{"ObjCellID":2526609455,"Origin":{"X":122.9,"Y":164.5,"Z":224.0},"Angles":{"W":0.587785244,"X":0.0,"Y":0.0,"Z":-0.809017}}},"WCID":369}