{"Label":"Sylsfear Dungeon Portal","Timestamp":1496988460,"WeenieType":7,"IntValues":{"1":65536,"93":3084,"133":4,"16":32,"86":10,"111":1},"BoolValues":{"1":true,"11":false,"12":true,"13":true,"15":true},"DoubleValues":{"54":-0.1},"StringValues":{"1":"Sylsfear Dungeon Portal"},"DIDValues":{"1":33555923,"2":150994947,"8":100667499},"PositionValues":{"2":{"ObjCellID":30868087,"Origin":{"X":59.8,"Y":-136.9,"Z":0.0},"Angles":{"W":-0.4663864,"X":0.0,"Y":0.0,"Z":-0.8845811}}},"WCID":428}