{"Label":"Base of Mt. Alphus","Timestamp":1496988460,"WeenieType":7,"IntValues":{"1":65536,"93":3084,"133":4,"16":32,"111":1},"BoolValues":{"1":true,"11":false,"12":true,"13":true,"15":true},"DoubleValues":{"54":-0.1},"StringValues":{"1":"Base of Mt. Alphus"},"DIDValues":{"1":33554867,"2":150994947,"8":100667499},"PositionValues":{"2":{"ObjCellID":2492923952,"Origin":{"X":131.7,"Y":170.3,"Z":109.8},"Angles":{"W":0.963630438,"X":0.0,"Y":0.0,"Z":-0.267238379}}},"WCID":433}