{"Label":"North Gemm","Timestamp":1496988460,"WeenieType":7,"IntValues":{"1":65536,"93":3084,"133":4,"16":32,"111":1},"BoolValues":{"1":true,"11":false,"12":true,"13":true,"15":true},"DoubleValues":{"54":-0.1},"StringValues":{"1":"North Gemm"},"DIDValues":{"1":33554867,"2":150994947,"8":100667499},"PositionValues":{"2":{"ObjCellID":2442330167,"Origin":{"X":163.5,"Y":164.4,"Z":224.0},"Angles":{"W":-0.366501182,"X":0.0,"Y":0.0,"Z":-0.9304176}}},"WCID":435}