{"Label":"North Dalt","Timestamp":1496988460,"WeenieType":7,"IntValues":{"1":65536,"93":3084,"133":4,"16":32,"111":1},"BoolValues":{"1":true,"11":false,"12":true,"13":true,"15":true},"DoubleValues":{"54":-0.1},"StringValues":{"1":"North Dalt"},"DIDValues":{"1":33554867,"2":150994947,"8":100667499},"PositionValues":{"2":{"ObjCellID":2408644670,"Origin":{"X":188.9,"Y":138.0,"Z":224.0},"Angles":{"W":-0.333806872,"X":0.0,"Y":0.0,"Z":-0.9426415}}},"WCID":437}