{"Label":"Mt. Syliph Plain","Timestamp":1496988460,"WeenieType":7,"IntValues":{"1":65536,"93":3084,"133":4,"16":32,"111":1},"BoolValues":{"1":true,"11":false,"12":true,"13":true,"15":true},"DoubleValues":{"54":-0.1},"StringValues":{"1":"Mt. Syliph Plain"},"DIDValues":{"1":33554867,"2":150994947,"8":100667499},"PositionValues":{"2":{"ObjCellID":2391605292,"Origin":{"X":126.6,"Y":86.0,"Z":41.7},"Angles":{"W":-0.00872653,"X":0.0,"Y":0.0,"Z":-0.9999619}}},"WCID":442}