{"Label":"Westward Portal","Timestamp":1496988460,"WeenieType":7,"IntValues":{"1":65536,"93":1036,"133":4,"16":32,"86":15,"111":1},"BoolValues":{"1":true,"11":false,"12":true,"13":true},"DoubleValues":{"54":-0.1},"StringValues":{"1":"Westward Portal"},"DIDValues":{"1":33555923,"2":150994947,"8":100667499},"PositionValues":{"2":{"ObjCellID":1524105232,"Origin":{"X":41.25,"Y":180.0,"Z":80.6},"Angles":{"W":-0.5097922,"X":0.0,"Y":0.0,"Z":-0.860297561}}},"WCID":443}