{"Label":"Base of Mt. Syliph","Timestamp":1496988460,"WeenieType":7,"IntValues":{"1":65536,"93":3084,"133":4,"16":32,"111":1},"BoolValues":{"1":true,"11":false,"12":true,"13":true,"15":true},"DoubleValues":{"54":-0.1},"StringValues":{"1":"Base of Mt. Syliph"},"DIDValues":{"1":33554867,"2":150994947,"8":100667499},"PositionValues":{"2":{"ObjCellID":2391605304,"Origin":{"X":150.4,"Y":182.5,"Z":110.0},"Angles":{"W":-0.9612617,"X":0.0,"Y":0.0,"Z":-0.275637358}}},"WCID":441}