{"Label":"North Direlands Portal","Timestamp":1496988460,"WeenieType":7,"IntValues":{"1":65536,"93":3084,"133":4,"16":32,"86":12,"111":1},"BoolValues":{"1":true,"11":false,"12":true,"13":true,"15":true},"DoubleValues":{"54":-0.1},"StringValues":{"1":"North Direlands Portal"},"DIDValues":{"1":33555923,"2":150994947,"8":100667499},"PositionValues":{"2":{"ObjCellID":1016922128,"Origin":{"X":25.1,"Y":191.5,"Z":77.9},"Angles":{"W":-0.8241261,"X":0.0,"Y":0.0,"Z":-0.5664063}}},"WCID":1104}