{"Label":"Old Talisman Dungeon Portal","Timestamp":1496988460,"WeenieType":7,"IntValues":{"1":65536,"93":3084,"133":4,"16":32,"111":17},"BoolValues":{"1":true,"11":false,"12":true,"13":true,"15":true},"DoubleValues":{"54":-0.1},"StringValues":{"1":"Old Talisman Dungeon Portal"},"DIDValues":{"1":33554867,"2":150994947,"8":100667499},"PositionValues":{"2":{"ObjCellID":32113694,"Origin":{"X":60.0,"Y":-60.0,"Z":54.0},"Angles":{"W":-0.3255681,"X":0.0,"Y":0.0,"Z":-0.9455186}}},"WCID":1116}