{"Label":"Thieves' Den","Timestamp":1496988460,"WeenieType":7,"IntValues":{"1":65536,"93":3084,"133":4,"16":32,"111":1},"BoolValues":{"1":true,"11":false,"12":true,"13":true,"15":true},"DoubleValues":{"54":-0.1},"StringValues":{"1":"Thieves' Den"},"DIDValues":{"1":33555923,"2":150994947,"8":100667499},"PositionValues":{"2":{"ObjCellID":31523442,"Origin":{"X":88.46,"Y":-69.724,"Z":0.0},"Angles":{"W":0.704888,"X":0.0,"Y":0.0,"Z":-0.709318638}}},"WCID":1219}