{"Label":"Bandit Castle Prison","Timestamp":1496988460,"WeenieType":7,"IntValues":{"1":65536,"93":3084,"133":4,"16":32,"111":1},"BoolValues":{"1":true,"11":false,"12":true,"13":true,"15":true},"DoubleValues":{"54":-0.1},"StringValues":{"1":"Bandit Castle Prison"},"DIDValues":{"1":33554867,"2":150994947,"8":100667499},"PositionValues":{"2":{"ObjCellID":31588913,"Origin":{"X":71.894,"Y":-20.0,"Z":24.005},"Angles":{"W":-0.727784753,"X":0.0,"Y":0.0,"Z":-0.6858056}}},"WCID":1306}