{"Label":"Eastham Sewer","Timestamp":1496988460,"WeenieType":7,"IntValues":{"1":65536,"93":3084,"133":4,"16":32,"111":1},"BoolValues":{"1":true,"11":false,"12":true,"13":true,"15":true},"DoubleValues":{"54":-0.1},"StringValues":{"1":"Eastham Sewer"},"DIDValues":{"1":33554867,"2":150994947,"8":100667499},"PositionValues":{"2":{"ObjCellID":30343735,"Origin":{"X":119.625,"Y":-163.107,"Z":6.005},"Angles":{"W":-0.999903262,"X":0.0,"Y":0.0,"Z":-0.0139097571}}},"WCID":1323}