{"Label":"A Small Cave","Timestamp":1496988460,"WeenieType":7,"IntValues":{"1":65536,"93":3084,"133":4,"16":32,"111":1},"BoolValues":{"1":true,"11":false,"12":true,"13":true,"15":true},"DoubleValues":{"54":-0.1},"StringValues":{"1":"A Small Cave"},"DIDValues":{"1":33554867,"2":150994947,"8":100667499},"PositionValues":{"2":{"ObjCellID":31916321,"Origin":{"X":58.561,"Y":-28.65,"Z":0.0},"Angles":{"W":-0.5519369,"X":0.0,"Y":0.0,"Z":-0.833885849}}},"WCID":1325}