{"Label":"Mountain Keep","Timestamp":1496988460,"WeenieType":7,"IntValues":{"1":65536,"93":3084,"133":4,"16":32,"111":1},"BoolValues":{"1":true,"11":false,"12":true,"13":true,"15":true},"DoubleValues":{"54":-0.1},"StringValues":{"1":"Mountain Keep"},"DIDValues":{"1":33555923,"2":150994947,"8":100667499},"PositionValues":{"2":{"ObjCellID":30540535,"Origin":{"X":47.9,"Y":-69.9,"Z":12.0},"Angles":{"W":0.7150829,"X":0.0,"Y":0.0,"Z":-0.699039638}}},"WCID":1364}