{"Label":"Surface","Timestamp":1496988460,"WeenieType":7,"IntValues":{"1":65536,"93":3084,"133":4,"16":32,"111":1},"BoolValues":{"1":true,"11":false,"12":true,"13":true,"15":true},"DoubleValues":{"54":-0.1},"StringValues":{"1":"Surface"},"DIDValues":{"1":33554867,"2":150994947,"8":100667499},"PositionValues":{"2":{"ObjCellID":3862102035,"Origin":{"X":48.6,"Y":57.0,"Z":31.2},"Angles":{"W":-0.0457116,"X":0.0,"Y":0.0,"Z":-0.998954654}}},"WCID":1397}