{"Label":"Halls of the Lost Light","Timestamp":1496988460,"WeenieType":7,"IntValues":{"1":65536,"93":3084,"133":4,"16":32,"111":17},"BoolValues":{"1":true,"11":false,"12":true,"13":true,"15":true},"DoubleValues":{"54":-0.1},"StringValues":{"1":"Halls of the Lost Light"},"DIDValues":{"1":33554867,"2":150994947,"8":100667499},"PositionValues":{"2":{"ObjCellID":30278089,"Origin":{"X":49.54,"Y":-6.8,"Z":0.0},"Angles":{"W":-0.0114316083,"X":0.0,"Y":0.0,"Z":-0.9999347}}},"WCID":1430}