{"Label":"Surface","Timestamp":1496988460,"WeenieType":7,"IntValues":{"1":65536,"93":3084,"133":4,"16":32,"111":17},"BoolValues":{"1":true,"11":false,"12":true,"13":true,"15":true},"DoubleValues":{"54":-0.1},"StringValues":{"1":"Surface"},"DIDValues":{"1":33554867,"2":150994947,"8":100667499},"PositionValues":{"2":{"ObjCellID":555679799,"Origin":{"X":162.546,"Y":148.152,"Z":46.0},"Angles":{"W":0.885349,"X":0.0,"Y":0.0,"Z":-0.4649271}}},"WCID":1431}