{"Label":"Halls of the Helm","Timestamp":1496988460,"WeenieType":7,"IntValues":{"1":65536,"93":3084,"133":4,"16":32,"86":10,"111":1},"BoolValues":{"1":true,"11":false,"12":true,"13":true,"15":true},"DoubleValues":{"54":-0.1},"StringValues":{"1":"Halls of the Helm"},"DIDValues":{"1":33555922,"2":150994947,"8":100667499},"PositionValues":{"2":{"ObjCellID":30147045,"Origin":{"X":70.5,"Y":-71.0,"Z":12.0},"Angles":{"W":-0.0101486333,"X":0.0,"Y":0.0,"Z":-0.9999485}}},"WCID":1512}