{"Label":"Colier Mine Portal","Timestamp":1496988460,"WeenieType":7,"IntValues":{"1":65536,"93":3084,"133":4,"16":32,"111":1},"BoolValues":{"1":true,"11":false,"12":true,"13":true,"15":true},"DoubleValues":{"54":-0.1},"StringValues":{"1":"Colier Mine Portal"},"DIDValues":{"1":33554867,"2":150994947,"8":100667499},"PositionValues":{"2":{"ObjCellID":28181103,"Origin":{"X":170.375,"Y":-45.972,"Z":-11.995},"Angles":{"W":-0.004337222,"X":0.0,"Y":0.0,"Z":-0.9999906}}},"WCID":1545}