{"Label":"Surface","Timestamp":1496988460,"WeenieType":7,"IntValues":{"1":65536,"93":3084,"133":4,"16":32,"111":1},"BoolValues":{"1":true,"11":false,"12":true,"13":true,"15":true},"DoubleValues":{"54":-0.1},"StringValues":{"1":"Surface"},"DIDValues":{"1":33554867,"2":150994947,"8":100667499},"PositionValues":{"2":{"ObjCellID":3299344389,"Origin":{"X":21.4,"Y":104.1,"Z":65.0},"Angles":{"W":-0.8870108,"X":0.0,"Y":0.0,"Z":-0.46174866}}},"WCID":1604}