{"Label":"Lost Garden Ruins","Timestamp":1496988460,"WeenieType":7,"IntValues":{"1":65536,"93":3084,"133":4,"16":32,"111":1},"BoolValues":{"1":true,"11":false,"12":true,"13":true,"15":true},"DoubleValues":{"54":-0.1},"StringValues":{"1":"Lost Garden Ruins"},"DIDValues":{"1":33555926,"2":150994947,"8":100667499},"PositionValues":{"2":{"ObjCellID":28377789,"Origin":{"X":39.52,"Y":-8.0,"Z":6.0},"Angles":{"W":0.0130895972,"X":0.0,"Y":0.0,"Z":-0.999914348}}},"WCID":1601}