{"Label":"North Desert Edge","Timestamp":1496988460,"WeenieType":7,"IntValues":{"1":65536,"93":3084,"133":4,"16":32,"111":1},"BoolValues":{"1":true,"11":false,"12":true,"13":true,"15":true},"DoubleValues":{"54":-0.1},"StringValues":{"1":"North Desert Edge"},"DIDValues":{"1":33554867,"2":150994947,"8":100667499},"PositionValues":{"2":{"ObjCellID":2071527461,"Origin":{"X":115.1,"Y":111.2,"Z":7.7},"Angles":{"W":-0.979924738,"X":0.0,"Y":0.0,"Z":-0.1993679}}},"WCID":1905}