{"Label":"East Direlands Swamp","Timestamp":1496988460,"WeenieType":7,"IntValues":{"1":65536,"93":3084,"133":4,"16":32,"86":12,"111":1},"BoolValues":{"1":true,"11":false,"12":true,"13":true,"15":true},"DoubleValues":{"54":-0.1},"StringValues":{"1":"East Direlands Swamp"},"DIDValues":{"1":33555923,"2":150994947,"8":100667499},"PositionValues":{"2":{"ObjCellID":994902071,"Origin":{"X":163.769,"Y":144.452,"Z":34.91},"Angles":{"W":0.488803923,"X":0.0,"Y":0.0,"Z":-0.872393668}}},"WCID":2064}