{"Label":"Dungeon Fern","Timestamp":1496988460,"WeenieType":7,"IntValues":{"1":65536,"93":3084,"133":4,"16":32,"111":1},"BoolValues":{"1":true,"11":false,"12":true,"13":true,"15":true},"DoubleValues":{"54":-0.1},"StringValues":{"1":"Dungeon Fern"},"DIDValues":{"1":33554867,"2":150994947,"8":100667499},"PositionValues":{"2":{"ObjCellID":28508438,"Origin":{"X":39.7,"Y":-0.2,"Z":0.0},"Angles":{"W":0.0261769947,"X":0.0,"Y":0.0,"Z":-0.999657333}}},"WCID":2070}