{"Label":"Dungeon of Tatters","Timestamp":1496988460,"WeenieType":7,"IntValues":{"1":65536,"93":3084,"133":4,"16":32,"111":1},"BoolValues":{"1":true,"11":false,"12":true,"13":true,"15":true},"DoubleValues":{"54":-0.1},"StringValues":{"1":"Dungeon of Tatters"},"DIDValues":{"1":33555923,"2":150994947,"8":100667499},"PositionValues":{"2":{"ObjCellID":28967302,"Origin":{"X":64.95,"Y":-50.27,"Z":0.0},"Angles":{"W":0.759231567,"X":0.0,"Y":0.0,"Z":-0.6508206}}},"WCID":2074}