{"Label":"Surface","Timestamp":1496988460,"WeenieType":7,"IntValues":{"1":65536,"93":3084,"133":4,"16":32,"111":1},"BoolValues":{"1":true,"11":false,"12":true,"13":true,"15":true},"DoubleValues":{"54":-0.1},"StringValues":{"1":"Surface"},"DIDValues":{"1":33554867,"2":150994947,"8":100667499},"PositionValues":{"2":{"ObjCellID":2914320437,"Origin":{"X":154.227,"Y":118.973,"Z":105.0},"Angles":{"W":-0.515038,"X":0.0,"Y":0.0,"Z":-0.8571673}}},"WCID":2071}