{"Label":"Web Maze","Timestamp":1496988460,"WeenieType":7,"IntValues":{"1":65536,"93":3084,"133":4,"16":32,"111":1},"BoolValues":{"1":true,"11":false,"12":true,"13":true,"15":true},"DoubleValues":{"54":-0.1},"StringValues":{"1":"Web Maze"},"DIDValues":{"1":33555923,"2":150994947,"8":100667499},"PositionValues":{"2":{"ObjCellID":28442881,"Origin":{"X":9.61,"Y":-30.47,"Z":0.0},"Angles":{"W":0.7330179,"X":0.0,"Y":0.0,"Z":-0.6802093}}},"WCID":2094}