{"Label":"Small Black Hill","Timestamp":1496988460,"WeenieType":7,"IntValues":{"1":65536,"93":3084,"133":4,"16":32,"111":1},"BoolValues":{"1":true,"11":false,"12":true,"13":true,"15":true},"DoubleValues":{"54":-0.1},"StringValues":{"1":"Small Black Hill"},"DIDValues":{"1":33554867,"2":150994947,"8":100667499},"PositionValues":{"2":{"ObjCellID":1076953119,"Origin":{"X":73.0,"Y":150.0,"Z":148.2},"Angles":{"W":0.30070582,"X":0.0,"Y":0.0,"Z":-0.953716934}}},"WCID":2329}