{"Label":"Tumerok Outpost","Timestamp":1496988460,"WeenieType":7,"IntValues":{"1":65536,"93":3084,"133":4,"16":32,"86":15,"111":1},"BoolValues":{"1":true,"11":false,"12":true,"13":true,"15":true},"DoubleValues":{"54":-0.1},"StringValues":{"1":"Tumerok Outpost"},"DIDValues":{"1":33555923,"2":150994947,"8":100667499},"PositionValues":{"2":{"ObjCellID":29295011,"Origin":{"X":37.45,"Y":-57.21,"Z":0.0},"Angles":{"W":-0.640914,"X":0.0,"Y":0.0,"Z":-0.7676127}}},"WCID":2337}