{"Label":"Swamp Ruin","Timestamp":1496988460,"WeenieType":7,"IntValues":{"1":65536,"93":3084,"133":4,"16":32,"86":6,"111":1},"BoolValues":{"1":true,"11":false,"12":true,"13":true,"15":true},"DoubleValues":{"54":-0.1},"StringValues":{"1":"Swamp Ruin"},"DIDValues":{"1":33555922,"2":150994947,"8":100667499},"PositionValues":{"2":{"ObjCellID":29688120,"Origin":{"X":39.87,"Y":-3.15,"Z":-5.99},"Angles":{"W":0.0105155716,"X":0.0,"Y":0.0,"Z":-0.9999447}}},"WCID":2344}