{"Label":"Slaughterhouse","Timestamp":1496988460,"WeenieType":7,"IntValues":{"1":65536,"93":3084,"133":4,"16":32,"111":1},"BoolValues":{"1":true,"11":false,"12":true,"13":true,"15":true},"DoubleValues":{"54":-0.1},"StringValues":{"1":"Slaughterhouse"},"DIDValues":{"1":33554867,"2":150994947,"8":100667499},"PositionValues":{"2":{"ObjCellID":461307928,"Origin":{"X":64.925,"Y":186.86,"Z":80.1},"Angles":{"W":-0.29237175,"X":0.0,"Y":0.0,"Z":-0.9563047}}},"WCID":2359}