{"Label":"Thasali","Timestamp":1496988460,"WeenieType":7,"IntValues":{"1":65536,"93":3084,"133":4,"16":32,"86":5,"111":1},"BoolValues":{"1":true,"11":false,"12":true,"13":true,"15":true},"DoubleValues":{"54":-0.1},"StringValues":{"1":"Thasali"},"DIDValues":{"1":33555922,"2":150994947,"8":100667499},"PositionValues":{"2":{"ObjCellID":29622553,"Origin":{"X":30.0,"Y":-110.0,"Z":0.0},"Angles":{"W":0.714423954,"X":0.0,"Y":0.0,"Z":-0.6997131}}},"WCID":2362}