{"Label":"Tumerok Fortress Portal","Timestamp":1496988460,"WeenieType":7,"IntValues":{"1":65536,"93":3084,"133":4,"16":32,"86":20,"111":17},"BoolValues":{"1":true,"11":false,"12":true,"13":true,"15":true},"DoubleValues":{"54":-0.1},"StringValues":{"1":"Tumerok Fortress Portal"},"DIDValues":{"1":33555923,"2":150994947,"8":100667499},"PositionValues":{"2":{"ObjCellID":29229506,"Origin":{"X":69.6,"Y":-66.9,"Z":-6.0},"Angles":{"W":0.0480303243,"X":0.0,"Y":0.0,"Z":-0.9988459}}},"WCID":2364}