{"Label":"Swamp Temple","Timestamp":1496988460,"WeenieType":7,"IntValues":{"1":65536,"93":3084,"133":4,"16":32,"86":10,"111":1},"BoolValues":{"1":true,"11":false,"12":true,"13":true,"15":true},"DoubleValues":{"54":-0.1},"StringValues":{"1":"Swamp Temple"},"DIDValues":{"1":33555922,"2":150994947,"8":100667499},"PositionValues":{"2":{"ObjCellID":27395165,"Origin":{"X":70.0,"Y":-70.0,"Z":0.0},"Angles":{"W":-0.9987501,"X":0.0,"Y":0.0,"Z":-0.0499828458}}},"WCID":2383}