{"Label":"Crater Pathway","Timestamp":1496988460,"WeenieType":7,"IntValues":{"1":65536,"93":3084,"133":4,"16":32,"111":1},"BoolValues":{"1":true,"11":false,"12":true,"13":true,"15":true},"DoubleValues":{"54":-0.1},"StringValues":{"1":"Crater Pathway"},"DIDValues":{"1":33554867,"2":150994947,"8":100667499},"PositionValues":{"2":{"ObjCellID":3332964394,"Origin":{"X":133.3,"Y":32.3,"Z":43.7},"Angles":{"W":0.9890159,"X":0.0,"Y":0.0,"Z":-0.1478094}}},"WCID":2389}