{"Label":"Plateau Base","Timestamp":1496988460,"WeenieType":7,"IntValues":{"1":65536,"93":3084,"133":4,"16":32,"111":1},"BoolValues":{"1":true,"11":false,"12":true,"13":true,"15":true},"DoubleValues":{"54":-0.1},"StringValues":{"1":"Plateau Base"},"DIDValues":{"1":33554867,"2":150994947,"8":100667499},"PositionValues":{"2":{"ObjCellID":1220018177,"Origin":{"X":20.703,"Y":11.361,"Z":98.509},"Angles":{"W":-0.798835039,"X":0.0,"Y":0.0,"Z":-0.601550162}}},"WCID":2550}