{"Label":"Tumerok Dungeon","Timestamp":1496988460,"WeenieType":7,"IntValues":{"1":65536,"93":3084,"133":4,"16":32,"111":1},"BoolValues":{"1":true,"11":false,"12":true,"13":true,"15":true},"DoubleValues":{"54":-0.1},"StringValues":{"1":"Tumerok Dungeon"},"DIDValues":{"1":33554867,"2":150994947,"8":100667499},"PositionValues":{"2":{"ObjCellID":27263290,"Origin":{"X":40.219,"Y":-50.724,"Z":0.0},"Angles":{"W":0.0215092562,"X":0.0,"Y":0.0,"Z":-0.9997687}}},"WCID":2562}