{"Label":"Mite Tunnels","Timestamp":1496988460,"WeenieType":7,"IntValues":{"1":65536,"93":3084,"133":4,"16":32,"111":1},"BoolValues":{"1":true,"11":false,"12":true,"13":true,"15":true},"DoubleValues":{"54":-0.1},"StringValues":{"1":"Mite Tunnels"},"DIDValues":{"1":33554867,"2":150994947,"8":100667499},"PositionValues":{"2":{"ObjCellID":27525606,"Origin":{"X":30.0,"Y":-120.0,"Z":0.0},"Angles":{"W":0.524691939,"X":0.0,"Y":0.0,"Z":-0.8512922}}},"WCID":3626}