{"Label":"Surface","Timestamp":1496988460,"WeenieType":7,"IntValues":{"1":65536,"93":3084,"133":4,"16":32,"111":1},"BoolValues":{"1":true,"11":false,"12":true,"13":true,"15":true},"DoubleValues":{"54":-0.1},"StringValues":{"1":"Surface"},"DIDValues":{"1":33554867,"2":150994947,"8":100667499},"PositionValues":{"2":{"ObjCellID":4099538994,"Origin":{"X":145.821,"Y":38.903,"Z":87.0},"Angles":{"W":-0.7717134,"X":0.0,"Y":0.0,"Z":-0.6359705}}},"WCID":3635}