{"Label":"Carved Cave Portal","Timestamp":1496988460,"WeenieType":7,"IntValues":{"1":65536,"93":3084,"133":4,"16":32,"111":17},"BoolValues":{"1":true,"11":false,"12":true,"13":true,"15":true},"DoubleValues":{"54":-0.1},"StringValues":{"1":"Carved Cave Portal"},"DIDValues":{"1":33555923,"2":150994947,"8":100667499},"PositionValues":{"2":{"ObjCellID":26149468,"Origin":{"X":70.548,"Y":-77.66,"Z":0.0},"Angles":{"W":-0.05229237,"X":0.0,"Y":0.0,"Z":-0.998631835}}},"WCID":3630}