{"Label":"Shoushi's Revenge","Timestamp":1496988460,"WeenieType":7,"IntValues":{"1":65536,"93":3084,"133":4,"16":32,"111":1},"BoolValues":{"1":true,"11":false,"12":true,"13":true,"15":true},"DoubleValues":{"54":-0.1},"StringValues":{"1":"Shoushi's Revenge"},"DIDValues":{"1":33554867,"2":150994947,"8":100667499},"PositionValues":{"2":{"ObjCellID":25756449,"Origin":{"X":139.792,"Y":-66.582,"Z":6.005},"Angles":{"W":0.0148172481,"X":0.0,"Y":0.0,"Z":-0.9998902}}},"WCID":3667}