{"Label":"Obsidian Plains","Timestamp":1496988460,"WeenieType":7,"IntValues":{"1":65536,"93":3084,"133":4,"16":32,"86":65,"111":49},"BoolValues":{"1":true,"11":false,"12":true,"13":true,"15":true},"DoubleValues":{"54":-0.1},"StringValues":{"1":"Obsidian Plains"},"DIDValues":{"1":33555925,"2":150994947,"8":100667499},"PositionValues":{"2":{"ObjCellID":758054964,"Origin":{"X":147.5,"Y":78.6,"Z":47.1},"Angles":{"W":0.446197778,"X":0.0,"Y":0.0,"Z":-0.894934356}}},"WCID":4046}