{"Label":"Desert Mine","Timestamp":1496988460,"WeenieType":7,"IntValues":{"1":65536,"93":3084,"133":4,"16":32,"111":1},"BoolValues":{"1":true,"11":false,"12":true,"13":true,"15":true},"DoubleValues":{"54":-0.1},"StringValues":{"1":"Desert Mine"},"DIDValues":{"1":33554867,"2":150994947,"8":100667499},"PositionValues":{"2":{"ObjCellID":25297275,"Origin":{"X":40.0,"Y":-30.0,"Z":0.0},"Angles":{"W":0.702774048,"X":0.0,"Y":0.0,"Z":-0.711413145}}},"WCID":4164}