{"Label":"Surface Portal","Timestamp":1496988460,"WeenieType":7,"IntValues":{"1":65536,"93":2060,"133":4,"16":32,"111":1},"BoolValues":{"1":true,"11":false,"12":true,"13":true,"14":false,"15":true},"DoubleValues":{"54":-0.1},"StringValues":{"1":"Surface Portal"},"DIDValues":{"1":33554867,"2":150994947,"8":100667499},"PositionValues":{"2":{"ObjCellID":3246653449,"Origin":{"X":45.921,"Y":11.955,"Z":49.178},"Angles":{"W":0.4617486,"X":0.0,"Y":0.0,"Z":-0.8870109}}},"WCID":4167}