{"Label":"Filos' Doom","Timestamp":1496988460,"WeenieType":7,"IntValues":{"1":65536,"93":3084,"133":4,"16":32,"111":1},"BoolValues":{"1":true,"11":false,"12":true,"13":true,"15":true},"DoubleValues":{"54":-0.1},"StringValues":{"1":"Filos' Doom"},"DIDValues":{"1":33555922,"2":150994947,"8":100667499},"PositionValues":{"2":{"ObjCellID":22020490,"Origin":{"X":30.0,"Y":0.0,"Z":0.0},"Angles":{"W":0.3173047,"X":0.0,"Y":0.0,"Z":-0.948323667}}},"WCID":4927}