{"Label":"Surface","Timestamp":1496988460,"WeenieType":7,"IntValues":{"1":65536,"93":2060,"133":4,"16":32,"111":1},"BoolValues":{"1":true,"11":false,"12":true,"13":true,"14":false,"15":true},"DoubleValues":{"54":-0.1},"StringValues":{"1":"Surface"},"DIDValues":{"1":33554867,"2":150994947,"8":100667499},"PositionValues":{"2":{"ObjCellID":1725169685,"Origin":{"X":50.337,"Y":107.098,"Z":62.005},"Angles":{"W":0.8400178,"X":0.0,"Y":0.0,"Z":-0.542558849}}},"WCID":4926}