{"Label":"Surface Portal","Timestamp":1496988460,"WeenieType":7,"IntValues":{"1":65536,"93":3084,"133":4,"16":32,"111":1},"BoolValues":{"1":true,"11":false,"12":true,"13":true,"15":true},"DoubleValues":{"54":-0.1},"StringValues":{"1":"Surface Portal"},"DIDValues":{"1":33554867,"2":150994947,"8":100667499},"PositionValues":{"2":{"ObjCellID":2455175230,"Origin":{"X":187.646,"Y":136.523,"Z":23.644},"Angles":{"W":-0.8660254,"X":0.0,"Y":0.0,"Z":-0.50000006}}},"WCID":4930}