{"Label":"Banished Assembly","Timestamp":1496988460,"WeenieType":7,"IntValues":{"1":65536,"93":3084,"133":4,"16":32,"86":100,"111":1},"BoolValues":{"1":true,"11":false,"12":true,"13":true,"15":true},"DoubleValues":{"54":-0.1},"StringValues":{"1":"Banished Assembly"},"DIDValues":{"1":33555925,"2":150994947,"8":100667499},"PositionValues":{"2":{"ObjCellID":1376714,"Origin":{"X":12.2668,"Y":-59.989,"Z":12.005},"Angles":{"W":0.7796003,"X":0.0,"Y":0.0,"Z":-0.6262773}}},"WCID":4941}