{"Label":"Surface Portal","Timestamp":1496988460,"WeenieType":7,"IntValues":{"1":65536,"93":3084,"133":4,"16":32,"111":1},"BoolValues":{"1":true,"11":false,"12":true,"13":true,"15":true},"DoubleValues":{"54":-0.1},"StringValues":{"1":"Surface Portal"},"DIDValues":{"1":33554867,"2":150994947,"8":100667499},"PositionValues":{"2":{"ObjCellID":3946643509,"Origin":{"X":147.671,"Y":114.513,"Z":75.097},"Angles":{"W":0.0157332644,"X":0.0,"Y":0.0,"Z":-0.9998762}}},"WCID":4954}