{"Label":"Surface","Timestamp":1496988460,"WeenieType":7,"IntValues":{"1":65536,"93":3084,"133":4,"16":32,"111":1},"BoolValues":{"1":true,"11":false,"12":true,"13":true,"15":true},"DoubleValues":{"54":-0.1},"StringValues":{"1":"Surface"},"DIDValues":{"1":33554867,"2":150994947,"8":100667499},"PositionValues":{"2":{"ObjCellID":3629514768,"Origin":{"X":35.6,"Y":189.2,"Z":30.0},"Angles":{"W":-0.0462346151,"X":0.0,"Y":0.0,"Z":-0.998930633}}},"WCID":4966}