{"Label":"Surface","Timestamp":1496988460,"WeenieType":7,"IntValues":{"1":65536,"93":3084,"133":4,"16":32,"111":1},"BoolValues":{"1":true,"11":false,"12":true,"13":true,"15":true},"DoubleValues":{"54":-0.1},"StringValues":{"1":"Surface"},"DIDValues":{"1":33554867,"2":150994947,"8":100667499},"PositionValues":{"2":{"ObjCellID":3845849144,"Origin":{"X":150.177,"Y":178.138,"Z":90.652},"Angles":{"W":0.992546141,"X":0.0,"Y":0.0,"Z":-0.121869348}}},"WCID":4960}