{"Label":"Mountain Cavern Portal","Timestamp":1496988460,"WeenieType":7,"IntValues":{"1":65536,"93":3084,"133":1,"16":32,"86":20,"111":49},"BoolValues":{"1":true,"11":false,"12":true,"13":true,"15":true},"DoubleValues":{"54":-0.1},"StringValues":{"1":"Mountain Cavern Portal"},"DIDValues":{"1":33555923,"2":150994947,"8":100667499},"PositionValues":{"2":{"ObjCellID":22872656,"Origin":{"X":20.0,"Y":-50.0,"Z":36.0},"Angles":{"W":0.766044438,"X":0.0,"Y":0.0,"Z":-0.6427876}}},"WCID":5109}