{"Label":"Darktide Festival Stone Portal","Timestamp":1496988460,"WeenieType":7,"IntValues":{"1":65536,"93":3084,"133":4,"16":32,"86":65,"111":49},"BoolValues":{"1":true,"11":false,"12":true,"13":true,"15":true},"DoubleValues":{"54":-0.1},"StringValues":{"1":"Darktide Festival Stone Portal"},"DIDValues":{"1":33555925,"2":150994947,"8":100667499},"PositionValues":{"2":{"ObjCellID":238288959,"Origin":{"X":175.5,"Y":146.8,"Z":34.0},"Angles":{"W":0.9135454,"X":0.0,"Y":0.0,"Z":-0.406736642}}},"WCID":5447}