{"Label":"Seedsow Festival Stone Portal","Timestamp":1496988460,"WeenieType":7,"IntValues":{"1":65536,"3":8,"93":3084,"133":4,"16":32,"111":1},"BoolValues":{"1":true,"11":false,"12":true,"13":true,"15":true},"DoubleValues":{"54":-0.1},"StringValues":{"1":"Seedsow Festival Stone Portal"},"DIDValues":{"1":33554867,"2":150994947,"6":67109370,"7":268435652,"8":100667499},"PositionValues":{"2":{"ObjCellID":3112173610,"Origin":{"X":134.2,"Y":24.5,"Z":64.0},"Angles":{"W":-0.996917367,"X":0.0,"Y":0.0,"Z":-0.07845904}}},"WCID":5451}