{"Label":"Harvestgain Festival Stone Portal","Timestamp":1496988460,"WeenieType":7,"IntValues":{"1":65536,"3":8,"93":3084,"133":4,"16":32,"111":1},"BoolValues":{"1":true,"11":false,"12":true,"13":true,"15":true},"DoubleValues":{"54":-0.1},"StringValues":{"1":"Harvestgain Festival Stone Portal"},"DIDValues":{"1":33554867,"2":150994947,"6":67109370,"7":268435652,"8":100667499},"PositionValues":{"2":{"ObjCellID":2757558298,"Origin":{"X":79.0,"Y":29.0,"Z":25.8},"Angles":{"W":0.990268052,"X":0.0,"Y":0.0,"Z":-0.1391731}}},"WCID":5455}