{"Label":"Snowreap Festival Stone Portal","Timestamp":1496988460,"WeenieType":7,"IntValues":{"1":65536,"3":8,"93":3084,"133":4,"16":32,"111":1},"BoolValues":{"1":true,"11":false,"12":true,"13":true,"15":true},"DoubleValues":{"54":-0.1},"StringValues":{"1":"Snowreap Festival Stone Portal"},"DIDValues":{"1":33554867,"2":150994947,"6":67109370,"7":268435652,"8":100667499},"PositionValues":{"2":{"ObjCellID":2429616162,"Origin":{"X":113.9,"Y":41.4,"Z":277.9},"Angles":{"W":-0.139173076,"X":0.0,"Y":0.0,"Z":-0.990268052}}},"WCID":5458}