{"Label":"Mid Direlands Portal","Timestamp":1496988460,"WeenieType":7,"IntValues":{"1":65536,"93":3084,"133":4,"16":32,"86":18,"111":1},"BoolValues":{"1":true,"11":false,"12":true,"13":true,"15":true},"DoubleValues":{"54":-0.1},"StringValues":{"1":"Mid Direlands Portal"},"DIDValues":{"1":33555923,"2":150994947,"8":100667499},"PositionValues":{"2":{"ObjCellID":760283137,"Origin":{"X":0.0,"Y":22.3,"Z":0.0},"Angles":{"W":-0.999390841,"X":0.0,"Y":0.0,"Z":-0.03489945}}},"WCID":5487}