{"Label":"Smugglers Fort","Timestamp":1496988460,"WeenieType":7,"IntValues":{"1":65536,"93":3084,"133":4,"16":32,"111":1},"BoolValues":{"1":true,"11":false,"12":true,"13":true,"15":true},"DoubleValues":{"54":-0.1},"StringValues":{"1":"Smugglers Fort"},"DIDValues":{"1":33555923,"2":150994947,"8":100667499},"PositionValues":{"2":{"ObjCellID":4049207332,"Origin":{"X":113.505,"Y":92.759,"Z":0.005},"Angles":{"W":0.9131581,"X":0.0,"Y":0.0,"Z":-0.4076055}}},"WCID":5519}