{"Label":"Folthid Cellar Portal","Timestamp":1496988460,"WeenieType":7,"IntValues":{"1":65536,"93":3084,"133":4,"16":32,"86":12,"111":1},"BoolValues":{"1":true,"11":false,"12":true,"13":true,"15":true},"DoubleValues":{"54":-0.1},"StringValues":{"1":"Folthid Cellar Portal"},"DIDValues":{"1":33555923,"2":150994947,"8":100667499},"PositionValues":{"2":{"ObjCellID":20644659,"Origin":{"X":60.0,"Y":-80.0,"Z":0.0},"Angles":{"W":0.7193398,"X":0.0,"Y":0.0,"Z":-0.6946584}}},"WCID":5606}