{"Label":"The Old Keep","Timestamp":1496988460,"WeenieType":7,"IntValues":{"1":65536,"93":3084,"133":4,"16":32,"111":1},"BoolValues":{"1":true,"11":false,"12":true,"13":true,"15":true},"DoubleValues":{"54":-0.1},"StringValues":{"1":"The Old Keep"},"DIDValues":{"1":33554867,"2":150994947,"8":100667499},"PositionValues":{"2":{"ObjCellID":3577610249,"Origin":{"X":27.146,"Y":17.452,"Z":342.914},"Angles":{"W":0.118594728,"X":0.0,"Y":0.0,"Z":-0.99294275}}},"WCID":5650}