{"Label":"Gateway","Timestamp":1496988460,"WeenieType":7,"IntValues":{"1":65536,"93":3084,"133":4,"16":32,"86":20,"111":49},"BoolValues":{"1":true,"11":false,"12":true,"13":true,"15":true},"DoubleValues":{"54":-0.1},"StringValues":{"1":"Gateway"},"DIDValues":{"1":33554867,"2":150994947,"8":100667499},"PositionValues":{"2":{"ObjCellID":2261647380,"Origin":{"X":69.005,"Y":89.425,"Z":251.71},"Angles":{"W":-0.2604373,"X":0.0,"Y":0.0,"Z":-0.965490758}}},"WCID":5875}