{"Label":"Gateway","Timestamp":1496988460,"WeenieType":7,"IntValues":{"1":65536,"93":3084,"133":4,"16":32,"86":26,"111":17},"BoolValues":{"1":true,"11":false,"12":true,"13":true,"15":true},"DoubleValues":{"54":-0.1},"StringValues":{"1":"Gateway"},"DIDValues":{"1":33555923,"2":150994947,"8":100667499},"PositionValues":{"2":{"ObjCellID":2221801731,"Origin":{"X":57.0,"Y":33.0,"Z":169.7},"Angles":{"W":0.8433914,"X":0.0,"Y":0.0,"Z":-0.537299633}}},"WCID":6543}