{"Label":"Gateway","Timestamp":1496988460,"WeenieType":7,"IntValues":{"1":65536,"93":3084,"133":4,"16":32,"86":6,"111":17,"87":15},"BoolValues":{"1":true,"11":false,"12":true,"13":true,"15":true},"DoubleValues":{"54":-0.1},"StringValues":{"1":"Gateway"},"DIDValues":{"1":33555923,"2":150994947,"8":100667499},"PositionValues":{"2":{"ObjCellID":3164471558,"Origin":{"X":108.0,"Y":8.0,"Z":169.7},"Angles":{"W":0.9799247,"X":0.0,"Y":0.0,"Z":-0.199367926}}},"WCID":6542}