{"Label":"Gateway","Timestamp":1496988460,"WeenieType":7,"IntValues":{"1":65536,"93":3084,"133":4,"16":32,"86":16,"111":17,"87":25},"BoolValues":{"1":true,"11":false,"12":true,"13":true,"15":true},"DoubleValues":{"54":-0.1},"StringValues":{"1":"Gateway"},"DIDValues":{"1":33555923,"2":150994947,"8":100667499},"PositionValues":{"2":{"ObjCellID":3378118915,"Origin":{"X":110.8,"Y":105.3,"Z":169.7},"Angles":{"W":-0.9659258,"X":0.0,"Y":0.0,"Z":-0.258819133}}},"WCID":6545}