{"Label":"Gateway","Timestamp":1496988460,"WeenieType":7,"IntValues":{"1":65536,"93":3084,"133":4,"16":32,"111":17},"BoolValues":{"1":true,"11":false,"12":true,"13":true,"15":true},"DoubleValues":{"54":-0.1},"StringValues":{"1":"Gateway"},"DIDValues":{"1":33554867,"2":150994947,"8":100667499},"PositionValues":{"2":{"ObjCellID":2970878211,"Origin":{"X":15.0,"Y":14.8,"Z":323.7},"Angles":{"W":-0.5877852,"X":0.0,"Y":0.0,"Z":-0.809017}}},"WCID":6547}