{"Label":"Gateway","Timestamp":1496988460,"WeenieType":7,"IntValues":{"1":65536,"93":3084,"133":4,"16":32,"86":10,"111":17,"87":17},"BoolValues":{"1":true,"11":false,"12":true,"13":true,"15":true},"DoubleValues":{"54":-0.1},"StringValues":{"1":"Gateway"},"DIDValues":{"1":33555923,"2":150994947,"8":100667499},"PositionValues":{"2":{"ObjCellID":2962817283,"Origin":{"X":182.0,"Y":107.6,"Z":231.7},"Angles":{"W":-0.469471574,"X":0.0,"Y":0.0,"Z":-0.882947564}}},"WCID":6549}