{"Label":"Gateway","Timestamp":1496988460,"WeenieType":7,"IntValues":{"1":65536,"93":3084,"133":4,"16":32,"86":16,"111":17,"87":25},"BoolValues":{"1":true,"11":false,"12":true,"13":true,"15":true},"DoubleValues":{"54":-0.1},"StringValues":{"1":"Gateway"},"DIDValues":{"1":33555923,"2":150994947,"8":100667499},"PositionValues":{"2":{"ObjCellID":3565682947,"Origin":{"X":61.1,"Y":85.1,"Z":197.7},"Angles":{"W":-0.390731156,"X":0.0,"Y":0.0,"Z":-0.920504868}}},"WCID":6546}