{"Label":"Gateway","Timestamp":1496988460,"WeenieType":7,"IntValues":{"1":65536,"93":3084,"133":4,"16":32,"111":17},"BoolValues":{"1":true,"11":false,"12":true,"13":true,"15":true},"DoubleValues":{"54":-0.1},"StringValues":{"1":"Gateway"},"DIDValues":{"1":33554867,"2":150994947,"8":100667499},"PositionValues":{"2":{"ObjCellID":640745731,"Origin":{"X":105.0,"Y":81.0,"Z":241.7},"Angles":{"W":0.8433914,"X":0.0,"Y":0.0,"Z":-0.537299633}}},"WCID":6553}