{"Label":"Sub-Terranean Cavern Portal","Timestamp":1496988460,"WeenieType":7,"IntValues":{"1":65536,"93":3084,"133":4,"16":32,"86":24,"111":17},"BoolValues":{"1":true,"11":false,"12":true,"13":true,"15":true},"DoubleValues":{"54":-0.1},"StringValues":{"1":"Sub-Terranean Cavern Portal"},"DIDValues":{"1":33555923,"2":150994947,"8":100667499},"PositionValues":{"2":{"ObjCellID":18220079,"Origin":{"X":71.28,"Y":-114.0,"Z":-5.995},"Angles":{"W":0.08454751,"X":0.0,"Y":0.0,"Z":-0.9964194}}},"WCID":6632}