{"Label":"Northwest Direlands Portal","Timestamp":1496988460,"WeenieType":7,"IntValues":{"1":65536,"93":3084,"133":4,"16":32,"86":35,"111":1},"BoolValues":{"1":true,"11":false,"12":true,"13":true,"15":true},"DoubleValues":{"54":-0.1},"StringValues":{"1":"Northwest Direlands Portal"},"DIDValues":{"1":33555926,"2":150994947,"8":100667499},"PositionValues":{"2":{"ObjCellID":310771715,"Origin":{"X":10.0,"Y":68.0,"Z":50.0},"Angles":{"W":0.9799247,"X":0.0,"Y":0.0,"Z":-0.199367926}}},"WCID":7211}