{"Label":"Surface Portal","Timestamp":1496988460,"WeenieType":7,"IntValues":{"1":65536,"93":3084,"133":4,"16":32,"111":17},"BoolValues":{"1":true,"11":false,"12":true,"13":true,"15":true},"DoubleValues":{"54":-0.1},"StringValues":{"1":"Surface Portal"},"DIDValues":{"1":33554867,"2":150994947,"8":100667499},"PositionValues":{"2":{"ObjCellID":3251568679,"Origin":{"X":124.6,"Y":162.7,"Z":277.6},"Angles":{"W":0.9961947,"X":0.0,"Y":0.0,"Z":-0.08715574}}},"WCID":7255}