{"Label":"Exit Portal","Timestamp":1496988460,"WeenieType":7,"IntValues":{"1":65536,"93":3084,"133":4,"16":32,"111":17},"BoolValues":{"1":true,"11":false,"12":true,"13":true,"15":true},"DoubleValues":{"54":-0.1},"StringValues":{"1":"Exit Portal"},"DIDValues":{"1":33554867,"2":150994947,"8":100667499},"PositionValues":{"2":{"ObjCellID":3068854332,"Origin":{"X":179.859,"Y":80.599,"Z":25.018},"Angles":{"W":0.9499066,"X":0.0,"Y":0.0,"Z":-0.312533975}}},"WCID":7416}