{"Label":"Surface Portal","Timestamp":1496988460,"WeenieType":7,"IntValues":{"1":65536,"93":2060,"133":4,"16":32,"111":49},"BoolValues":{"1":true,"11":false,"12":true,"13":true,"14":false,"15":true,"18":true},"DoubleValues":{"54":-0.1},"StringValues":{"1":"Surface Portal"},"DIDValues":{"1":33556111,"8":100667499},"PositionValues":{"2":{"ObjCellID":3035496474,"Origin":{"X":92.422,"Y":45.823,"Z":47.192},"Angles":{"W":-0.274135321,"X":0.0,"Y":0.0,"Z":-0.961691141}}},"WCID":7489}