{"Label":"Portal to Major Fire Stone","Timestamp":1496988460,"WeenieType":7,"IntValues":{"1":65536,"93":3084,"133":4,"16":32,"111":17},"BoolValues":{"1":true,"11":false,"12":true,"13":true,"15":true},"DoubleValues":{"54":-0.1},"StringValues":{"1":"Portal to Major Fire Stone"},"DIDValues":{"1":33554867,"2":150994947,"8":100667499},"PositionValues":{"2":{"ObjCellID":18547123,"Origin":{"X":1.0,"Y":-19.2,"Z":-30.0},"Angles":{"W":-0.621831238,"X":0.0,"Y":0.0,"Z":-0.783151269}}},"WCID":7816}