{"Label":"Portal to Major Sparking Stone","Timestamp":1496988460,"WeenieType":7,"IntValues":{"1":65536,"93":3084,"133":4,"16":32,"111":17},"BoolValues":{"1":true,"11":false,"12":true,"13":true,"15":true},"DoubleValues":{"54":-0.1},"StringValues":{"1":"Portal to Major Sparking Stone"},"DIDValues":{"1":33554867,"2":150994947,"8":100667499},"PositionValues":{"2":{"ObjCellID":18415892,"Origin":{"X":110.9,"Y":-46.0,"Z":-78.0},"Angles":{"W":-0.661311865,"X":0.0,"Y":0.0,"Z":-0.7501111}}},"WCID":7813}