{"Label":"Portal to Major Stinging Stone","Timestamp":1496988460,"WeenieType":7,"IntValues":{"1":65536,"93":3084,"133":4,"16":32,"111":17},"BoolValues":{"1":true,"11":false,"12":true,"13":true,"15":true},"DoubleValues":{"54":-0.1},"StringValues":{"1":"Portal to Major Stinging Stone"},"DIDValues":{"1":33554867,"2":150994947,"8":100667499},"PositionValues":{"2":{"ObjCellID":18482078,"Origin":{"X":169.9,"Y":-37.5,"Z":-6.0},"Angles":{"W":0.151261032,"X":0.0,"Y":0.0,"Z":-0.98849386}}},"WCID":7814}