{"Label":"Arena","Timestamp":1496988460,"WeenieType":7,"IntValues":{"1":65536,"93":3084,"133":4,"16":32,"111":9},"BoolValues":{"1":true,"11":false,"12":true,"13":true,"15":true},"DoubleValues":{"54":-0.1},"StringValues":{"1":"Arena"},"DIDValues":{"1":33554867,"2":150994947,"8":100667499},"PositionValues":{"2":{"ObjCellID":48431523,"Origin":{"X":130.0,"Y":-50.0,"Z":12.0},"Angles":{"W":-0.446197748,"X":0.0,"Y":0.0,"Z":-0.8949344}}},"WCID":7891}