{"Label":"Caulnalain Portal","Timestamp":1496988460,"WeenieType":7,"IntValues":{"1":65536,"93":3084,"133":4,"16":32,"86":40,"111":17},"BoolValues":{"1":true,"11":false,"12":true,"13":true,"14":true,"15":true},"DoubleValues":{"54":-0.1},"StringValues":{"1":"Caulnalain Portal"},"DIDValues":{"1":33555926,"2":150994947,"8":100667499},"PositionValues":{"2":{"ObjCellID":48169845,"Origin":{"X":2.16,"Y":-63.34,"Z":-5.9},"Angles":{"W":0.707106769,"X":0.0,"Y":0.0,"Z":-0.707106769}}},"WCID":7947}