{"Label":"Shendolain Portal","Timestamp":1496988460,"WeenieType":7,"IntValues":{"1":65536,"93":3084,"133":4,"16":32,"86":60,"111":49},"BoolValues":{"1":true,"11":false,"12":true,"13":true,"14":true,"15":true},"DoubleValues":{"54":-0.1},"StringValues":{"1":"Shendolain Portal"},"DIDValues":{"1":33555924,"2":150994947,"8":100667499},"PositionValues":{"2":{"ObjCellID":47645255,"Origin":{"X":30.0,"Y":-30.0,"Z":-42.0},"Angles":{"W":0.382683426,"X":0.0,"Y":0.0,"Z":-0.9238795}}},"WCID":7951}