{"Label":"Surface Portal","Timestamp":1496988460,"WeenieType":7,"IntValues":{"1":65536,"93":3084,"133":4,"16":32,"111":1},"BoolValues":{"1":true,"11":false,"12":true,"13":true,"14":true,"15":true},"DoubleValues":{"54":-0.1},"StringValues":{"1":"Surface Portal"},"DIDValues":{"1":33554867,"2":150994947,"8":100667499},"PositionValues":{"2":{"ObjCellID":1311899655,"Origin":{"X":2.1,"Y":162.0,"Z":0.2},"Angles":{"W":0.5007556,"X":0.0,"Y":0.0,"Z":-0.8655887}}},"WCID":7950}