{"Label":"Lightless Tunnels Portal","Timestamp":1496988460,"WeenieType":7,"IntValues":{"1":65536,"93":3084,"133":4,"16":32,"86":1,"111":49,"87":25},"BoolValues":{"1":true,"11":false,"12":true,"13":true,"15":true},"DoubleValues":{"54":-0.1},"StringValues":{"1":"Lightless Tunnels Portal"},"DIDValues":{"1":33554867,"2":150994947,"8":100667499},"PositionValues":{"2":{"ObjCellID":46531072,"Origin":{"X":60.0,"Y":-60.0,"Z":-6.0},"Angles":{"W":-0.08715577,"X":0.0,"Y":0.0,"Z":-0.9961947}}},"WCID":8218}