{"Label":"Direlands North Landbridge Portal","Timestamp":1496988460,"WeenieType":7,"IntValues":{"1":65536,"93":3084,"133":4,"16":32,"86":25,"111":1},"BoolValues":{"1":true,"11":false,"12":true,"13":true,"15":true},"DoubleValues":{"54":-0.1},"StringValues":{"1":"Direlands North Landbridge Portal"},"DIDValues":{"1":33555926,"2":150994947,"8":100667499},"PositionValues":{"2":{"ObjCellID":915669030,"Origin":{"X":96.3,"Y":140.0,"Z":87.0},"Angles":{"W":-0.819152057,"X":0.0,"Y":0.0,"Z":-0.57357645}}},"WCID":8389}