{"Label":"Direlands Desert Northeast Portal","Timestamp":1496988460,"WeenieType":7,"IntValues":{"1":65536,"93":3084,"133":4,"16":32,"86":25,"111":1},"BoolValues":{"1":true,"11":false,"12":true,"13":true,"15":true},"DoubleValues":{"54":-0.1},"StringValues":{"1":"Direlands Desert Northeast Portal"},"DIDValues":{"1":33555926,"2":150994947,"8":100667499},"PositionValues":{"2":{"ObjCellID":890765359,"Origin":{"X":127.0,"Y":158.0,"Z":12.0},"Angles":{"W":-0.1736482,"X":0.0,"Y":0.0,"Z":-0.9848077}}},"WCID":8383}