{"Label":"Direlands South Landbridge Portal","Timestamp":1496988460,"WeenieType":7,"IntValues":{"1":65536,"93":3084,"133":4,"16":32,"86":25,"111":1},"BoolValues":{"1":true,"11":false,"12":true,"13":true,"15":true},"DoubleValues":{"54":-0.1},"StringValues":{"1":"Direlands South Landbridge Portal"},"DIDValues":{"1":33555926,"2":150994947,"8":100667499},"PositionValues":{"2":{"ObjCellID":1729560603,"Origin":{"X":81.1,"Y":48.8,"Z":2.7},"Angles":{"W":0.9396926,"X":0.0,"Y":0.0,"Z":-0.342020124}}},"WCID":8390}