{"Label":"Surface","Timestamp":1496988460,"WeenieType":7,"IntValues":{"1":65536,"93":3084,"133":4,"16":32,"111":1},"BoolValues":{"1":true,"11":false,"12":true,"13":true,"15":true},"DoubleValues":{"54":-0.1},"StringValues":{"1":"Surface"},"DIDValues":{"1":33554867,"2":150994947,"8":100667499},"PositionValues":{"2":{"ObjCellID":4113039398,"Origin":{"X":110.566,"Y":126.121,"Z":22.0},"Angles":{"W":-0.748955667,"X":0.0,"Y":0.0,"Z":-0.6626201}}},"WCID":8498}