{"Label":"River Mouth","Timestamp":1496988460,"WeenieType":7,"IntValues":{"1":65536,"93":3084,"133":4,"16":32,"86":12,"111":1},"BoolValues":{"1":true,"11":false,"12":true,"13":true,"15":true},"DoubleValues":{"54":-0.1},"StringValues":{"1":"River Mouth"},"DIDValues":{"1":33555923,"2":150994947,"8":100667499},"PositionValues":{"2":{"ObjCellID":1053097995,"Origin":{"X":26.8,"Y":51.7,"Z":8.0},"Angles":{"W":-0.42261833,"X":0.0,"Y":0.0,"Z":-0.906307757}}},"WCID":8500}