{"Label":"Southern Mt. Esper","Timestamp":1496988460,"WeenieType":7,"IntValues":{"1":65536,"93":3084,"133":4,"16":32,"86":12,"111":1},"BoolValues":{"1":true,"11":false,"12":true,"13":true,"15":true},"DoubleValues":{"54":-0.1},"StringValues":{"1":"Southern Mt. Esper"},"DIDValues":{"1":33555923,"2":150994947,"8":100667499},"PositionValues":{"2":{"ObjCellID":2412118052,"Origin":{"X":117.2,"Y":72.6,"Z":52.0},"Angles":{"W":-0.987688363,"X":0.0,"Y":0.0,"Z":-0.156434447}}},"WCID":8501}