{"Label":"South Shore Heights","Timestamp":1496988460,"WeenieType":7,"IntValues":{"1":65536,"93":3084,"133":4,"16":32,"86":12,"111":1},"BoolValues":{"1":true,"11":false,"12":true,"13":true,"15":true},"DoubleValues":{"54":-0.1},"StringValues":{"1":"South Shore Heights"},"DIDValues":{"1":33555923,"2":150994947,"8":100667499},"PositionValues":{"2":{"ObjCellID":2954035262,"Origin":{"X":181.0,"Y":134.3,"Z":183.0},"Angles":{"W":0.147809356,"X":0.0,"Y":0.0,"Z":-0.9890159}}},"WCID":8502}