{"Label":"Perimeter Portal","Timestamp":1496988460,"WeenieType":7,"IntValues":{"1":65536,"93":3084,"133":4,"16":32,"111":17},"BoolValues":{"1":true,"11":false,"12":true,"13":true,"14":true,"15":true},"DoubleValues":{"54":-0.1},"StringValues":{"1":"Perimeter Portal"},"DIDValues":{"1":33554867,"2":150994947,"8":100667499},"PositionValues":{"2":{"ObjCellID":4179886108,"Origin":{"X":85.5,"Y":85.5,"Z":39.0},"Angles":{"W":-0.3826834,"X":0.0,"Y":0.0,"Z":-0.923879564}}},"WCID":8536}