{"Label":"Freehold Portal","Timestamp":1496988460,"WeenieType":7,"IntValues":{"1":65536,"93":3084,"133":4,"16":32,"111":1},"BoolValues":{"1":true,"11":false,"12":true,"13":true,"15":true},"DoubleValues":{"54":-0.1},"StringValues":{"1":"Freehold Portal"},"DIDValues":{"1":33554867,"2":150994947,"8":100667499},"PositionValues":{"2":{"ObjCellID":4062445594,"Origin":{"X":81.8,"Y":33.0,"Z":0.0},"Angles":{"W":0.241074771,"X":0.0,"Y":0.0,"Z":-0.970506549}}},"WCID":8555}