{"Label":"Rumuba's Hidey-Hole","Timestamp":1496988460,"WeenieType":7,"IntValues":{"1":65536,"93":3084,"133":4,"16":32,"111":1},"BoolValues":{"1":true,"11":false,"12":true,"13":true,"15":true},"DoubleValues":{"54":-0.1},"StringValues":{"1":"Rumuba's Hidey-Hole"},"DIDValues":{"1":33554867,"2":150994947,"8":100667499},"PositionValues":{"2":{"ObjCellID":45613747,"Origin":{"X":200.0,"Y":-270.0,"Z":7.0},"Angles":{"W":-0.987688363,"X":0.0,"Y":0.0,"Z":-0.156434447}}},"WCID":8576}