{"Label":"Surface","Timestamp":1496988460,"WeenieType":7,"IntValues":{"1":65536,"93":3084,"133":4,"16":32,"111":1},"BoolValues":{"1":true,"11":false,"12":true,"13":true,"15":true},"DoubleValues":{"39":0.8,"54":-0.1},"StringValues":{"1":"Surface"},"DIDValues":{"1":33554867,"2":150994947,"8":100667499},"PositionValues":{"2":{"ObjCellID":4113104927,"Origin":{"X":81.165,"Y":158.503,"Z":18.033},"Angles":{"W":-0.9659258,"X":0.0,"Y":0.0,"Z":-0.258819133}}},"WCID":8601}