{"Label":"Desert Northern Edge Portal","Timestamp":1496988460,"WeenieType":7,"IntValues":{"1":65536,"93":3084,"133":4,"16":32,"111":1},"BoolValues":{"1":true,"11":false,"12":true,"13":true,"15":true},"DoubleValues":{"54":-0.1},"StringValues":{"1":"Desert Northern Edge Portal"},"DIDValues":{"1":33554867,"2":150994947,"8":100667499},"PositionValues":{"2":{"ObjCellID":2543124540,"Origin":{"X":180.0,"Y":75.0,"Z":76.3},"Angles":{"W":-0.9999619,"X":0.0,"Y":0.0,"Z":-0.008726637}}},"WCID":8615}