{"Label":"Shoyanen's Portal","Timestamp":1496988460,"WeenieType":7,"IntValues":{"1":65536,"93":3084,"133":4,"16":32,"111":49},"BoolValues":{"1":true,"11":false,"12":true,"13":true,"15":true},"DoubleValues":{"54":-0.1},"StringValues":{"1":"Shoyanen's Portal"},"DIDValues":{"1":33554867,"2":150994947,"8":100667499},"PositionValues":{"2":{"ObjCellID":3929014314,"Origin":{"X":126.5,"Y":37.0,"Z":121.0},"Angles":{"W":0.688354552,"X":0.0,"Y":0.0,"Z":-0.725374341}}},"WCID":8994}