{"Label":"Celdiseth's Portal","Timestamp":1496988460,"WeenieType":7,"IntValues":{"1":65536,"93":3084,"133":4,"16":32,"111":17},"BoolValues":{"1":true,"11":false,"12":true,"13":true,"15":true},"DoubleValues":{"54":-0.1},"StringValues":{"1":"Celdiseth's Portal"},"DIDValues":{"1":33554867,"2":150994947,"8":100667499},"PositionValues":{"2":{"ObjCellID":2599092254,"Origin":{"X":76.0,"Y":141.0,"Z":20.0},"Angles":{"W":0.382683426,"X":0.0,"Y":0.0,"Z":-0.9238795}}},"WCID":9156}