{"Label":"Surface Exit","Timestamp":1496988460,"WeenieType":7,"IntValues":{"1":65536,"93":3084,"133":4,"16":32,"111":1},"BoolValues":{"1":true,"11":false,"12":true,"13":true,"15":true},"DoubleValues":{"54":-0.1},"StringValues":{"1":"Surface Exit"},"DIDValues":{"1":33554867,"2":150994947,"8":100667499},"PositionValues":{"2":{"ObjCellID":2138439689,"Origin":{"X":42.7,"Y":4.3,"Z":10.0},"Angles":{"W":0.49999997,"X":0.0,"Y":0.0,"Z":-0.866025448}}},"WCID":9667}