{"Label":"Exit","Timestamp":1496988460,"WeenieType":7,"IntValues":{"1":65536,"93":3084,"133":4,"16":32,"86":20,"111":1},"BoolValues":{"1":true,"11":false,"12":true,"13":true,"15":true},"DoubleValues":{"54":-0.1},"StringValues":{"1":"Exit"},"DIDValues":{"1":33555923,"2":150994947,"8":100667499},"PositionValues":{"2":{"ObjCellID":3196649511,"Origin":{"X":106.7,"Y":146.5,"Z":41.4},"Angles":{"W":-0.350207418,"X":0.0,"Y":0.0,"Z":-0.936672151}}},"WCID":10793}