{"Label":"Gateway Portal","Timestamp":1496988460,"WeenieType":7,"IntValues":{"1":65536,"93":3084,"133":4,"16":32,"111":49},"BoolValues":{"1":true,"11":false,"12":true,"13":true,"15":true},"DoubleValues":{"54":-0.1},"StringValues":{"1":"Gateway Portal"},"DIDValues":{"1":33554867,"2":150994947,"8":100667499},"PositionValues":{"2":{"ObjCellID":1467286128,"Origin":{"X":19.3695,"Y":-40.5341,"Z":0.005},"Angles":{"W":-0.3867109,"X":0.0,"Y":0.0,"Z":-0.922201}}},"WCID":10928}