{"Label":"Dryreach House Portal","Timestamp":1496988460,"WeenieType":7,"IntValues":{"1":65536,"93":3084,"133":4,"16":32,"86":12,"111":1},"BoolValues":{"1":true,"11":false,"12":true,"13":true,"15":true},"DoubleValues":{"54":-0.1},"StringValues":{"1":"Dryreach House Portal"},"DIDValues":{"1":33555923,"2":150994947,"8":100667499},"PositionValues":{"2":{"ObjCellID":3681878075,"Origin":{"X":186.0,"Y":65.0,"Z":36.0},"Angles":{"W":-0.7518399,"X":0.0,"Y":0.0,"Z":-0.659345746}}},"WCID":10986}