{"Label":"Virindi Habitat Portal","Timestamp":1496988460,"WeenieType":7,"IntValues":{"1":65536,"93":3084,"133":4,"16":32,"86":70,"111":49},"BoolValues":{"1":true,"11":false,"12":true,"13":true,"15":true},"DoubleValues":{"54":-0.1},"StringValues":{"1":"Virindi Habitat Portal"},"DIDValues":{"1":33555925,"2":150994947,"8":100667499},"PositionValues":{"2":{"ObjCellID":43188752,"Origin":{"X":1.7,"Y":-87.7,"Z":-12.0},"Angles":{"W":0.998440742,"X":0.0,"Y":0.0,"Z":-0.0558214523}}},"WCID":10985}