{"Label":"Royal Hive Portal","Timestamp":1496988460,"WeenieType":7,"IntValues":{"1":65536,"93":3084,"133":4,"16":32,"86":70,"111":49},"BoolValues":{"1":true,"11":false,"12":true,"13":true,"15":true},"DoubleValues":{"54":-0.1},"StringValues":{"1":"Royal Hive Portal","37":"CentralHivePortalOK"},"DIDValues":{"1":33555925,"2":150994947,"8":100667499},"PositionValues":{"2":{"ObjCellID":42467948,"Origin":{"X":40.0,"Y":-70.0,"Z":-12.0},"Angles":{"W":0.766044438,"X":0.0,"Y":0.0,"Z":-0.6427876}}},"WCID":11207}