{"Label":"Surface Portal","Timestamp":1496988460,"WeenieType":7,"IntValues":{"1":65536,"93":3084,"133":4,"16":32,"86":30,"111":49},"BoolValues":{"1":true,"11":false,"12":true,"13":true,"15":true},"DoubleValues":{"54":-0.1},"StringValues":{"1":"Surface Portal"},"DIDValues":{"1":33555923,"2":150994947,"8":100667499},"PositionValues":{"2":{"ObjCellID":549388566,"Origin":{"X":80.8,"Y":60.1,"Z":74.2},"Angles":{"W":0.452434838,"X":0.0,"Y":0.0,"Z":-0.8917975}}},"WCID":11216}