{"Label":"Small Hive Portal","Timestamp":1496988460,"WeenieType":7,"IntValues":{"1":65536,"93":3084,"133":4,"16":32,"86":40,"111":49},"BoolValues":{"1":true,"11":false,"12":true,"13":true,"15":true},"DoubleValues":{"54":-0.1},"StringValues":{"1":"Small Hive Portal"},"DIDValues":{"1":33555926,"2":150994947,"8":100667499},"PositionValues":{"2":{"ObjCellID":42598975,"Origin":{"X":110.0,"Y":-20.0,"Z":-30.0},"Angles":{"W":-0.766044438,"X":0.0,"Y":0.0,"Z":-0.642787635}}},"WCID":11221}