{"Label":"Zaikhal Middle Guard Tower Portal","Timestamp":1496988460,"WeenieType":7,"IntValues":{"1":65536,"93":3084,"133":4,"16":32,"86":24,"111":17,"87":40},"BoolValues":{"1":true,"11":false,"12":true,"13":true,"15":true},"DoubleValues":{"54":-0.1},"StringValues":{"1":"Zaikhal Middle Guard Tower Portal"},"DIDValues":{"1":33555923,"2":150994947,"8":100667499},"PositionValues":{"2":{"ObjCellID":2124087553,"Origin":{"X":32.6,"Y":36.1,"Z":237.0},"Angles":{"W":0.49999997,"X":0.0,"Y":0.0,"Z":-0.866025448}}},"WCID":11859}