{"Label":"Zaikhal Middle Guard Camp Portal","Timestamp":1496988460,"WeenieType":7,"IntValues":{"1":65536,"93":3084,"133":4,"16":32,"86":24,"111":1,"87":40},"BoolValues":{"1":true,"11":false,"12":true,"13":true,"15":true},"DoubleValues":{"54":-0.1},"StringValues":{"1":"Zaikhal Middle Guard Camp Portal"},"DIDValues":{"1":33555923,"2":150994947,"8":100667499},"PositionValues":{"2":{"ObjCellID":41353777,"Origin":{"X":140.0,"Y":-470.0,"Z":0.0},"Angles":{"W":0.707106769,"X":0.0,"Y":0.0,"Z":-0.707106769}}},"WCID":11856}