{"Label":"Zaikhal Advance Tower Portal","Timestamp":1496988460,"WeenieType":7,"IntValues":{"1":65536,"93":3084,"133":4,"16":32,"86":12,"111":17,"87":25},"BoolValues":{"1":true,"11":false,"12":true,"13":true,"15":true},"DoubleValues":{"54":-0.1},"StringValues":{"1":"Zaikhal Advance Tower Portal"},"DIDValues":{"1":33555923,"2":150994947,"8":100667499},"PositionValues":{"2":{"ObjCellID":2106982657,"Origin":{"X":181.9,"Y":129.9,"Z":246.0},"Angles":{"W":-0.9659258,"X":0.0,"Y":0.0,"Z":-0.258819133}}},"WCID":11858}