{"Label":"Zaikhal Reinforcements Tower Portal","Timestamp":1496988460,"WeenieType":7,"IntValues":{"1":65536,"93":3084,"133":4,"16":32,"86":36,"111":17},"BoolValues":{"1":true,"11":false,"12":true,"13":true,"15":true},"DoubleValues":{"54":-0.1},"StringValues":{"1":"Zaikhal Reinforcements Tower Portal"},"DIDValues":{"1":33555926,"2":150994947,"8":100667499},"PositionValues":{"2":{"ObjCellID":2023817473,"Origin":{"X":158.2,"Y":61.0,"Z":148.0},"Angles":{"W":-0.50000006,"X":0.0,"Y":0.0,"Z":-0.8660254}}},"WCID":11860}