{"Label":"Marescent Plateau Portal","Timestamp":1496988460,"WeenieType":7,"IntValues":{"1":65536,"93":3084,"133":4,"16":32,"86":35,"111":49},"BoolValues":{"1":true,"11":false,"12":true,"13":true,"15":true},"DoubleValues":{"54":-0.1},"StringValues":{"1":"Marescent Plateau Portal"},"DIDValues":{"1":33555926,"2":150994947,"8":100667499},"PositionValues":{"2":{"ObjCellID":515112986,"Origin":{"X":78.7,"Y":31.2,"Z":80.8},"Angles":{"W":0.994612753,"X":0.0,"Y":0.0,"Z":-0.103660487}}},"WCID":11958}