{"Label":"Northern Ahurenga Plains Portal","Timestamp":1496988460,"WeenieType":7,"IntValues":{"1":65536,"93":3084,"133":4,"16":32,"111":49},"BoolValues":{"1":true,"11":false,"12":true,"13":true,"15":true},"DoubleValues":{"54":-0.1},"StringValues":{"1":"Northern Ahurenga Plains Portal"},"DIDValues":{"1":33554867,"2":150994947,"8":100667499},"PositionValues":{"2":{"ObjCellID":331350061,"Origin":{"X":142.8,"Y":113.9,"Z":20.1},"Angles":{"W":0.9918944,"X":0.0,"Y":0.0,"Z":-0.12706466}}},"WCID":11952}