{"Label":"Northern Manumet Plains Portal","Timestamp":1496988460,"WeenieType":7,"IntValues":{"1":65536,"93":3084,"133":4,"16":32,"86":25,"111":49},"BoolValues":{"1":true,"11":false,"12":true,"13":true,"15":true},"DoubleValues":{"54":-0.1},"StringValues":{"1":"Northern Manumet Plains Portal"},"DIDValues":{"1":33555923,"2":150994947,"8":100667499},"PositionValues":{"2":{"ObjCellID":717094925,"Origin":{"X":47.7,"Y":103.3,"Z":20.0},"Angles":{"W":0.393941879,"X":0.0,"Y":0.0,"Z":-0.919135332}}},"WCID":11956}