{"Label":"Base of the Cliffs Portal","Timestamp":1496988460,"WeenieType":7,"IntValues":{"1":65536,"93":3084,"133":4,"16":32,"86":35,"111":49},"BoolValues":{"1":true,"11":false,"12":true,"13":true,"15":true},"DoubleValues":{"54":-0.1},"StringValues":{"1":"Base of the Cliffs Portal"},"DIDValues":{"1":33555926,"2":150994947,"8":100667499},"PositionValues":{"2":{"ObjCellID":515047440,"Origin":{"X":34.1,"Y":188.5,"Z":0.2},"Angles":{"W":0.114070557,"X":0.0,"Y":0.0,"Z":-0.993472636}}},"WCID":11957}