{"Label":"Base of the Timaru Plateau Portal","Timestamp":1496988460,"WeenieType":7,"IntValues":{"1":65536,"93":3084,"133":4,"16":32,"111":49},"BoolValues":{"1":true,"11":false,"12":true,"13":true,"15":true},"DoubleValues":{"54":-0.1},"StringValues":{"1":"Base of the Timaru Plateau Portal"},"DIDValues":{"1":33554867,"2":150994947,"8":100667499},"PositionValues":{"2":{"ObjCellID":515244051,"Origin":{"X":58.6,"Y":61.1,"Z":90.0},"Angles":{"W":0.450098485,"X":0.0,"Y":0.0,"Z":-0.8929789}}},"WCID":11959}