{"Label":"Blackmire Edge Cottages Portal","Timestamp":1496988460,"WeenieType":7,"IntValues":{"1":65536,"93":3084,"133":4,"16":32,"111":1},"BoolValues":{"1":true,"11":false,"12":true,"13":true,"15":true},"DoubleValues":{"54":-0.1},"StringValues":{"1":"Blackmire Edge Cottages Portal"},"DIDValues":{"1":33554867,"2":150994947,"8":100667499},"PositionValues":{"2":{"ObjCellID":3109814334,"Origin":{"X":185.652,"Y":121.417,"Z":10.534},"Angles":{"W":-0.7900801,"X":0.0,"Y":0.0,"Z":-0.6130037}}},"WCID":12477}