{"Label":"Arqasanti Portal","Timestamp":1496988460,"WeenieType":7,"IntValues":{"1":65536,"93":3084,"133":4,"16":32,"111":1},"BoolValues":{"1":true,"11":false,"12":true,"13":true,"15":true},"DoubleValues":{"54":-0.1},"StringValues":{"1":"Arqasanti Portal"},"DIDValues":{"1":33554867,"2":150994947,"8":100667499},"PositionValues":{"2":{"ObjCellID":2455765021,"Origin":{"X":93.483,"Y":114.207,"Z":13.312},"Angles":{"W":0.926512241,"X":0.0,"Y":0.0,"Z":-0.3762646}}},"WCID":12474}