{"Label":"Cragstone Farms Portal","Timestamp":1496988460,"WeenieType":7,"IntValues":{"1":65536,"93":3084,"133":4,"16":32,"111":1},"BoolValues":{"1":true,"11":false,"12":true,"13":true,"15":true},"DoubleValues":{"54":-0.1},"StringValues":{"1":"Cragstone Farms Portal"},"DIDValues":{"1":33554867,"2":150994947,"8":100667499},"PositionValues":{"2":{"ObjCellID":3046637629,"Origin":{"X":172.139,"Y":118.162,"Z":43.315},"Angles":{"W":-0.5906689,"X":0.0,"Y":0.0,"Z":-0.806914}}},"WCID":12485}