{"Label":"Cape Feirgard Cottages Portal","Timestamp":1496988460,"WeenieType":7,"IntValues":{"1":65536,"93":3084,"133":4,"16":32,"111":1},"BoolValues":{"1":true,"11":false,"12":true,"13":true,"15":true},"DoubleValues":{"54":-0.1},"StringValues":{"1":"Cape Feirgard Cottages Portal"},"DIDValues":{"1":33554867,"2":150994947,"8":100667499},"PositionValues":{"2":{"ObjCellID":3517251625,"Origin":{"X":134.538,"Y":18.162,"Z":4.609},"Angles":{"W":-0.966682851,"X":0.0,"Y":0.0,"Z":-0.255977124}}},"WCID":12482}