{"Label":"Broken Sword Bethel Settlement Portal","Timestamp":1496988460,"WeenieType":7,"IntValues":{"1":65536,"93":3084,"133":4,"16":32,"111":1},"BoolValues":{"1":true,"11":false,"12":true,"13":true,"15":true},"DoubleValues":{"54":-0.1},"StringValues":{"1":"Broken Sword Bethel Settlement Portal"},"DIDValues":{"1":33554867,"2":150994947,"8":100667499},"PositionValues":{"2":{"ObjCellID":2909405243,"Origin":{"X":186.255,"Y":69.088,"Z":27.762},"Angles":{"W":-0.7126936,"X":0.0,"Y":0.0,"Z":-0.7014755}}},"WCID":12481}