{"Label":"Chi Zou Cottages Portal","Timestamp":1496988460,"WeenieType":7,"IntValues":{"1":65536,"93":3084,"133":4,"16":32,"111":1},"BoolValues":{"1":true,"11":false,"12":true,"13":true,"15":true},"DoubleValues":{"54":-0.1},"StringValues":{"1":"Chi Zou Cottages Portal"},"DIDValues":{"1":33554867,"2":150994947,"8":100667499},"PositionValues":{"2":{"ObjCellID":3596222527,"Origin":{"X":168.899,"Y":163.348,"Z":19.93},"Angles":{"W":-0.3968276,"X":0.0,"Y":0.0,"Z":-0.9178932}}},"WCID":12484}