{"Label":"Evensong Settlement Portal","Timestamp":1496988460,"WeenieType":7,"IntValues":{"1":65536,"93":3084,"133":4,"16":32,"111":1},"BoolValues":{"1":true,"11":false,"12":true,"13":true,"15":true},"DoubleValues":{"54":-0.1},"StringValues":{"1":"Evensong Settlement Portal"},"DIDValues":{"1":33554867,"2":150994947,"8":100667499},"PositionValues":{"2":{"ObjCellID":2998075412,"Origin":{"X":69.105,"Y":91.371,"Z":116.487},"Angles":{"W":0.9698401,"X":0.0,"Y":0.0,"Z":-0.24374193}}},"WCID":12495}