{"Label":"Faranar Foothills Portal","Timestamp":1496988460,"WeenieType":7,"IntValues":{"1":65536,"93":3084,"133":4,"16":32,"111":1},"BoolValues":{"1":true,"11":false,"12":true,"13":true,"15":true},"DoubleValues":{"54":-0.1},"StringValues":{"1":"Faranar Foothills Portal"},"DIDValues":{"1":33554867,"2":150994947,"8":100667499},"PositionValues":{"2":{"ObjCellID":2993422380,"Origin":{"X":139.718,"Y":94.246,"Z":24.508},"Angles":{"W":-0.9547945,"X":0.0,"Y":0.0,"Z":-0.297266573}}},"WCID":12496}