{"Label":"Janaa Ridge Settlement Portal","Timestamp":1496988460,"WeenieType":7,"IntValues":{"1":65536,"93":3084,"133":4,"16":32,"111":1},"BoolValues":{"1":true,"11":false,"12":true,"13":true,"15":true},"DoubleValues":{"54":-0.1},"StringValues":{"1":"Janaa Ridge Settlement Portal"},"DIDValues":{"1":33554867,"2":150994947,"8":100667499},"PositionValues":{"2":{"ObjCellID":2608201750,"Origin":{"X":50.834,"Y":125.584,"Z":28.005},"Angles":{"W":0.487295747,"X":0.0,"Y":0.0,"Z":-0.873237}}},"WCID":12507}