{"Label":"Imuth Maer Cottages Portal","Timestamp":1496988460,"WeenieType":7,"IntValues":{"1":65536,"93":3084,"133":4,"16":32,"111":1},"BoolValues":{"1":true,"11":false,"12":true,"13":true,"15":true},"DoubleValues":{"54":-0.1},"StringValues":{"1":"Imuth Maer Cottages Portal"},"DIDValues":{"1":33554867,"2":150994947,"8":100667499},"PositionValues":{"2":{"ObjCellID":3412787221,"Origin":{"X":59.618,"Y":106.768,"Z":64.274},"Angles":{"W":0.9745934,"X":0.0,"Y":0.0,"Z":-0.223981485}}},"WCID":12505}