{"Label":"Holtburg Wilderness Settlement Portal","Timestamp":1496988460,"WeenieType":7,"IntValues":{"1":65536,"93":3084,"133":4,"16":32,"111":1},"BoolValues":{"1":true,"11":false,"12":true,"13":true,"15":true},"DoubleValues":{"54":-0.1},"StringValues":{"1":"Holtburg Wilderness Settlement Portal"},"DIDValues":{"1":33554867,"2":150994947,"8":100667499},"PositionValues":{"2":{"ObjCellID":3132227611,"Origin":{"X":84.766,"Y":69.389,"Z":85.787},"Angles":{"W":0.9460203,"X":0.0,"Y":0.0,"Z":-0.3241073}}},"WCID":12503}