{"Label":"Ishilai Inlet Settlement Portal","Timestamp":1496988460,"WeenieType":7,"IntValues":{"1":65536,"93":3084,"133":4,"16":32,"111":1},"BoolValues":{"1":true,"11":false,"12":true,"13":true,"15":true},"DoubleValues":{"54":-0.1},"StringValues":{"1":"Ishilai Inlet Settlement Portal"},"DIDValues":{"1":33554867,"2":150994947,"8":100667499},"PositionValues":{"2":{"ObjCellID":3206086717,"Origin":{"X":171.467,"Y":115.901,"Z":99.322},"Angles":{"W":-0.187544316,"X":0.0,"Y":0.0,"Z":-0.9822561}}},"WCID":12506}