{"Label":"Jinianshi Portal","Timestamp":1496988460,"WeenieType":7,"IntValues":{"1":65536,"93":3084,"133":4,"16":32,"111":1},"BoolValues":{"1":true,"11":false,"12":true,"13":true,"15":true},"DoubleValues":{"54":-0.1},"StringValues":{"1":"Jinianshi Portal"},"DIDValues":{"1":33554867,"2":150994947,"8":100667499},"PositionValues":{"2":{"ObjCellID":3042770982,"Origin":{"X":110.646133,"Y":0.279,"Z":21.564},"Angles":{"W":-0.318554,"X":0.0,"Y":0.0,"Z":-0.9479047}}},"WCID":12508}