{"Label":"Gaerwel Edge Settlement Portal","Timestamp":1496988460,"WeenieType":7,"IntValues":{"1":65536,"93":3084,"133":4,"16":32,"111":1},"BoolValues":{"1":true,"11":false,"12":true,"13":true,"15":true},"DoubleValues":{"54":-0.1},"StringValues":{"1":"Gaerwel Edge Settlement Portal"},"DIDValues":{"1":33554867,"2":150994947,"8":100667499},"PositionValues":{"2":{"ObjCellID":3464953859,"Origin":{"X":3.87,"Y":56.396,"Z":22.328},"Angles":{"W":0.6356674,"X":0.0,"Y":0.0,"Z":-0.77196306}}},"WCID":12500}