{"Label":"Liang Chi Settlement Portal","Timestamp":1496988460,"WeenieType":7,"IntValues":{"1":65536,"93":3084,"133":4,"16":32,"111":1},"BoolValues":{"1":true,"11":false,"12":true,"13":true,"15":true},"DoubleValues":{"54":-0.1},"StringValues":{"1":"Liang Chi Settlement Portal"},"DIDValues":{"1":33554867,"2":150994947,"8":100667499},"PositionValues":{"2":{"ObjCellID":3010723882,"Origin":{"X":127.499,"Y":30.087,"Z":25.615},"Angles":{"W":-0.9456747,"X":0.0,"Y":0.0,"Z":-0.32511428}}},"WCID":12512}