{"Label":"Neydisa Village Portal","Timestamp":1496988460,"WeenieType":7,"IntValues":{"1":65536,"93":3084,"133":4,"16":32,"111":1},"BoolValues":{"1":true,"11":false,"12":true,"13":true,"15":true},"DoubleValues":{"54":-0.1},"StringValues":{"1":"Neydisa Village Portal"},"DIDValues":{"1":33554867,"2":150994947,"8":100667499},"PositionValues":{"2":{"ObjCellID":2631401481,"Origin":{"X":25.631,"Y":5.094,"Z":71.581},"Angles":{"W":-0.8498605,"X":0.0,"Y":0.0,"Z":-0.5270077}}},"WCID":12529}