{"Label":"Meridian Cottages Portal","Timestamp":1496988460,"WeenieType":7,"IntValues":{"1":65536,"93":3084,"133":4,"16":32,"111":1},"BoolValues":{"1":true,"11":false,"12":true,"13":true,"15":true},"DoubleValues":{"54":-0.1},"StringValues":{"1":"Meridian Cottages Portal"},"DIDValues":{"1":33554867,"2":150994947,"8":100667499},"PositionValues":{"2":{"ObjCellID":3280404535,"Origin":{"X":150.228,"Y":148.095,"Z":30.865},"Angles":{"W":-0.124293908,"X":0.0,"Y":0.0,"Z":-0.992245436}}},"WCID":12520}