{"Label":"Mountain Ridge Abodes Portal","Timestamp":1496988460,"WeenieType":7,"IntValues":{"1":65536,"93":3084,"133":4,"16":32,"111":1},"BoolValues":{"1":true,"11":false,"12":true,"13":true,"15":true},"DoubleValues":{"54":-0.1},"StringValues":{"1":"Mountain Ridge Abodes Portal"},"DIDValues":{"1":33554867,"2":150994947,"8":100667499},"PositionValues":{"2":{"ObjCellID":2611609637,"Origin":{"X":108.37,"Y":112.979,"Z":122.59},"Angles":{"W":0.192145243,"X":0.0,"Y":0.0,"Z":-0.9813665}}},"WCID":12524}