{"Label":"Prosper River Headwaters Portal","Timestamp":1496988460,"WeenieType":7,"IntValues":{"1":65536,"93":3084,"133":4,"16":32,"111":1},"BoolValues":{"1":true,"11":false,"12":true,"13":true,"15":true},"DoubleValues":{"54":-0.1},"StringValues":{"1":"Prosper River Headwaters Portal"},"DIDValues":{"1":33554867,"2":150994947,"8":100667499},"PositionValues":{"2":{"ObjCellID":2563113003,"Origin":{"X":121.977,"Y":58.949,"Z":27.905},"Angles":{"W":-0.954605,"X":0.0,"Y":0.0,"Z":-0.297874779}}},"WCID":12539}