{"Label":"North Adjamaer Cottages Portal","Timestamp":1496988460,"WeenieType":7,"IntValues":{"1":65536,"93":3084,"133":4,"16":32,"111":1},"BoolValues":{"1":true,"11":false,"12":true,"13":true,"15":true},"DoubleValues":{"54":-0.1},"StringValues":{"1":"North Adjamaer Cottages Portal"},"DIDValues":{"1":33554867,"2":150994947,"8":100667499},"PositionValues":{"2":{"ObjCellID":3256877084,"Origin":{"X":78.405,"Y":88.586,"Z":44.853},"Angles":{"W":0.09344795,"X":0.0,"Y":0.0,"Z":-0.9956242}}},"WCID":12531}