{"Label":"North Baishi Cottages Portal","Timestamp":1496988460,"WeenieType":7,"IntValues":{"1":65536,"93":3084,"133":4,"16":32,"111":1},"BoolValues":{"1":true,"11":false,"12":true,"13":true,"15":true},"DoubleValues":{"54":-0.1},"StringValues":{"1":"North Baishi Cottages Portal"},"DIDValues":{"1":33554867,"2":150994947,"8":100667499},"PositionValues":{"2":{"ObjCellID":3460759586,"Origin":{"X":107.495,"Y":43.366,"Z":44.559},"Angles":{"W":0.7799118,"X":0.0,"Y":0.0,"Z":-0.6258894}}},"WCID":12532}