{"Label":"Serpent Hills Settlement Portal","Timestamp":1496988460,"WeenieType":7,"IntValues":{"1":65536,"93":3084,"133":4,"16":32,"111":1},"BoolValues":{"1":true,"11":false,"12":true,"13":true,"15":true},"DoubleValues":{"54":-0.1},"StringValues":{"1":"Serpent Hills Settlement Portal"},"DIDValues":{"1":33554867,"2":150994947,"8":100667499},"PositionValues":{"2":{"ObjCellID":2386558979,"Origin":{"X":6.994,"Y":60.866,"Z":13.516},"Angles":{"W":0.7213675,"X":0.0,"Y":0.0,"Z":-0.6925525}}},"WCID":12544}