{"Label":"South Lytelthorpe  Portal","Timestamp":1496988460,"WeenieType":7,"IntValues":{"1":65536,"93":3084,"133":4,"16":32,"111":1},"BoolValues":{"1":true,"11":false,"12":true,"13":true,"15":true},"DoubleValues":{"54":-0.1},"StringValues":{"1":"South Lytelthorpe  Portal"},"DIDValues":{"1":33554867,"2":150994947,"8":100667499},"PositionValues":{"2":{"ObjCellID":3262906421,"Origin":{"X":157.184,"Y":111.013,"Z":38.202},"Angles":{"W":-0.6137066,"X":0.0,"Y":0.0,"Z":-0.789534152}}},"WCID":12552}