{"Label":"Swamp Temple Place Portal","Timestamp":1496988460,"WeenieType":7,"IntValues":{"1":65536,"93":3084,"133":4,"16":32,"111":1},"BoolValues":{"1":true,"11":false,"12":true,"13":true,"15":true},"DoubleValues":{"54":-0.1},"StringValues":{"1":"Swamp Temple Place Portal"},"DIDValues":{"1":33554867,"2":150994947,"8":100667499},"PositionValues":{"2":{"ObjCellID":3059810365,"Origin":{"X":183.624,"Y":116.438,"Z":22.005},"Angles":{"W":-0.707587957,"X":0.0,"Y":0.0,"Z":-0.7066253}}},"WCID":12558}