{"Label":"Spire Hills Settlement Portal","Timestamp":1496988460,"WeenieType":7,"IntValues":{"1":65536,"93":3084,"133":4,"16":32,"111":1},"BoolValues":{"1":true,"11":false,"12":true,"13":true,"15":true},"DoubleValues":{"54":-0.1},"StringValues":{"1":"Spire Hills Settlement Portal"},"DIDValues":{"1":33554867,"2":150994947,"8":100667499},"PositionValues":{"2":{"ObjCellID":2973433897,"Origin":{"X":123.338,"Y":20.171,"Z":32.643},"Angles":{"W":-0.989004254,"X":0.0,"Y":0.0,"Z":-0.147887021}}},"WCID":12556}