{"Label":"Woodsbane Cottages Portal","Timestamp":1496988460,"WeenieType":7,"IntValues":{"1":65536,"93":3084,"133":4,"16":32,"111":1},"BoolValues":{"1":true,"11":false,"12":true,"13":true,"15":true},"DoubleValues":{"54":-0.1},"StringValues":{"1":"Woodsbane Cottages Portal"},"DIDValues":{"1":33554867,"2":150994947,"8":100667499},"PositionValues":{"2":{"ObjCellID":2528509979,"Origin":{"X":90.547,"Y":55.073,"Z":148.005},"Angles":{"W":-0.9208013,"X":0.0,"Y":0.0,"Z":-0.390032053}}},"WCID":12566}