{"Label":"Hollow Lair near Al-Arqas","Timestamp":1496988460,"WeenieType":7,"IntValues":{"1":65536,"93":3084,"133":4,"16":32,"111":1},"BoolValues":{"1":true,"11":false,"12":true,"13":true,"15":true},"DoubleValues":{"54":-0.1},"StringValues":{"1":"Hollow Lair near Al-Arqas"},"DIDValues":{"1":33554867,"2":150994947,"8":100667499},"PositionValues":{"2":{"ObjCellID":2780037171,"Origin":{"X":158.08,"Y":66.886,"Z":48.5},"Angles":{"W":0.863773942,"X":0.0,"Y":0.0,"Z":-0.503879547}}},"WCID":12690}