{"Label":"Outer Courtyard Portal","Timestamp":1496988460,"WeenieType":7,"IntValues":{"1":65536,"93":3084,"133":4,"16":32,"111":1},"BoolValues":{"1":true,"11":false,"12":true,"13":true,"15":true},"DoubleValues":{"54":-0.1},"StringValues":{"1":"Outer Courtyard Portal","37":"RecruitSent"},"DIDValues":{"1":33554867,"2":150994947,"8":100667499},"PositionValues":{"2":{"ObjCellID":56885999,"Origin":{"X":100.0,"Y":-190.0,"Z":0.0},"Angles":{"W":0.902585268,"X":0.0,"Y":0.0,"Z":-0.430511117}}},"WCID":12769}