{"Label":"Dires' Door Estates Portal","Timestamp":1496988460,"WeenieType":7,"IntValues":{"1":65536,"93":3084,"133":4,"16":32,"111":1},"BoolValues":{"1":true,"11":false,"12":true,"13":true,"15":true},"DoubleValues":{"54":-0.1},"StringValues":{"1":"Dires' Door Estates Portal"},"DIDValues":{"1":33554867,"2":150994947,"8":100667499},"PositionValues":{"2":{"ObjCellID":1793130513,"Origin":{"X":61.848,"Y":11.864,"Z":58.028},"Angles":{"W":0.96384,"X":0.0,"Y":0.0,"Z":-0.2664815}}},"WCID":13097}