{"Label":"Dry Bone Manors Portal","Timestamp":1496988460,"WeenieType":7,"IntValues":{"1":65536,"93":3084,"133":4,"16":32,"111":1},"BoolValues":{"1":true,"11":false,"12":true,"13":true,"15":true},"DoubleValues":{"54":-0.1},"StringValues":{"1":"Dry Bone Manors Portal"},"DIDValues":{"1":33554867,"2":150994947,"8":100667499},"PositionValues":{"2":{"ObjCellID":2522480701,"Origin":{"X":179.332,"Y":109.692,"Z":10.202},"Angles":{"W":-0.707538545,"X":0.0,"Y":0.0,"Z":-0.7066747}}},"WCID":13099}