{"Label":"Beach Pass Villas Portal","Timestamp":1496988460,"WeenieType":7,"IntValues":{"1":65536,"93":3084,"133":4,"16":32,"111":1},"BoolValues":{"1":true,"11":false,"12":true,"13":true,"15":true},"DoubleValues":{"54":-0.1},"StringValues":{"1":"Beach Pass Villas Portal"},"DIDValues":{"1":33554867,"2":150994947,"8":100667499},"PositionValues":{"2":{"ObjCellID":3602513950,"Origin":{"X":93.23,"Y":124.406,"Z":42.005},"Angles":{"W":-0.249095753,"X":0.0,"Y":0.0,"Z":-0.968478858}}},"WCID":13092}