{"Label":"Dire's Edge Portal","Timestamp":1496988460,"WeenieType":7,"IntValues":{"1":65536,"93":3084,"133":4,"16":32,"111":1},"BoolValues":{"1":true,"11":false,"12":true,"13":true,"15":true},"DoubleValues":{"54":-0.1},"StringValues":{"1":"Dire's Edge Portal"},"DIDValues":{"1":33554867,"2":150994947,"8":100667499},"PositionValues":{"2":{"ObjCellID":1000079403,"Origin":{"X":125.943,"Y":53.815,"Z":53.984},"Angles":{"W":0.0975304842,"X":0.0,"Y":0.0,"Z":-0.9952325}}},"WCID":13098}