{"Label":"South Beach Pass Villas Portal","Timestamp":1496988460,"WeenieType":7,"IntValues":{"1":65536,"93":3084,"133":4,"16":32,"111":1},"BoolValues":{"1":true,"11":false,"12":true,"13":true,"15":true},"DoubleValues":{"54":-0.1},"StringValues":{"1":"South Beach Pass Villas Portal"},"DIDValues":{"1":33554867,"2":150994947,"8":100667499},"PositionValues":{"2":{"ObjCellID":3517644824,"Origin":{"X":66.18,"Y":178.253,"Z":65.151},"Angles":{"W":0.3949523,"X":0.0,"Y":0.0,"Z":-0.9187016}}},"WCID":13090}