{"Label":"East Danby Portal","Timestamp":1496988460,"WeenieType":7,"IntValues":{"1":65536,"93":3084,"133":4,"16":32,"111":1},"BoolValues":{"1":true,"11":false,"12":true,"13":true,"15":true},"DoubleValues":{"54":-0.1},"StringValues":{"1":"East Danby Portal"},"DIDValues":{"1":33554867,"2":150994947,"8":100667499},"PositionValues":{"2":{"ObjCellID":1637744677,"Origin":{"X":98.834,"Y":99.289,"Z":9.967},"Angles":{"W":-0.57905364,"X":0.0,"Y":0.0,"Z":-0.815289438}}},"WCID":13101}