{"Label":"Frosty Dale Cottages Portal","Timestamp":1496988460,"WeenieType":7,"IntValues":{"1":65536,"93":3084,"133":4,"16":32,"111":1},"BoolValues":{"1":true,"11":false,"12":true,"13":true,"15":true},"DoubleValues":{"54":-0.1},"StringValues":{"1":"Frosty Dale Cottages Portal"},"DIDValues":{"1":33554867,"2":150994947,"8":100667499},"PositionValues":{"2":{"ObjCellID":2279604252,"Origin":{"X":94.219,"Y":81.4,"Z":92.153},"Angles":{"W":-0.577985644,"X":0.0,"Y":0.0,"Z":-0.816046953}}},"WCID":13106}