{"Label":"Font Alpa Portal","Timestamp":1496988460,"WeenieType":7,"IntValues":{"1":65536,"93":3084,"133":4,"16":32,"111":1},"BoolValues":{"1":true,"11":false,"12":true,"13":true,"15":true},"DoubleValues":{"54":-0.1},"StringValues":{"1":"Font Alpa Portal"},"DIDValues":{"1":33554867,"2":150994947,"8":100667499},"PositionValues":{"2":{"ObjCellID":3576758309,"Origin":{"X":116.295,"Y":104.345,"Z":90.005},"Angles":{"W":-0.883545041,"X":0.0,"Y":0.0,"Z":-0.4683462}}},"WCID":13105}