{"Label":"Far Claw Villas Portal","Timestamp":1496988460,"WeenieType":7,"IntValues":{"1":65536,"93":3084,"133":4,"16":32,"111":1},"BoolValues":{"1":true,"11":false,"12":true,"13":true,"15":true},"DoubleValues":{"54":-0.1},"StringValues":{"1":"Far Claw Villas Portal"},"DIDValues":{"1":33554867,"2":150994947,"8":100667499},"PositionValues":{"2":{"ObjCellID":3384999988,"Origin":{"X":160.754,"Y":88.934,"Z":22.005},"Angles":{"W":-0.957882643,"X":0.0,"Y":0.0,"Z":-0.287159979}}},"WCID":13104}