{"Label":"Naqut Dreams Villas Portal","Timestamp":1496988460,"WeenieType":7,"IntValues":{"1":65536,"93":3084,"133":4,"16":32,"111":1},"BoolValues":{"1":true,"11":false,"12":true,"13":true,"15":true},"DoubleValues":{"54":-0.1},"StringValues":{"1":"Naqut Dreams Villas Portal"},"DIDValues":{"1":33554867,"2":150994947,"8":100667499},"PositionValues":{"2":{"ObjCellID":2373124142,"Origin":{"X":127.194,"Y":136.279,"Z":11.204},"Angles":{"W":-0.348964781,"X":0.0,"Y":0.0,"Z":-0.9371358}}},"WCID":13113}