{"Label":"North Yaraq Villas Portal","Timestamp":1496988460,"WeenieType":7,"IntValues":{"1":65536,"93":3084,"133":4,"16":32,"111":1},"BoolValues":{"1":true,"11":false,"12":true,"13":true,"15":true},"DoubleValues":{"54":-0.1},"StringValues":{"1":"North Yaraq Villas Portal"},"DIDValues":{"1":33554867,"2":150994947,"8":100667499},"PositionValues":{"2":{"ObjCellID":2087452678,"Origin":{"X":4.23,"Y":123.22,"Z":11.737},"Angles":{"W":-0.6548594,"X":0.0,"Y":0.0,"Z":-0.7557507}}},"WCID":13118}