{"Label":"North Lytelthorpe Villas Portal","Timestamp":1496988460,"WeenieType":7,"IntValues":{"1":65536,"93":3084,"133":4,"16":32,"111":1},"BoolValues":{"1":true,"11":false,"12":true,"13":true,"15":true},"DoubleValues":{"54":-0.1},"StringValues":{"1":"North Lytelthorpe Villas Portal"},"DIDValues":{"1":33554867,"2":150994947,"8":100667499},"PositionValues":{"2":{"ObjCellID":3162964012,"Origin":{"X":127.261,"Y":80.222,"Z":24.005},"Angles":{"W":-0.802812338,"X":0.0,"Y":0.0,"Z":-0.596231759}}},"WCID":13115}