{"Label":"Ring of Crystals Estates Portal","Timestamp":1496988461,"WeenieType":7,"IntValues":{"1":65536,"93":3084,"133":4,"16":32,"111":1},"BoolValues":{"1":true,"11":false,"12":true,"13":true,"15":true},"DoubleValues":{"54":-0.1},"StringValues":{"1":"Ring of Crystals Estates Portal"},"DIDValues":{"1":33554867,"2":150994947,"8":100667499},"PositionValues":{"2":{"ObjCellID":3208839189,"Origin":{"X":67.628,"Y":98.648,"Z":42.005},"Angles":{"W":-0.0108558629,"X":0.0,"Y":0.0,"Z":-0.999941051}}},"WCID":13121}