{"Label":"Simda'r Villas Portal","Timestamp":1496988461,"WeenieType":7,"IntValues":{"1":65536,"93":3084,"133":4,"16":32,"111":1},"BoolValues":{"1":true,"11":false,"12":true,"13":true,"15":true},"DoubleValues":{"54":-0.1},"StringValues":{"1":"Simda'r Villas Portal"},"DIDValues":{"1":33554867,"2":150994947,"8":100667499},"PositionValues":{"2":{"ObjCellID":2484666417,"Origin":{"X":161.156,"Y":17.647,"Z":340.005},"Angles":{"W":0.903338969,"X":0.0,"Y":0.0,"Z":-0.428927362}}},"WCID":13128}