{"Label":"Shou-Zin Portal","Timestamp":1496988461,"WeenieType":7,"IntValues":{"1":65536,"93":3084,"133":4,"16":32,"111":1},"BoolValues":{"1":true,"11":false,"12":true,"13":true,"15":true},"DoubleValues":{"54":-0.1},"StringValues":{"1":"Shou-Zin Portal"},"DIDValues":{"1":33554867,"2":150994947,"8":100667499},"PositionValues":{"2":{"ObjCellID":3578855429,"Origin":{"X":21.679,"Y":117.313,"Z":46.453},"Angles":{"W":-0.07878931,"X":0.0,"Y":0.0,"Z":-0.9968913}}},"WCID":13127}