{"Label":"West Holtburg Villas Portal","Timestamp":1496988461,"WeenieType":7,"IntValues":{"1":65536,"93":3084,"133":4,"16":32,"111":1},"BoolValues":{"1":true,"11":false,"12":true,"13":true,"15":true},"DoubleValues":{"54":-0.1},"StringValues":{"1":"West Holtburg Villas Portal"},"DIDValues":{"1":33554867,"2":150994947,"8":100667499},"PositionValues":{"2":{"ObjCellID":2998468613,"Origin":{"X":15.786,"Y":114.29,"Z":118.845},"Angles":{"W":0.9329787,"X":0.0,"Y":0.0,"Z":-0.3599316}}},"WCID":13138}