{"Label":"South Hebian-To Estates Portal","Timestamp":1496988461,"WeenieType":7,"IntValues":{"1":65536,"93":3084,"133":4,"16":32,"111":1},"BoolValues":{"1":true,"11":false,"12":true,"13":true,"15":true},"DoubleValues":{"54":-0.1},"StringValues":{"1":"South Hebian-To Estates Portal"},"DIDValues":{"1":33554867,"2":150994947,"8":100667499},"PositionValues":{"2":{"ObjCellID":3880124438,"Origin":{"X":53.407,"Y":132.212,"Z":42.942},"Angles":{"W":0.3807073,"X":0.0,"Y":0.0,"Z":-0.9246956}}},"WCID":13132}