{"Label":"Snowy Valley Portal","Timestamp":1496988461,"WeenieType":7,"IntValues":{"1":65536,"93":3084,"133":4,"16":32,"111":1},"BoolValues":{"1":true,"11":false,"12":true,"13":true,"15":true},"DoubleValues":{"54":-0.1},"StringValues":{"1":"Snowy Valley Portal"},"DIDValues":{"1":33554867,"2":150994947,"8":100667499},"PositionValues":{"2":{"ObjCellID":1961492505,"Origin":{"X":76.575,"Y":20.397,"Z":109.287},"Angles":{"W":-0.9920226,"X":0.0,"Y":0.0,"Z":-0.126060516}}},"WCID":13130}