{"Label":"Wisp Lake Cottages Portal","Timestamp":1496988461,"WeenieType":7,"IntValues":{"1":65536,"93":3084,"133":4,"16":32,"111":1},"BoolValues":{"1":true,"11":false,"12":true,"13":true,"15":true},"DoubleValues":{"54":-0.1},"StringValues":{"1":"Wisp Lake Cottages Portal"},"DIDValues":{"1":33554867,"2":150994947,"8":100667499},"PositionValues":{"2":{"ObjCellID":2112356380,"Origin":{"X":87.729,"Y":87.294,"Z":34.073},"Angles":{"W":0.80620724,"X":0.0,"Y":0.0,"Z":-0.59163326}}},"WCID":13141}