{"Label":"Cactus Acres Portal","Timestamp":1496988461,"WeenieType":7,"IntValues":{"1":65536,"93":3084,"133":4,"16":32,"111":1},"BoolValues":{"1":true,"11":false,"12":true,"13":true,"15":true},"DoubleValues":{"54":-0.1},"StringValues":{"1":"Cactus Acres Portal"},"DIDValues":{"1":33554867,"2":150994947,"8":100667499},"PositionValues":{"2":{"ObjCellID":2658402330,"Origin":{"X":76.837,"Y":37.509,"Z":26.476},"Angles":{"W":0.9965118,"X":0.0,"Y":0.0,"Z":-0.0834517851}}},"WCID":14255}