{"Label":"Haliana Portal","Timestamp":1496988461,"WeenieType":7,"IntValues":{"1":65536,"93":3084,"133":4,"16":32,"111":1},"BoolValues":{"1":true,"11":false,"12":true,"13":true,"15":true},"DoubleValues":{"54":-0.1},"StringValues":{"1":"Haliana Portal"},"DIDValues":{"1":33554867,"2":150994947,"8":100667499},"PositionValues":{"2":{"ObjCellID":3420061743,"Origin":{"X":128.48,"Y":154.773,"Z":4.712},"Angles":{"W":0.9913226,"X":0.0,"Y":0.0,"Z":-0.13145186}}},"WCID":14263}