{"Label":"Midsong Cottages Portal","Timestamp":1496988461,"WeenieType":7,"IntValues":{"1":65536,"93":3084,"133":4,"16":32,"111":1},"BoolValues":{"1":true,"11":false,"12":true,"13":true,"15":true},"DoubleValues":{"54":-0.1},"StringValues":{"1":"Midsong Cottages Portal"},"DIDValues":{"1":33554867,"2":150994947,"8":100667499},"PositionValues":{"2":{"ObjCellID":2105409598,"Origin":{"X":175.322,"Y":135.799,"Z":32.858},"Angles":{"W":-0.5771522,"X":0.0,"Y":0.0,"Z":-0.816636562}}},"WCID":14272}