{"Label":"Mire Hill Portal","Timestamp":1496988461,"WeenieType":7,"IntValues":{"1":65536,"93":3084,"133":4,"16":32,"111":1},"BoolValues":{"1":true,"11":false,"12":true,"13":true,"15":true},"DoubleValues":{"54":-0.1},"StringValues":{"1":"Mire Hill Portal"},"DIDValues":{"1":33554867,"2":150994947,"8":100667499},"PositionValues":{"2":{"ObjCellID":3412328484,"Origin":{"X":99.768,"Y":77.145,"Z":14.434},"Angles":{"W":0.999975,"X":0.0,"Y":0.0,"Z":-0.00706850365}}},"WCID":14273}