{"Label":"Narsys Portal","Timestamp":1496988461,"WeenieType":7,"IntValues":{"1":65536,"93":3084,"133":4,"16":32,"111":1},"BoolValues":{"1":true,"11":false,"12":true,"13":true,"15":true},"DoubleValues":{"54":-0.1},"StringValues":{"1":"Narsys Portal"},"DIDValues":{"1":33554867,"2":150994947,"8":100667499},"PositionValues":{"2":{"ObjCellID":3664445478,"Origin":{"X":112.497,"Y":135.582,"Z":26.63},"Angles":{"W":-0.434240818,"X":0.0,"Y":0.0,"Z":-0.900796831}}},"WCID":14276}