{"Label":"Plainsview Cottages Portal","Timestamp":1496988461,"WeenieType":7,"IntValues":{"1":65536,"93":3084,"133":4,"16":32,"111":1},"BoolValues":{"1":true,"11":false,"12":true,"13":true,"15":true},"DoubleValues":{"54":-0.1},"StringValues":{"1":"Plainsview Cottages Portal"},"DIDValues":{"1":33554867,"2":150994947,"8":100667499},"PositionValues":{"2":{"ObjCellID":2805465131,"Origin":{"X":133.215,"Y":65.226,"Z":45.106},"Angles":{"W":-0.9388031,"X":0.0,"Y":0.0,"Z":-0.344454378}}},"WCID":14278}