{"Label":"Siege Road Villas Portal","Timestamp":1496988461,"WeenieType":7,"IntValues":{"1":65536,"93":3084,"133":4,"16":32,"111":1},"BoolValues":{"1":true,"11":false,"12":true,"13":true,"15":true},"DoubleValues":{"54":-0.1},"StringValues":{"1":"Siege Road Villas Portal"},"DIDValues":{"1":33554867,"2":150994947,"8":100667499},"PositionValues":{"2":{"ObjCellID":3515023394,"Origin":{"X":100.52,"Y":40.533,"Z":24.627},"Angles":{"W":-0.9428714,"X":0.0,"Y":0.0,"Z":-0.333156943}}},"WCID":14282}