{"Label":"Stone Scar Settlement Portal","Timestamp":1496988461,"WeenieType":7,"IntValues":{"1":65536,"93":3084,"133":4,"16":32,"111":1},"BoolValues":{"1":true,"11":false,"12":true,"13":true,"15":true},"DoubleValues":{"54":-0.1},"StringValues":{"1":"Stone Scar Settlement Portal"},"DIDValues":{"1":33554867,"2":150994947,"8":100667499},"PositionValues":{"2":{"ObjCellID":2474967086,"Origin":{"X":138.604,"Y":128.251,"Z":33.317},"Angles":{"W":-0.556237459,"X":0.0,"Y":0.0,"Z":-0.8310234}}},"WCID":14285}