{"Label":"Tattered Ridge Portal","Timestamp":1496988461,"WeenieType":7,"IntValues":{"1":65536,"93":3084,"133":4,"16":32,"111":1},"BoolValues":{"1":true,"11":false,"12":true,"13":true,"15":true},"DoubleValues":{"54":-0.1},"StringValues":{"1":"Tattered Ridge Portal"},"DIDValues":{"1":33554867,"2":150994947,"8":100667499},"PositionValues":{"2":{"ObjCellID":3056861244,"Origin":{"X":179.744,"Y":81.92,"Z":176.941},"Angles":{"W":-0.6557426,"X":0.0,"Y":0.0,"Z":-0.754984558}}},"WCID":14287}