{"Label":"Yinar Portal","Timestamp":1496988461,"WeenieType":7,"IntValues":{"1":65536,"93":3084,"133":4,"16":32,"111":1},"BoolValues":{"1":true,"11":false,"12":true,"13":true,"15":true},"DoubleValues":{"54":-0.1},"StringValues":{"1":"Yinar Portal"},"DIDValues":{"1":33554867,"2":150994947,"8":100667499},"PositionValues":{"2":{"ObjCellID":2842886149,"Origin":{"X":16.262,"Y":113.936,"Z":30.65},"Angles":{"W":0.6437431,"X":0.0,"Y":0.0,"Z":-0.7652417}}},"WCID":14293}