{"Label":"Surface Portal","Timestamp":1496988461,"WeenieType":7,"IntValues":{"1":65536,"93":3084,"133":4,"16":32,"111":49},"BoolValues":{"1":true,"11":false,"12":true,"13":true,"15":true},"DoubleValues":{"54":-0.1},"StringValues":{"1":"Surface Portal"},"DIDValues":{"1":33554867,"2":150994947,"8":100667499},"PositionValues":{"2":{"ObjCellID":2929590309,"Origin":{"X":115.8,"Y":118.7,"Z":90.0},"Angles":{"W":0.8290376,"X":0.0,"Y":0.0,"Z":-0.5591929}}},"WCID":14448}