{"Label":"Surface","Timestamp":1496988461,"WeenieType":7,"IntValues":{"1":65536,"93":3084,"133":4,"16":32,"111":49},"BoolValues":{"1":true,"11":false,"12":true,"13":true,"15":true},"DoubleValues":{"54":-0.1},"StringValues":{"1":"Surface"},"DIDValues":{"1":33554867,"2":150994947,"8":100667499},"PositionValues":{"2":{"ObjCellID":2077949979,"Origin":{"X":85.427,"Y":70.229,"Z":432.005},"Angles":{"W":-0.1736482,"X":0.0,"Y":0.0,"Z":-0.9848077}}},"WCID":14489}