{"Label":"Lower Empyrean Fire Cistern","Timestamp":1496988461,"WeenieType":7,"IntValues":{"1":65536,"93":3084,"133":4,"16":32,"86":25,"111":49},"BoolValues":{"1":true,"11":false,"12":true,"13":true,"15":true},"DoubleValues":{"54":-0.1},"StringValues":{"1":"Lower Empyrean Fire Cistern"},"DIDValues":{"1":33555926,"2":150994947,"8":100667499},"PositionValues":{"2":{"ObjCellID":1383006717,"Origin":{"X":60.0,"Y":-126.0,"Z":0.0},"Angles":{"W":0.707106769,"X":0.0,"Y":0.0,"Z":-0.707106769}}},"WCID":14493}