{"Label":"Return to Dereth","Timestamp":1496988461,"WeenieType":7,"IntValues":{"1":65536,"93":2060,"133":4,"16":32,"111":49},"BoolValues":{"1":true,"11":false,"12":true,"13":true,"14":false,"15":true},"DoubleValues":{"54":-0.1},"StringValues":{"1":"Return to Dereth"},"DIDValues":{"1":33557577,"2":150994947,"8":100667499},"PositionValues":{"2":{"ObjCellID":2582052922,"Origin":{"X":178.9,"Y":47.7,"Z":85.7},"Angles":{"W":-0.152985677,"X":0.0,"Y":0.0,"Z":-0.9882284}}},"WCID":14584}