{"Label":"Portal Space","Timestamp":1496988461,"WeenieType":7,"IntValues":{"1":65536,"93":2060,"133":4,"16":32,"111":49},"BoolValues":{"1":true,"11":false,"12":true,"13":true,"14":false,"15":true},"DoubleValues":{"54":-0.1},"StringValues":{"1":"Portal Space"},"DIDValues":{"1":33556677,"2":150994947,"8":100667499},"PositionValues":{"2":{"ObjCellID":1382810630,"Origin":{"X":100.0,"Y":-100.0,"Z":0.0},"Angles":{"W":0.342020154,"X":0.0,"Y":0.0,"Z":-0.9396926}}},"WCID":14580}