{"Label":"Al-Nosaj Portal","Timestamp":1496988461,"WeenieType":7,"IntValues":{"1":65536,"93":3084,"133":4,"16":32,"111":1},"BoolValues":{"1":true,"11":false,"12":true,"13":true,"15":true},"DoubleValues":{"54":-0.1},"StringValues":{"1":"Al-Nosaj Portal"},"DIDValues":{"1":33554867,"2":150994947,"8":100667499},"PositionValues":{"2":{"ObjCellID":2440036379,"Origin":{"X":76.407,"Y":55.658,"Z":13.367},"Angles":{"W":0.9938252,"X":0.0,"Y":0.0,"Z":-0.110957228}}},"WCID":14611}