{"Label":"Erevana Villas Portal","Timestamp":1496988461,"WeenieType":7,"IntValues":{"1":65536,"93":3084,"133":4,"16":32,"111":1},"BoolValues":{"1":true,"11":false,"12":true,"13":true,"15":true},"DoubleValues":{"54":-0.1},"StringValues":{"1":"Erevana Villas Portal"},"DIDValues":{"1":33554867,"2":150994947,"8":100667499},"PositionValues":{"2":{"ObjCellID":2872573987,"Origin":{"X":111.889,"Y":71.916,"Z":58.653},"Angles":{"W":-0.821288645,"X":0.0,"Y":0.0,"Z":-0.5705129}}},"WCID":14629}