{"Label":"Hidden Valley Portal","Timestamp":1496988461,"WeenieType":7,"IntValues":{"1":65536,"93":3084,"133":4,"16":32,"111":1},"BoolValues":{"1":true,"11":false,"12":true,"13":true,"15":true},"DoubleValues":{"54":-0.1},"StringValues":{"1":"Hidden Valley Portal"},"DIDValues":{"1":33554867,"2":150994947,"8":100667499},"PositionValues":{"2":{"ObjCellID":1741226021,"Origin":{"X":115.355,"Y":104.708,"Z":71.279},"Angles":{"W":0.946876764,"X":0.0,"Y":0.0,"Z":-0.321596563}}},"WCID":14635}