{"Label":"Jasmine Meadow Portal","Timestamp":1496988461,"WeenieType":7,"IntValues":{"1":65536,"93":3084,"133":4,"16":32,"111":1},"BoolValues":{"1":true,"11":false,"12":true,"13":true,"15":true},"DoubleValues":{"54":-0.1},"StringValues":{"1":"Jasmine Meadow Portal"},"DIDValues":{"1":33554867,"2":150994947,"8":100667499},"PositionValues":{"2":{"ObjCellID":3175546909,"Origin":{"X":80.866,"Y":102.108,"Z":37.496},"Angles":{"W":0.5809089,"X":0.0,"Y":0.0,"Z":-0.8139686}}},"WCID":14638}