{"Label":"Hamud Cottages Portal","Timestamp":1496988461,"WeenieType":7,"IntValues":{"1":65536,"93":3084,"133":4,"16":32,"111":1},"BoolValues":{"1":true,"11":false,"12":true,"13":true,"15":true},"DoubleValues":{"54":-0.1},"StringValues":{"1":"Hamud Cottages Portal"},"DIDValues":{"1":33554867,"2":150994947,"8":100667499},"PositionValues":{"2":{"ObjCellID":2456027164,"Origin":{"X":83.425,"Y":88.856,"Z":13.41},"Angles":{"W":0.8882287,"X":0.0,"Y":0.0,"Z":-0.459401518}}},"WCID":14633}