{"Label":"Fearnot Valley Cottages Portal","Timestamp":1496988461,"WeenieType":7,"IntValues":{"1":65536,"93":3084,"133":4,"16":32,"111":1},"BoolValues":{"1":true,"11":false,"12":true,"13":true,"15":true},"DoubleValues":{"54":-0.1},"StringValues":{"1":"Fearnot Valley Cottages Portal"},"DIDValues":{"1":33554867,"2":150994947,"8":100667499},"PositionValues":{"2":{"ObjCellID":1738342437,"Origin":{"X":102.428,"Y":99.669,"Z":28.934},"Angles":{"W":0.589541733,"X":0.0,"Y":0.0,"Z":-0.8077379}}},"WCID":14631}