{"Label":"Lightbringer Dale Cottages Portal","Timestamp":1496988461,"WeenieType":7,"IntValues":{"1":65536,"93":3084,"133":4,"16":32,"111":1},"BoolValues":{"1":true,"11":false,"12":true,"13":true,"15":true},"DoubleValues":{"54":-0.1},"StringValues":{"1":"Lightbringer Dale Cottages Portal"},"DIDValues":{"1":33554867,"2":150994947,"8":100667499},"PositionValues":{"2":{"ObjCellID":1776615446,"Origin":{"X":68.564,"Y":141.104,"Z":25.809},"Angles":{"W":0.349594355,"X":0.0,"Y":0.0,"Z":-0.936901152}}},"WCID":14643}