{"Label":"Linvak Tukal Foothills Settlement Portal","Timestamp":1496988461,"WeenieType":7,"IntValues":{"1":65536,"93":3084,"133":4,"16":32,"111":1},"BoolValues":{"1":true,"11":false,"12":true,"13":true,"15":true},"DoubleValues":{"54":-0.1},"StringValues":{"1":"Linvak Tukal Foothills Settlement Portal"},"DIDValues":{"1":33554867,"2":150994947,"8":100667499},"PositionValues":{"2":{"ObjCellID":2786590764,"Origin":{"X":132.98,"Y":77.426,"Z":150.621},"Angles":{"W":-0.9440775,"X":0.0,"Y":0.0,"Z":-0.329723656}}},"WCID":14644}