{"Label":"Land Bridge Villas Portal","Timestamp":1496988461,"WeenieType":7,"IntValues":{"1":65536,"93":3084,"133":4,"16":32,"111":1},"BoolValues":{"1":true,"11":false,"12":true,"13":true,"15":true},"DoubleValues":{"54":-0.1},"StringValues":{"1":"Land Bridge Villas Portal"},"DIDValues":{"1":33554867,"2":150994947,"8":100667499},"PositionValues":{"2":{"ObjCellID":2198994996,"Origin":{"X":165.344,"Y":91.27,"Z":350.005},"Angles":{"W":-0.803212762,"X":0.0,"Y":0.0,"Z":-0.5956923}}},"WCID":14642}