{"Label":"Lo-Han Portal","Timestamp":1496988461,"WeenieType":7,"IntValues":{"1":65536,"93":3084,"133":4,"16":32,"111":1},"BoolValues":{"1":true,"11":false,"12":true,"13":true,"15":true},"DoubleValues":{"54":-0.1},"StringValues":{"1":"Lo-Han Portal"},"DIDValues":{"1":33554867,"2":150994947,"8":100667499},"PositionValues":{"2":{"ObjCellID":3243507733,"Origin":{"X":65.77,"Y":101.383,"Z":26.973},"Angles":{"W":0.713929,"X":0.0,"Y":0.0,"Z":-0.7002181}}},"WCID":14646}