{"Label":"Point Tremblant Portal","Timestamp":1496988461,"WeenieType":7,"IntValues":{"1":65536,"93":3084,"133":4,"16":32,"111":1},"BoolValues":{"1":true,"11":false,"12":true,"13":true,"15":true},"DoubleValues":{"54":-0.1},"StringValues":{"1":"Point Tremblant Portal"},"DIDValues":{"1":33554867,"2":150994947,"8":100667499},"PositionValues":{"2":{"ObjCellID":2297888791,"Origin":{"X":58.727,"Y":158.703,"Z":0.005},"Angles":{"W":-0.9841322,"X":0.0,"Y":0.0,"Z":-0.177436844}}},"WCID":14658}