{"Label":"Lost Wish Cottages Portal","Timestamp":1496988461,"WeenieType":7,"IntValues":{"1":65536,"93":3084,"133":4,"16":32,"111":1},"BoolValues":{"1":true,"11":false,"12":true,"13":true,"15":true},"DoubleValues":{"54":-0.1},"StringValues":{"1":"Lost Wish Cottages Portal"},"DIDValues":{"1":33554867,"2":150994947,"8":100667499},"PositionValues":{"2":{"ObjCellID":3467706396,"Origin":{"X":81.384,"Y":78.852,"Z":91.569},"Angles":{"W":0.7914689,"X":0.0,"Y":0.0,"Z":-0.611209333}}},"WCID":14650}