{"Label":"Meerthus Square Portal","Timestamp":1496988461,"WeenieType":7,"IntValues":{"1":65536,"93":3084,"133":4,"16":32,"111":1},"BoolValues":{"1":true,"11":false,"12":true,"13":true,"15":true},"DoubleValues":{"54":-0.1},"StringValues":{"1":"Meerthus Square Portal"},"DIDValues":{"1":33554867,"2":150994947,"8":100667499},"PositionValues":{"2":{"ObjCellID":2962751506,"Origin":{"X":69.278,"Y":34.768,"Z":60.005},"Angles":{"W":0.999914348,"X":0.0,"Y":0.0,"Z":-0.0130895963}}},"WCID":14651}