{"Label":"Southern Park Portal","Timestamp":1496988461,"WeenieType":7,"IntValues":{"1":65536,"93":3084,"133":4,"16":32,"111":1},"BoolValues":{"1":true,"11":false,"12":true,"13":true,"15":true},"DoubleValues":{"54":-0.1},"StringValues":{"1":"Southern Park Portal"},"DIDValues":{"1":33554867,"2":150994947,"8":100667499},"PositionValues":{"2":{"ObjCellID":2904555566,"Origin":{"X":126.064,"Y":138.881,"Z":159.769},"Angles":{"W":-0.2640835,"X":0.0,"Y":0.0,"Z":-0.964499831}}},"WCID":14667}