{"Label":"San-Chin Portal","Timestamp":1496988461,"WeenieType":7,"IntValues":{"1":65536,"93":3084,"133":4,"16":32,"111":1},"BoolValues":{"1":true,"11":false,"12":true,"13":true,"15":true},"DoubleValues":{"54":-0.1},"StringValues":{"1":"San-Chin Portal"},"DIDValues":{"1":33554867,"2":150994947,"8":100667499},"PositionValues":{"2":{"ObjCellID":3580035092,"Origin":{"X":69.094,"Y":90.929,"Z":33.763},"Angles":{"W":0.7824289,"X":0.0,"Y":0.0,"Z":-0.6227399}}},"WCID":14662}