{"Label":"Vulture's Eye Villas Portal","Timestamp":1496988461,"WeenieType":7,"IntValues":{"1":65536,"93":3084,"133":4,"16":32,"111":1},"BoolValues":{"1":true,"11":false,"12":true,"13":true,"15":true},"DoubleValues":{"54":-0.1},"StringValues":{"1":"Vulture's Eye Villas Portal"},"DIDValues":{"1":33554867,"2":150994947,"8":100667499},"PositionValues":{"2":{"ObjCellID":2691563554,"Origin":{"X":114.578,"Y":27.556,"Z":26.005},"Angles":{"W":-0.997862935,"X":0.0,"Y":0.0,"Z":-0.06534224}}},"WCID":14675}