{"Label":"Zin-Dai Portal","Timestamp":1496988461,"WeenieType":7,"IntValues":{"1":65536,"93":3084,"133":4,"16":32,"111":1},"BoolValues":{"1":true,"11":false,"12":true,"13":true,"15":true},"DoubleValues":{"54":-0.1},"StringValues":{"1":"Zin-Dai Portal"},"DIDValues":{"1":33554867,"2":150994947,"8":100667499},"PositionValues":{"2":{"ObjCellID":3109224492,"Origin":{"X":126.151,"Y":81.936,"Z":18.349},"Angles":{"W":-0.9369469,"X":0.0,"Y":0.0,"Z":-0.3494717}}},"WCID":14679}