{"Label":"Westshore Cottages Portal","Timestamp":1496988461,"WeenieType":7,"IntValues":{"1":65536,"93":3084,"133":4,"16":32,"111":1},"BoolValues":{"1":true,"11":false,"12":true,"13":true,"15":true},"DoubleValues":{"54":-0.1},"StringValues":{"1":"Westshore Cottages Portal"},"DIDValues":{"1":33554867,"2":150994947,"8":100667499},"PositionValues":{"2":{"ObjCellID":1053556739,"Origin":{"X":22.173,"Y":62.955,"Z":0.005},"Angles":{"W":-0.695799947,"X":0.0,"Y":0.0,"Z":-0.7182356}}},"WCID":14676}