{"Label":"Cold Feet Portal","Timestamp":1496988461,"WeenieType":7,"IntValues":{"1":65536,"93":3084,"133":4,"16":32,"111":1},"BoolValues":{"1":true,"11":false,"12":true,"13":true,"15":true},"DoubleValues":{"54":-0.1},"StringValues":{"1":"Cold Feet Portal"},"DIDValues":{"1":33554867,"2":150994947,"8":100667499},"PositionValues":{"2":{"ObjCellID":3299344420,"Origin":{"X":96.2,"Y":75.7,"Z":60.0},"Angles":{"W":-0.286524475,"X":0.0,"Y":0.0,"Z":-0.9580729}}},"WCID":14927}