{"Label":"Plateau Wedding Portal","Timestamp":1496988461,"WeenieType":7,"IntValues":{"1":65536,"93":3084,"133":4,"16":32,"111":49},"BoolValues":{"1":true,"11":false,"12":true,"13":true,"15":true},"DoubleValues":{"54":-0.1},"StringValues":{"1":"Plateau Wedding Portal"},"DIDValues":{"1":33554867,"2":150994947,"8":100667499},"PositionValues":{"2":{"ObjCellID":1236795428,"Origin":{"X":104.3,"Y":86.2,"Z":0.24},"Angles":{"W":0.999999642,"X":0.0,"Y":0.0,"Z":-0.000872717763}}},"WCID":14925}