{"Label":"Azaroth Cottages Portal","Timestamp":1496988461,"WeenieType":7,"IntValues":{"1":65536,"93":3084,"133":4,"16":32,"111":1},"BoolValues":{"1":true,"11":false,"12":true,"13":true,"15":true},"DoubleValues":{"54":-0.1},"StringValues":{"1":"Azaroth Cottages Portal"},"DIDValues":{"1":33554867,"2":150994947,"8":100667499},"PositionValues":{"2":{"ObjCellID":1491599397,"Origin":{"X":98.953,"Y":104.768,"Z":6.544},"Angles":{"W":0.2506672,"X":0.0,"Y":0.0,"Z":-0.9680733}}},"WCID":15145}