{"Label":"Brazenn Domain Portal","Timestamp":1496988461,"WeenieType":7,"IntValues":{"1":65536,"93":3084,"133":4,"16":32,"111":1},"BoolValues":{"1":true,"11":false,"12":true,"13":true,"15":true},"DoubleValues":{"54":-0.1},"StringValues":{"1":"Brazenn Domain Portal"},"DIDValues":{"1":33554867,"2":150994947,"8":100667499},"PositionValues":{"2":{"ObjCellID":1255866404,"Origin":{"X":107.254,"Y":91.559,"Z":76.375},"Angles":{"W":-0.999950945,"X":0.0,"Y":0.0,"Z":-0.009904612}}},"WCID":15146}