{"Label":"Asbel Domain Portal","Timestamp":1496988461,"WeenieType":7,"IntValues":{"1":65536,"93":3084,"133":4,"16":32,"111":1},"BoolValues":{"1":true,"11":false,"12":true,"13":true,"15":true},"DoubleValues":{"54":-0.1},"StringValues":{"1":"Asbel Domain Portal"},"DIDValues":{"1":33554867,"2":150994947,"8":100667499},"PositionValues":{"2":{"ObjCellID":2977824787,"Origin":{"X":56.062,"Y":56.644,"Z":25.285},"Angles":{"W":0.922971964,"X":0.0,"Y":0.0,"Z":-0.384867221}}},"WCID":15143}