{"Label":"Darawyll Village Portal","Timestamp":1496988461,"WeenieType":7,"IntValues":{"1":65536,"93":3084,"133":4,"16":32,"111":1},"BoolValues":{"1":true,"11":false,"12":true,"13":true,"15":true},"DoubleValues":{"54":-0.1},"StringValues":{"1":"Darawyll Village Portal"},"DIDValues":{"1":33554867,"2":150994947,"8":100667499},"PositionValues":{"2":{"ObjCellID":2995453971,"Origin":{"X":60.09,"Y":61.243,"Z":21.109},"Angles":{"W":0.917178333,"X":0.0,"Y":0.0,"Z":-0.398477}}},"WCID":15150}