{"Label":"Last-Stop-Before-Dires Villas Portal","Timestamp":1496988461,"WeenieType":7,"IntValues":{"1":65536,"93":3084,"133":4,"16":32,"111":1},"BoolValues":{"1":true,"11":false,"12":true,"13":true,"15":true},"DoubleValues":{"54":-0.1},"StringValues":{"1":"Last-Stop-Before-Dires Villas Portal"},"DIDValues":{"1":33554867,"2":150994947,"8":100667499},"PositionValues":{"2":{"ObjCellID":1167851556,"Origin":{"X":119.0,"Y":77.307,"Z":29.926},"Angles":{"W":0.979652345,"X":0.0,"Y":0.0,"Z":-0.200701818}}},"WCID":15169}