{"Label":"Lin Kiln Park Portal","Timestamp":1496988461,"WeenieType":7,"IntValues":{"1":65536,"93":3084,"133":4,"16":32,"111":1},"BoolValues":{"1":true,"11":false,"12":true,"13":true,"15":true},"DoubleValues":{"54":-0.1},"StringValues":{"1":"Lin Kiln Park Portal"},"DIDValues":{"1":33554867,"2":150994947,"8":100667499},"PositionValues":{"2":{"ObjCellID":3594649636,"Origin":{"X":96.701,"Y":88.432,"Z":218.519},"Angles":{"W":0.248740628,"X":0.0,"Y":0.0,"Z":-0.9685701}}},"WCID":15170}