{"Label":"Midhill Cottages Portal","Timestamp":1496988461,"WeenieType":7,"IntValues":{"1":65536,"93":3084,"133":4,"16":32,"111":1},"BoolValues":{"1":true,"11":false,"12":true,"13":true,"15":true},"DoubleValues":{"54":-0.1},"StringValues":{"1":"Midhill Cottages Portal"},"DIDValues":{"1":33554867,"2":150994947,"8":100667499},"PositionValues":{"2":{"ObjCellID":2179530781,"Origin":{"X":89.847,"Y":113.437,"Z":118.398},"Angles":{"W":-0.171697035,"X":0.0,"Y":0.0,"Z":-0.9851498}}},"WCID":15175}