{"Label":"Nalib Cavana Settlement Portal","Timestamp":1496988461,"WeenieType":7,"IntValues":{"1":65536,"93":3084,"133":4,"16":32,"111":1},"BoolValues":{"1":true,"11":false,"12":true,"13":true,"15":true},"DoubleValues":{"54":-0.1},"StringValues":{"1":"Nalib Cavana Settlement Portal"},"DIDValues":{"1":33554867,"2":150994947,"8":100667499},"PositionValues":{"2":{"ObjCellID":1604714533,"Origin":{"X":109.126,"Y":105.719,"Z":97.625},"Angles":{"W":-0.9132755,"X":0.0,"Y":0.0,"Z":-0.407342434}}},"WCID":15177}