{"Label":"Shore Vista Cottages Portal","Timestamp":1496988461,"WeenieType":7,"IntValues":{"1":65536,"93":3084,"133":4,"16":32,"111":1},"BoolValues":{"1":true,"11":false,"12":true,"13":true,"15":true},"DoubleValues":{"54":-0.1},"StringValues":{"1":"Shore Vista Cottages Portal"},"DIDValues":{"1":33554867,"2":150994947,"8":100667499},"PositionValues":{"2":{"ObjCellID":1804468260,"Origin":{"X":109.891,"Y":74.539,"Z":29.689},"Angles":{"W":-0.5901902,"X":0.0,"Y":0.0,"Z":-0.8072642}}},"WCID":15189}