{"Label":"P'rnelle Acres Portal","Timestamp":1496988461,"WeenieType":7,"IntValues":{"1":65536,"93":3084,"133":4,"16":32,"111":1},"BoolValues":{"1":true,"11":false,"12":true,"13":true,"15":true},"DoubleValues":{"54":-0.1},"StringValues":{"1":"P'rnelle Acres Portal"},"DIDValues":{"1":33554867,"2":150994947,"8":100667499},"PositionValues":{"2":{"ObjCellID":3419799588,"Origin":{"X":103.811,"Y":90.089,"Z":33.894},"Angles":{"W":-0.574577,"X":0.0,"Y":0.0,"Z":-0.81845057}}},"WCID":15183}