{"Label":"Osric Cottages Portal","Timestamp":1496988461,"WeenieType":7,"IntValues":{"1":65536,"93":3084,"133":4,"16":32,"111":1},"BoolValues":{"1":true,"11":false,"12":true,"13":true,"15":true},"DoubleValues":{"54":-0.1},"StringValues":{"1":"Osric Cottages Portal"},"DIDValues":{"1":33554867,"2":150994947,"8":100667499},"PositionValues":{"2":{"ObjCellID":2995126299,"Origin":{"X":81.612,"Y":65.653,"Z":40.121},"Angles":{"W":0.9981433,"X":0.0,"Y":0.0,"Z":-0.06090925}}},"WCID":15181}