{"Label":"Palm-of-Stone Villas Portal","Timestamp":1496988461,"WeenieType":7,"IntValues":{"1":65536,"93":3084,"133":4,"16":32,"111":1},"BoolValues":{"1":true,"11":false,"12":true,"13":true,"15":true},"DoubleValues":{"54":-0.1},"StringValues":{"1":"Palm-of-Stone Villas Portal"},"DIDValues":{"1":33554867,"2":150994947,"8":100667499},"PositionValues":{"2":{"ObjCellID":2693595162,"Origin":{"X":78.693,"Y":39.474,"Z":55.447},"Angles":{"W":0.916002452,"X":0.0,"Y":0.0,"Z":-0.4011726}}},"WCID":15182}