{"Label":"Tia-Leh Homestead Portal","Timestamp":1496988461,"WeenieType":7,"IntValues":{"1":65536,"93":3084,"133":4,"16":32,"111":1},"BoolValues":{"1":true,"11":false,"12":true,"13":true,"15":true},"DoubleValues":{"54":-0.1},"StringValues":{"1":"Tia-Leh Homestead Portal"},"DIDValues":{"1":33554867,"2":150994947,"8":100667499},"PositionValues":{"2":{"ObjCellID":1537343515,"Origin":{"X":87.68,"Y":65.841,"Z":54.571},"Angles":{"W":-0.908227265,"X":0.0,"Y":0.0,"Z":-0.4184773}}},"WCID":15198}