{"Label":"Thasali Cottages Portal","Timestamp":1496988461,"WeenieType":7,"IntValues":{"1":65536,"93":3084,"133":4,"16":32,"111":1},"BoolValues":{"1":true,"11":false,"12":true,"13":true,"15":true},"DoubleValues":{"54":-0.1},"StringValues":{"1":"Thasali Cottages Portal"},"DIDValues":{"1":33554867,"2":150994947,"8":100667499},"PositionValues":{"2":{"ObjCellID":2572877876,"Origin":{"X":149.056,"Y":79.131,"Z":20.005},"Angles":{"W":-0.7443406,"X":0.0,"Y":0.0,"Z":-0.6678002}}},"WCID":15196}