{"Label":"Stormtree Villas Portal","Timestamp":1496988461,"WeenieType":7,"IntValues":{"1":65536,"93":3084,"133":4,"16":32,"111":1},"BoolValues":{"1":true,"11":false,"12":true,"13":true,"15":true},"DoubleValues":{"54":-0.1},"StringValues":{"1":"Stormtree Villas Portal"},"DIDValues":{"1":33554867,"2":150994947,"8":100667499},"PositionValues":{"2":{"ObjCellID":1405419556,"Origin":{"X":98.44,"Y":82.539,"Z":58.273},"Angles":{"W":-0.7493662,"X":0.0,"Y":0.0,"Z":-0.6621557}}},"WCID":15194}