{"Label":"Village Quan Portal","Timestamp":1496988461,"WeenieType":7,"IntValues":{"1":65536,"93":3084,"133":4,"16":32,"111":1},"BoolValues":{"1":true,"11":false,"12":true,"13":true,"15":true},"DoubleValues":{"54":-0.1},"StringValues":{"1":"Village Quan Portal"},"DIDValues":{"1":33554867,"2":150994947,"8":100667499},"PositionValues":{"2":{"ObjCellID":3462922278,"Origin":{"X":100.839,"Y":130.128,"Z":59.693},"Angles":{"W":0.164599955,"X":0.0,"Y":0.0,"Z":-0.986360431}}},"WCID":15200}