{"Label":"Wolfenvale Portal","Timestamp":1496988461,"WeenieType":7,"IntValues":{"1":65536,"93":3084,"133":4,"16":32,"111":1},"BoolValues":{"1":true,"11":false,"12":true,"13":true,"15":true},"DoubleValues":{"54":-0.1},"StringValues":{"1":"Wolfenvale Portal"},"DIDValues":{"1":33554867,"2":150994947,"8":100667499},"PositionValues":{"2":{"ObjCellID":1537605659,"Origin":{"X":93.221,"Y":57.735,"Z":48.542},"Angles":{"W":0.6557625,"X":0.0,"Y":0.0,"Z":-0.7549673}}},"WCID":15201}