{"Label":"Arrowdale Cottages Portal","Timestamp":1496988461,"WeenieType":7,"IntValues":{"1":65536,"93":3084,"133":4,"16":32,"111":1},"BoolValues":{"1":true,"11":false,"12":true,"13":true,"15":true},"DoubleValues":{"54":-0.1},"StringValues":{"1":"Arrowdale Cottages Portal"},"DIDValues":{"1":33554867,"2":150994947,"8":100667499},"PositionValues":{"2":{"ObjCellID":3654287396,"Origin":{"X":100.118,"Y":86.568,"Z":35.149},"Angles":{"W":-0.9993443,"X":0.0,"Y":0.0,"Z":-0.03620754}}},"WCID":15664}