{"Label":"Axefall Glen Portal","Timestamp":1496988461,"WeenieType":7,"IntValues":{"1":65536,"93":3084,"133":4,"16":32,"111":1},"BoolValues":{"1":true,"11":false,"12":true,"13":true,"15":true},"DoubleValues":{"54":-0.1},"StringValues":{"1":"Axefall Glen Portal"},"DIDValues":{"1":33554867,"2":150994947,"8":100667499},"PositionValues":{"2":{"ObjCellID":1285881893,"Origin":{"X":109.524,"Y":112.113,"Z":45.376},"Angles":{"W":0.344364434,"X":0.0,"Y":0.0,"Z":-0.938836038}}},"WCID":15666}