{"Label":"Ardent Realm Portal","Timestamp":1496988461,"WeenieType":7,"IntValues":{"1":65536,"93":3084,"133":4,"16":32,"111":1},"BoolValues":{"1":true,"11":false,"12":true,"13":true,"15":true},"DoubleValues":{"54":-0.1},"StringValues":{"1":"Ardent Realm Portal"},"DIDValues":{"1":33554867,"2":150994947,"8":100667499},"PositionValues":{"2":{"ObjCellID":2823618605,"Origin":{"X":129.343,"Y":110.776,"Z":28.005},"Angles":{"W":-0.676760435,"X":0.0,"Y":0.0,"Z":-0.7362033}}},"WCID":15663}