{"Label":"Baron's Domain Portal","Timestamp":1496988461,"WeenieType":7,"IntValues":{"1":65536,"93":3084,"133":4,"16":32,"111":1},"BoolValues":{"1":true,"11":false,"12":true,"13":true,"15":true},"DoubleValues":{"54":-0.1},"StringValues":{"1":"Baron's Domain Portal"},"DIDValues":{"1":33554867,"2":150994947,"8":100667499},"PositionValues":{"2":{"ObjCellID":2932867101,"Origin":{"X":94.138,"Y":101.331,"Z":46.16},"Angles":{"W":0.691500545,"X":0.0,"Y":0.0,"Z":-0.7223759}}},"WCID":15667}