{"Label":"Patron's Honor Cottages Portal","Timestamp":1496988461,"WeenieType":7,"IntValues":{"1":65536,"93":3084,"133":4,"16":32,"111":1},"BoolValues":{"1":true,"11":false,"12":true,"13":true,"15":true},"DoubleValues":{"54":-0.1},"StringValues":{"1":"Patron's Honor Cottages Portal"},"DIDValues":{"1":33554867,"2":150994947,"8":100667499},"PositionValues":{"2":{"ObjCellID":2715615261,"Origin":{"X":91.266,"Y":112.093,"Z":122.734},"Angles":{"W":0.03482122,"X":0.0,"Y":0.0,"Z":-0.9993936}}},"WCID":15679}