{"Label":"Nidal-Taraq Villas Portal","Timestamp":1496988461,"WeenieType":7,"IntValues":{"1":65536,"93":3084,"133":4,"16":32,"111":1},"BoolValues":{"1":true,"11":false,"12":true,"13":true,"15":true},"DoubleValues":{"54":-0.1},"StringValues":{"1":"Nidal-Taraq Villas Portal"},"DIDValues":{"1":33554867,"2":150994947,"8":100667499},"PositionValues":{"2":{"ObjCellID":1771175973,"Origin":{"X":102.962,"Y":98.824,"Z":25.401},"Angles":{"W":-0.722587049,"X":0.0,"Y":0.0,"Z":-0.6912799}}},"WCID":15678}