{"Label":"Mountain Retreat Cottages Portal","Timestamp":1496988461,"WeenieType":7,"IntValues":{"1":65536,"93":3084,"133":4,"16":32,"111":1},"BoolValues":{"1":true,"11":false,"12":true,"13":true,"15":true},"DoubleValues":{"54":-0.1},"StringValues":{"1":"Mountain Retreat Cottages Portal"},"DIDValues":{"1":33554867,"2":150994947,"8":100667499},"PositionValues":{"2":{"ObjCellID":2127036453,"Origin":{"X":108.377,"Y":101.577,"Z":95.905},"Angles":{"W":-0.51839304,"X":0.0,"Y":0.0,"Z":-0.8551425}}},"WCID":15677}