{"Label":"Peril's Edge Cottages Portal","Timestamp":1496988461,"WeenieType":7,"IntValues":{"1":65536,"93":3084,"133":4,"16":32,"111":1},"BoolValues":{"1":true,"11":false,"12":true,"13":true,"15":true},"DoubleValues":{"54":-0.1},"StringValues":{"1":"Peril's Edge Cottages Portal"},"DIDValues":{"1":33554867,"2":150994947,"8":100667499},"PositionValues":{"2":{"ObjCellID":1100742685,"Origin":{"X":74.381,"Y":117.164,"Z":96.005},"Angles":{"W":0.377921641,"X":0.0,"Y":0.0,"Z":-0.9258376}}},"WCID":15680}