{"Label":"Shield of Ispar Villas Portal","Timestamp":1496988461,"WeenieType":7,"IntValues":{"1":65536,"93":3084,"133":4,"16":32,"111":1},"BoolValues":{"1":true,"11":false,"12":true,"13":true,"15":true},"DoubleValues":{"54":-0.1},"StringValues":{"1":"Shield of Ispar Villas Portal"},"DIDValues":{"1":33554867,"2":150994947,"8":100667499},"PositionValues":{"2":{"ObjCellID":2890727460,"Origin":{"X":102.448,"Y":88.621,"Z":9.772},"Angles":{"W":0.8617575,"X":0.0,"Y":0.0,"Z":-0.507320344}}},"WCID":15682}