{"Label":"Wilomine Villas Portal","Timestamp":1496988461,"WeenieType":7,"IntValues":{"1":65536,"93":3084,"133":4,"16":32,"111":1},"BoolValues":{"1":true,"11":false,"12":true,"13":true,"15":true},"DoubleValues":{"54":-0.1},"StringValues":{"1":"Wilomine Villas Portal"},"DIDValues":{"1":33554867,"2":150994947,"8":100667499},"PositionValues":{"2":{"ObjCellID":1118699532,"Origin":{"X":45.216,"Y":89.074,"Z":26.845},"Angles":{"W":0.67256707,"X":0.0,"Y":0.0,"Z":-0.7400362}}},"WCID":15686}