{"Label":"The Underground City","Timestamp":1496988461,"WeenieType":7,"IntValues":{"1":65536,"93":3084,"133":4,"16":32,"111":1},"BoolValues":{"1":true,"11":false,"12":true,"13":true,"15":true},"DoubleValues":{"54":-0.1},"StringValues":{"1":"The Underground City"},"DIDValues":{"1":33554867,"2":150994947,"8":100667499},"PositionValues":{"2":{"ObjCellID":32047554,"Origin":{"X":152.333,"Y":-2.372,"Z":-12.0},"Angles":{"W":-0.9293067,"X":0.0,"Y":0.0,"Z":-0.369308949}}},"WCID":15824}