{"Label":"Portal to Cragstone","Timestamp":1496988461,"WeenieType":7,"IntValues":{"1":65536,"93":3084,"133":4,"16":32,"111":1},"BoolValues":{"1":true,"11":false,"12":true,"13":true,"15":true},"DoubleValues":{"54":-0.1},"StringValues":{"1":"Portal to Cragstone"},"DIDValues":{"1":33554867,"2":150994947,"8":100667499},"PositionValues":{"2":{"ObjCellID":3147759664,"Origin":{"X":122.35,"Y":176.46,"Z":55.1},"Angles":{"W":0.573790848,"X":0.0,"Y":0.0,"Z":-0.819001853}}},"WCID":19137}