{"Label":"Portal to Fort Tethana","Timestamp":1496988461,"WeenieType":7,"IntValues":{"1":65536,"93":3084,"133":4,"16":32,"111":1},"BoolValues":{"1":true,"11":false,"12":true,"13":true,"15":true},"DoubleValues":{"54":-0.1},"StringValues":{"1":"Portal to Fort Tethana"},"DIDValues":{"1":33554867,"2":150994947,"8":100667499},"PositionValues":{"2":{"ObjCellID":645988381,"Origin":{"X":77.7,"Y":108.1,"Z":240.0},"Angles":{"W":-0.5224985,"X":0.0,"Y":0.0,"Z":-0.8526402}}},"WCID":19131}