{"Label":"Explorer's Villas Portal","Timestamp":1496988461,"WeenieType":7,"IntValues":{"1":65536,"93":3084,"133":4,"16":32,"111":1},"BoolValues":{"1":true,"11":false,"12":true,"13":true,"15":true},"DoubleValues":{"54":-0.1},"StringValues":{"1":"Explorer's Villas Portal"},"DIDValues":{"1":33554867,"2":150994947,"8":100667499},"PositionValues":{"2":{"ObjCellID":3519807515,"Origin":{"X":95.244,"Y":71.331,"Z":39.942},"Angles":{"W":-0.6951793,"X":0.0,"Y":0.0,"Z":-0.718836367}}},"WCID":19144}