{"Label":"Ebbing Tide Villas Portal","Timestamp":1496988461,"WeenieType":7,"IntValues":{"1":65536,"93":3084,"133":4,"16":32,"111":1},"BoolValues":{"1":true,"11":false,"12":true,"13":true,"15":true},"DoubleValues":{"54":-0.1},"StringValues":{"1":"Ebbing Tide Villas Portal"},"DIDValues":{"1":33554867,"2":150994947,"8":100667499},"PositionValues":{"2":{"ObjCellID":2435973155,"Origin":{"X":115.631,"Y":62.166,"Z":2.005},"Angles":{"W":-0.725188136,"X":0.0,"Y":0.0,"Z":-0.6885508}}},"WCID":19143}