{"Label":"Isparian Flame Estates Portal","Timestamp":1496988461,"WeenieType":7,"IntValues":{"1":65536,"93":3084,"133":4,"16":32,"111":1},"BoolValues":{"1":true,"11":false,"12":true,"13":true,"15":true},"DoubleValues":{"54":-0.1},"StringValues":{"1":"Isparian Flame Estates Portal"},"DIDValues":{"1":33554867,"2":150994947,"8":100667499},"PositionValues":{"2":{"ObjCellID":3520069670,"Origin":{"X":100.999,"Y":124.618,"Z":61.588},"Angles":{"W":-0.1687132,"X":0.0,"Y":0.0,"Z":-0.9856652}}},"WCID":19149}