{"Label":"Secluded Valley Cottages Portal","Timestamp":1496988461,"WeenieType":7,"IntValues":{"1":65536,"93":3084,"133":4,"16":32,"111":1},"BoolValues":{"1":true,"11":false,"12":true,"13":true,"15":true},"DoubleValues":{"54":-0.1},"StringValues":{"1":"Secluded Valley Cottages Portal"},"DIDValues":{"1":33554867,"2":150994947,"8":100667499},"PositionValues":{"2":{"ObjCellID":3552575515,"Origin":{"X":84.308,"Y":52.06,"Z":99.052},"Angles":{"W":-0.9891893,"X":0.0,"Y":0.0,"Z":-0.146644011}}},"WCID":19158}