{"Label":"Majestic Saddle Cottages Portal","Timestamp":1496988461,"WeenieType":7,"IntValues":{"1":65536,"93":3084,"133":4,"16":32,"111":1},"BoolValues":{"1":true,"11":false,"12":true,"13":true,"15":true},"DoubleValues":{"54":-0.1},"StringValues":{"1":"Majestic Saddle Cottages Portal"},"DIDValues":{"1":33554867,"2":150994947,"8":100667499},"PositionValues":{"2":{"ObjCellID":1672478743,"Origin":{"X":65.12,"Y":146.608,"Z":95.712},"Angles":{"W":0.415844321,"X":0.0,"Y":0.0,"Z":-0.9094358}}},"WCID":19152}