{"Label":"Sanam Batal Villas Portal","Timestamp":1496988461,"WeenieType":7,"IntValues":{"1":65536,"93":3084,"133":4,"16":32,"111":1},"BoolValues":{"1":true,"11":false,"12":true,"13":true,"15":true},"DoubleValues":{"54":-0.1},"StringValues":{"1":"Sanam Batal Villas Portal"},"DIDValues":{"1":33554867,"2":150994947,"8":100667499},"PositionValues":{"2":{"ObjCellID":1889927204,"Origin":{"X":98.727,"Y":77.525,"Z":46.011},"Angles":{"W":-0.9310813,"X":0.0,"Y":0.0,"Z":-0.364811778}}},"WCID":19157}