{"Label":"North Pass Hollow Cottages Portal","Timestamp":1496988461,"WeenieType":7,"IntValues":{"1":65536,"93":3084,"133":4,"16":32,"111":1},"BoolValues":{"1":true,"11":false,"12":true,"13":true,"15":true},"DoubleValues":{"54":-0.1},"StringValues":{"1":"North Pass Hollow Cottages Portal"},"DIDValues":{"1":33554867,"2":150994947,"8":100667499},"PositionValues":{"2":{"ObjCellID":2244214812,"Origin":{"X":92.722,"Y":76.155,"Z":74.005},"Angles":{"W":-0.8946734,"X":0.0,"Y":0.0,"Z":-0.446720839}}},"WCID":19154}