{"Label":"Two Hills Cottages Portal","Timestamp":1496988461,"WeenieType":7,"IntValues":{"1":65536,"93":3084,"133":4,"16":32,"111":1},"BoolValues":{"1":true,"11":false,"12":true,"13":true,"15":true},"DoubleValues":{"54":-0.1},"StringValues":{"1":"Two Hills Cottages Portal"},"DIDValues":{"1":33554867,"2":150994947,"8":100667499},"PositionValues":{"2":{"ObjCellID":1454374956,"Origin":{"X":127.562,"Y":94.061,"Z":76.87},"Angles":{"W":-0.3204477,"X":0.0,"Y":0.0,"Z":-0.9472662}}},"WCID":19163}