{"Label":"Tusker Notch Portal","Timestamp":1496988461,"WeenieType":7,"IntValues":{"1":65536,"93":3084,"133":4,"16":32,"111":1},"BoolValues":{"1":true,"11":false,"12":true,"13":true,"15":true},"DoubleValues":{"54":-0.1},"StringValues":{"1":"Tusker Notch Portal"},"DIDValues":{"1":33554867,"2":150994947,"8":100667499},"PositionValues":{"2":{"ObjCellID":2225864740,"Origin":{"X":108.657,"Y":89.048,"Z":104.115},"Angles":{"W":-0.538822532,"X":0.0,"Y":0.0,"Z":-0.842419267}}},"WCID":19162}