{"Label":"Surface","Timestamp":1496988461,"WeenieType":7,"IntValues":{"1":65536,"93":3084,"133":4,"111":1},"BoolValues":{"1":true,"11":false,"12":true,"13":true,"15":true},"DoubleValues":{"54":-0.1},"StringValues":{"1":"Surface"},"DIDValues":{"1":33554867,"2":150994947,"8":100667499},"PositionValues":{"2":{"ObjCellID":3694788639,"Origin":{"X":81.707,"Y":167.947,"Z":11.984},"Angles":{"W":0.087155804,"X":0.0,"Y":0.0,"Z":-0.9961947}}},"WCID":19465}