{"Label":"Precarious Sojourn Exit Portal","Timestamp":1496988461,"WeenieType":7,"IntValues":{"1":65536,"93":3084,"133":4,"16":32,"111":1},"BoolValues":{"1":true,"11":false,"12":true,"13":true,"15":true},"DoubleValues":{"54":-0.1},"StringValues":{"1":"Precarious Sojourn Exit Portal"},"DIDValues":{"1":33554867,"2":150994947,"8":100667499},"PositionValues":{"2":{"ObjCellID":2122448923,"Origin":{"X":77.523,"Y":66.741,"Z":154.115},"Angles":{"W":-0.6982153,"X":0.0,"Y":0.0,"Z":-0.715887845}}},"WCID":20626}