{"Label":"Citadel Library","Timestamp":1496988461,"WeenieType":7,"IntValues":{"1":65536,"93":3084,"133":4,"16":32,"86":20,"111":49},"BoolValues":{"1":true,"11":false,"12":true,"13":true,"15":true},"DoubleValues":{"54":-0.1},"StringValues":{"1":"Citadel Library","37":"GaerlanPreamble"},"DIDValues":{"1":33554867,"2":150994947,"8":100667499},"PositionValues":{"2":{"ObjCellID":1448280339,"Origin":{"X":31.097,"Y":-10.963,"Z":0.005},"Angles":{"W":-0.722846448,"X":0.0,"Y":0.0,"Z":-0.6910087}}},"WCID":21401}