{"Label":"House Portal","Timestamp":1496988461,"WeenieType":7,"IntValues":{"1":65536,"93":3084,"133":4,"16":32,"111":49},"BoolValues":{"1":true,"11":false,"12":true,"13":true,"15":true},"DoubleValues":{"54":-0.1},"StringValues":{"1":"House Portal"},"DIDValues":{"1":33554867,"2":150994947,"8":100667499},"PositionValues":{"2":{"ObjCellID":3062301010,"Origin":{"X":64.42,"Y":127.466,"Z":56.005},"Angles":{"W":-0.6922879,"X":0.0,"Y":0.0,"Z":-0.7216214}}},"WCID":22090}