{"Label":"Invisible LiveOp Portal","Timestamp":1496988461,"WeenieType":7,"IntValues":{"1":65536,"66":1,"93":12,"133":0,"16":1,"111":1},"BoolValues":{"1":true,"11":false,"12":true,"13":true,"14":false,"15":false,"18":true},"DoubleValues":{"54":-0.1},"StringValues":{"1":"Invisible LiveOp Portal"},"DIDValues":{"1":33554867,"2":150994947,"8":100667499},"PositionValues":{"2":{"ObjCellID":3127836726,"Origin":{"X":167.7,"Y":129.5,"Z":6.1},"Angles":{"W":-0.636078238,"X":0.0,"Y":0.0,"Z":-0.7716245}}},"WCID":22173}