{"Label":"none","Timestamp":1496988461,"WeenieType":7,"IntValues":{"1":65536,"93":3084,"133":4,"16":32,"111":49},"BoolValues":{"1":true,"11":false,"12":true,"13":true,"15":true},"DoubleValues":{"54":-0.1},"StringValues":{"1":"none"},"DIDValues":{"1":33554867,"2":150994947,"8":100667499},"PositionValues":{"2":{"ObjCellID":3694919697,"Origin":{"X":59.72,"Y":10.774,"Z":18.958},"Angles":{"W":-0.35836795,"X":0.0,"Y":0.0,"Z":-0.933580458}}},"WCID":22646}