{"Label":"Surface","Timestamp":1496988461,"WeenieType":7,"IntValues":{"1":65536,"93":3084,"133":4,"16":32,"111":49},"BoolValues":{"1":true,"11":false,"12":true,"13":true,"15":true},"DoubleValues":{"54":-0.1},"StringValues":{"1":"Surface"},"DIDValues":{"1":33554867,"2":150994947,"8":100667499},"PositionValues":{"2":{"ObjCellID":4135256076,"Origin":{"X":37.096,"Y":94.624,"Z":-0.095},"Angles":{"W":-0.6831591,"X":0.0,"Y":0.0,"Z":-0.730269551}}},"WCID":22655}