{"Label":"Surface","Timestamp":1496988461,"WeenieType":7,"IntValues":{"1":65536,"93":3084,"133":4,"16":32,"111":49},"BoolValues":{"1":true,"11":false,"12":true,"13":true,"15":true},"DoubleValues":{"54":-0.1},"StringValues":{"1":"Surface"},"DIDValues":{"1":33554867,"2":150994947,"8":100667499},"PositionValues":{"2":{"ObjCellID":3934126122,"Origin":{"X":128.327,"Y":45.804,"Z":13.311},"Angles":{"W":-0.447759151,"X":0.0,"Y":0.0,"Z":-0.8941542}}},"WCID":22653}