{"Label":"Surface","Timestamp":1496988461,"WeenieType":7,"IntValues":{"1":65536,"93":3084,"133":4,"16":32,"111":49},"BoolValues":{"1":true,"11":false,"12":true,"13":true,"15":true},"DoubleValues":{"54":-0.1},"StringValues":{"1":"Surface"},"DIDValues":{"1":33554867,"2":150994947,"8":100667499},"PositionValues":{"2":{"ObjCellID":4135387188,"Origin":{"X":167.125,"Y":93.398,"Z":52.005},"Angles":{"W":-0.324743152,"X":0.0,"Y":0.0,"Z":-0.9458023}}},"WCID":22673}