{"Label":"Surface","Timestamp":1496988461,"WeenieType":7,"IntValues":{"1":65536,"93":3084,"133":4,"16":32,"111":49},"BoolValues":{"1":true,"11":false,"12":true,"13":true,"15":true},"DoubleValues":{"54":-0.1},"StringValues":{"1":"Surface"},"DIDValues":{"1":33554867,"2":150994947,"8":100667499},"PositionValues":{"2":{"ObjCellID":4202627078,"Origin":{"X":3.2,"Y":121.8,"Z":45.9},"Angles":{"W":0.601815,"X":0.0,"Y":0.0,"Z":-0.7986355}}},"WCID":22689}