{"Label":"Surface","Timestamp":1496988461,"WeenieType":7,"IntValues":{"1":65536,"93":3084,"133":4,"16":32,"111":49},"BoolValues":{"1":true,"11":false,"12":true,"13":true,"15":true},"DoubleValues":{"54":-0.1},"StringValues":{"1":"Surface"},"DIDValues":{"1":33554867,"2":150994947,"8":100667499},"PositionValues":{"2":{"ObjCellID":3933929473,"Origin":{"X":9.452,"Y":23.534,"Z":54.044},"Angles":{"W":-0.989337265,"X":0.0,"Y":0.0,"Z":-0.145642549}}},"WCID":22681}