{"Label":"Tusker Honeycombs","Timestamp":1496988461,"WeenieType":7,"IntValues":{"1":65536,"93":3084,"133":4,"16":32,"86":80,"111":49},"BoolValues":{"1":true,"11":false,"12":true,"13":true,"15":true},"DoubleValues":{"54":-0.1},"StringValues":{"1":"Tusker Honeycombs"},"DIDValues":{"1":33555925,"2":150994947,"8":100667499},"PositionValues":{"2":{"ObjCellID":1514734239,"Origin":{"X":234.407,"Y":0.122795,"Z":0.005},"Angles":{"W":0.642787635,"X":0.0,"Y":0.0,"Z":-0.766044438}}},"WCID":22682}