{"Label":"Surface","Timestamp":1496988461,"WeenieType":7,"IntValues":{"1":65536,"93":3084,"133":4,"16":32,"111":49},"BoolValues":{"1":true,"11":false,"12":true,"13":true,"15":true},"DoubleValues":{"54":-0.1},"StringValues":{"1":"Surface"},"DIDValues":{"1":33554867,"2":150994947,"8":100667499},"PositionValues":{"2":{"ObjCellID":3845193745,"Origin":{"X":80.7,"Y":35.5,"Z":92.4},"Angles":{"W":0.920504868,"X":0.0,"Y":0.0,"Z":-0.390731126}}},"WCID":22697}