{"Label":"Surface","Timestamp":1496988461,"WeenieType":7,"IntValues":{"1":65536,"93":3084,"133":4,"16":32,"111":49},"BoolValues":{"1":true,"11":false,"12":true,"13":true,"15":true,"88":false},"DoubleValues":{"54":-0.1},"StringValues":{"1":"Surface"},"DIDValues":{"1":33554867,"2":150994947,"8":100667499},"PositionValues":{"2":{"ObjCellID":2132082734,"Origin":{"X":136.0,"Y":127.3,"Z":12.0},"Angles":{"W":-0.9338928,"X":0.0,"Y":0.0,"Z":-0.357553154}}},"WCID":22756}