{"Label":"Temple of Enlightenment","Timestamp":1496988461,"WeenieType":7,"IntValues":{"1":65536,"93":3084,"133":4,"16":32,"111":49},"BoolValues":{"1":true,"11":false,"12":true,"13":true,"15":true,"88":false},"DoubleValues":{"54":-0.1},"StringValues":{"1":"Temple of Enlightenment"},"DIDValues":{"1":33554867,"2":150994947,"8":100667499},"PositionValues":{"2":{"ObjCellID":1564934527,"Origin":{"X":50.0,"Y":-120.0,"Z":18.005},"Angles":{"W":0.9238795,"X":0.0,"Y":0.0,"Z":-0.382683456}}},"WCID":22755}