{"Label":"Inner Sanctum","Timestamp":1496988461,"WeenieType":7,"IntValues":{"1":65536,"93":3084,"133":4,"16":32,"111":49},"BoolValues":{"1":true,"11":false,"12":true,"13":true,"15":true,"88":false},"DoubleValues":{"54":-0.1},"StringValues":{"1":"Inner Sanctum"},"DIDValues":{"1":33554867,"2":150994947,"8":100667499},"PositionValues":{"2":{"ObjCellID":2146304036,"Origin":{"X":102.3,"Y":73.5,"Z":108.0},"Angles":{"W":-0.958819747,"X":0.0,"Y":0.0,"Z":-0.2840153}}},"WCID":22762}