{"Label":"Surface","Timestamp":1496988461,"WeenieType":7,"IntValues":{"1":65536,"93":3084,"133":4,"16":32,"111":49},"BoolValues":{"1":true,"11":false,"12":true,"13":true,"15":true},"DoubleValues":{"54":-0.1},"StringValues":{"1":"Surface"},"DIDValues":{"1":33558262,"2":150994947,"8":100667499},"PositionValues":{"2":{"ObjCellID":2665152557,"Origin":{"X":139.44,"Y":117.554,"Z":113.801},"Angles":{"W":-0.9953492,"X":0.0,"Y":0.0,"Z":-0.0963320956}}},"WCID":24050}