{"Label":"Portal","Timestamp":1496988461,"WeenieType":7,"IntValues":{"1":65536,"93":3084,"133":4,"16":32,"111":49},"BoolValues":{"1":true,"11":false,"12":true,"13":true,"15":true,"88":false},"DoubleValues":{"54":-0.1},"StringValues":{"1":"Portal"},"DIDValues":{"1":33558318,"2":150994947,"8":100667499},"PositionValues":{"2":{"ObjCellID":2732195865,"Origin":{"X":74.0,"Y":5.304,"Z":54.005},"Angles":{"W":0.133882418,"X":0.0,"Y":0.0,"Z":-0.9909972}}},"WCID":24095}