{"Label":"Surface","Timestamp":1496988461,"WeenieType":7,"IntValues":{"1":65536,"93":3084,"133":4,"16":32,"111":49},"BoolValues":{"1":true,"11":false,"12":true,"13":true,"15":true},"DoubleValues":{"54":-0.1},"StringValues":{"1":"Surface"},"DIDValues":{"1":33554867,"2":150994947,"8":100667499},"PositionValues":{"2":{"ObjCellID":2963865613,"Origin":{"X":24.572,"Y":119.75,"Z":88.005},"Angles":{"W":-0.0497215167,"X":0.0,"Y":0.0,"Z":-0.998763144}}},"WCID":24186}