{"Label":"Gateway Portal","Timestamp":1496988461,"WeenieType":7,"IntValues":{"1":65536,"93":3084,"133":4,"16":32,"111":49},"BoolValues":{"1":true,"11":false,"12":true,"13":true,"15":true},"DoubleValues":{"54":-0.1},"StringValues":{"1":"Gateway Portal"},"DIDValues":{"1":33554867,"2":150994947,"8":100667499},"PositionValues":{"2":{"ObjCellID":1467220242,"Origin":{"X":0.928162,"Y":-0.856308,"Z":6.005},"Angles":{"W":0.342020154,"X":0.0,"Y":0.0,"Z":-0.9396926}}},"WCID":24344}