{"Label":"Asheron's Island West","Timestamp":1496988461,"WeenieType":7,"IntValues":{"1":65536,"93":3084,"133":4,"16":32,"86":80,"111":49},"BoolValues":{"1":true,"11":false,"12":true,"13":true,"15":true},"DoubleValues":{"54":-0.1},"StringValues":{"1":"Asheron's Island West"},"DIDValues":{"1":33556212,"2":150994947,"8":100667499},"PositionValues":{"2":{"ObjCellID":3599958021,"Origin":{"X":18.435,"Y":113.644,"Z":-0.095},"Angles":{"W":0.8762184,"X":0.0,"Y":0.0,"Z":-0.481914252}}},"WCID":24353}