{"Label":"Asheron's Island East","Timestamp":1496988461,"WeenieType":7,"IntValues":{"1":65536,"93":3084,"133":4,"16":32,"86":60,"111":49},"BoolValues":{"1":true,"11":false,"12":true,"13":true,"15":true},"DoubleValues":{"54":-0.1},"StringValues":{"1":"Asheron's Island East"},"DIDValues":{"1":33555925,"2":150994947,"8":100667499},"PositionValues":{"2":{"ObjCellID":3700949008,"Origin":{"X":44.004,"Y":169.82,"Z":-0.095},"Angles":{"W":-0.317817867,"X":0.0,"Y":0.0,"Z":-0.948151767}}},"WCID":24352}