{"Label":"Tree Portal","Timestamp":1496988461,"WeenieType":7,"IntValues":{"1":65536,"93":3084,"133":4,"16":32,"111":49},"BoolValues":{"1":true,"11":false,"12":true,"13":true,"15":true},"DoubleValues":{"54":-0.1},"StringValues":{"1":"Tree Portal","37":"StrongholdBuilderComplete"},"DIDValues":{"1":33554867,"2":150994947,"8":100667499},"PositionValues":{"2":{"ObjCellID":722599961,"Origin":{"X":89.8,"Y":6.2,"Z":73.0},"Angles":{"W":-0.9238795,"X":0.0,"Y":0.0,"Z":-0.3826835}}},"WCID":24580}