{"Label":"Ground Portal","Timestamp":1496988461,"WeenieType":7,"IntValues":{"1":65536,"93":2060,"133":4,"16":32,"111":49},"BoolValues":{"1":true,"11":false,"12":true,"13":true,"14":false,"15":true},"DoubleValues":{"54":-0.1},"StringValues":{"1":"Ground Portal"},"DIDValues":{"1":33554867,"2":150994947,"8":100667499},"PositionValues":{"2":{"ObjCellID":722534440,"Origin":{"X":110.5,"Y":177.4,"Z":48.0},"Angles":{"W":0.382683426,"X":0.0,"Y":0.0,"Z":-0.9238795}}},"WCID":24875}