{"Label":"Exit portal","Timestamp":1496988461,"WeenieType":7,"IntValues":{"1":65536,"93":3084,"133":4,"16":32,"111":49},"BoolValues":{"1":true,"11":false,"12":true,"13":true,"15":true},"DoubleValues":{"54":-0.1},"StringValues":{"1":"Exit portal"},"DIDValues":{"1":33554867,"2":150994947,"8":100667499},"PositionValues":{"2":{"ObjCellID":3419013183,"Origin":{"X":181.594,"Y":145.919,"Z":69.579},"Angles":{"W":-0.195826277,"X":0.0,"Y":0.0,"Z":-0.9806386}}},"WCID":24882}