{"Label":"Exit portal","Timestamp":1496988461,"WeenieType":7,"IntValues":{"1":65536,"93":3084,"133":4,"16":32,"111":49},"BoolValues":{"1":true,"11":false,"12":true,"13":true,"15":true},"DoubleValues":{"54":-0.1},"StringValues":{"1":"Exit portal"},"DIDValues":{"1":33554867,"2":150994947,"8":100667499},"PositionValues":{"2":{"ObjCellID":3149856796,"Origin":{"X":75.0,"Y":78.0,"Z":222.3},"Angles":{"W":-0.06366134,"X":0.0,"Y":0.0,"Z":-0.997971535}}},"WCID":24917}