{"Label":"Exit portal","Timestamp":1496988461,"WeenieType":7,"IntValues":{"1":65536,"93":3084,"133":4,"16":32,"111":49},"BoolValues":{"1":true,"11":false,"12":true,"13":true,"15":true},"DoubleValues":{"54":-0.1},"StringValues":{"1":"Exit portal"},"DIDValues":{"1":33554867,"2":150994947,"8":100667499},"PositionValues":{"2":{"ObjCellID":3553034282,"Origin":{"X":143.519,"Y":27.877,"Z":51.965},"Angles":{"W":-0.9992059,"X":0.0,"Y":0.0,"Z":-0.03984389}}},"WCID":24915}