{"Label":"Exit To Surface","Timestamp":1496988461,"WeenieType":7,"IntValues":{"1":65536,"93":3084,"133":4,"16":32,"111":17},"BoolValues":{"1":true,"11":false,"12":true,"13":true,"15":true},"DoubleValues":{"54":-0.1},"StringValues":{"1":"Exit To Surface"},"DIDValues":{"1":33554867,"2":150994947,"8":100667499},"PositionValues":{"2":{"ObjCellID":3194486792,"Origin":{"X":16.4,"Y":182.5,"Z":20.0},"Angles":{"W":0.8681988,"X":0.0,"Y":0.0,"Z":-0.496216476}}},"WCID":25228}