{"Label":"Exit To Surface","Timestamp":1496988461,"WeenieType":7,"IntValues":{"1":65536,"93":3084,"133":4,"16":32,"111":49},"BoolValues":{"1":true,"11":false,"12":true,"13":true,"15":true},"DoubleValues":{"54":-0.1},"StringValues":{"1":"Exit To Surface","33":"DirelandsNestKiller"},"DIDValues":{"1":33554867,"2":150994947,"8":100667499},"PositionValues":{"2":{"ObjCellID":722599977,"Origin":{"X":120.642,"Y":1.549,"Z":10.112},"Angles":{"W":0.087155804,"X":0.0,"Y":0.0,"Z":-0.9961947}}},"WCID":25224}