{"Label":"Exit To Surface","Timestamp":1496988461,"WeenieType":7,"IntValues":{"1":65536,"93":3084,"133":4,"16":32,"111":49},"BoolValues":{"1":true,"11":false,"12":true,"13":true,"15":true},"DoubleValues":{"54":-0.1},"StringValues":{"1":"Exit To Surface","33":"HighNestKiller"},"DIDValues":{"1":33554867,"2":150994947,"8":100667499},"PositionValues":{"2":{"ObjCellID":3417833536,"Origin":{"X":170.513,"Y":174.848,"Z":103.639},"Angles":{"W":-0.6195531,"X":0.0,"Y":0.0,"Z":-0.7849547}}},"WCID":25230}