{"Label":"Exit To Surface","Timestamp":1496988461,"WeenieType":7,"IntValues":{"1":65536,"93":3084,"133":4,"16":32,"111":49},"BoolValues":{"1":true,"11":false,"12":true,"13":true,"15":true},"DoubleValues":{"54":-0.1},"StringValues":{"1":"Exit To Surface","33":"HighNestKiller"},"DIDValues":{"1":33554867,"2":150994947,"8":100667499},"PositionValues":{"2":{"ObjCellID":2230648873,"Origin":{"X":133.482,"Y":9.739,"Z":152.065},"Angles":{"W":-0.9508487,"X":0.0,"Y":0.0,"Z":-0.309655935}}},"WCID":25236}