{"Label":"Exit To Surface","Timestamp":1496988461,"WeenieType":7,"IntValues":{"1":65536,"93":3084,"133":4,"16":32,"111":49},"BoolValues":{"1":true,"11":false,"12":true,"13":true,"15":true},"DoubleValues":{"54":-0.1},"StringValues":{"1":"Exit To Surface","33":"MidNestKiller"},"DIDValues":{"1":33554867,"2":150994947,"8":100667499},"PositionValues":{"2":{"ObjCellID":2345730061,"Origin":{"X":39.589,"Y":99.958,"Z":232.475},"Angles":{"W":-0.9355242,"X":0.0,"Y":0.0,"Z":-0.353262573}}},"WCID":25246}