{"Label":"Exit To Surface","Timestamp":1496988461,"WeenieType":7,"IntValues":{"1":65536,"93":3084,"133":4,"16":32,"111":49},"BoolValues":{"1":true,"11":false,"12":true,"13":true,"15":true},"DoubleValues":{"54":-0.1},"StringValues":{"1":"Exit To Surface","33":"MidNestKiller"},"DIDValues":{"1":33554867,"2":150994947,"8":100667499},"PositionValues":{"2":{"ObjCellID":3121872915,"Origin":{"X":60.934,"Y":61.19,"Z":185.209},"Angles":{"W":-0.8883009,"X":0.0,"Y":0.0,"Z":-0.459261954}}},"WCID":25244}