{"Label":"Surface Portal","Timestamp":1496988461,"WeenieType":7,"IntValues":{"1":65536,"93":3084,"133":4,"16":32,"111":49},"BoolValues":{"1":true,"11":false,"12":true,"13":true,"14":true,"15":true},"DoubleValues":{"54":-0.1},"StringValues":{"1":"Surface Portal"},"DIDValues":{"1":33554867,"2":150994947,"8":100667499},"PositionValues":{"2":{"ObjCellID":1125580854,"Origin":{"X":167.003,"Y":142.251,"Z":120.005},"Angles":{"W":-0.1366061,"X":0.0,"Y":0.0,"Z":-0.990625441}}},"WCID":25606}