{"Label":"Exit","Timestamp":1496988461,"WeenieType":7,"IntValues":{"1":65536,"93":3084,"133":4,"16":32,"86":35,"111":49},"BoolValues":{"1":true,"11":false,"12":true,"13":true,"15":true},"DoubleValues":{"54":-0.1},"StringValues":{"1":"Exit"},"DIDValues":{"1":33555922,"2":150994947,"8":100667499},"PositionValues":{"2":{"ObjCellID":582746174,"Origin":{"X":191.381,"Y":146.636,"Z":237.677},"Angles":{"W":-0.707106769,"X":0.0,"Y":0.0,"Z":-0.707106769}}},"WCID":25675}