{"Label":"Exit","Timestamp":1496988461,"WeenieType":7,"IntValues":{"1":65536,"93":2060,"133":4,"16":32,"86":90,"111":49},"BoolValues":{"1":true,"11":false,"12":true,"13":true,"14":false,"15":true},"DoubleValues":{"54":-0.1},"StringValues":{"1":"Exit"},"DIDValues":{"1":33555925,"2":150994947,"8":100667499},"PositionValues":{"2":{"ObjCellID":151257096,"Origin":{"X":11.4,"Y":188.6,"Z":87.7},"Angles":{"W":-0.9963453,"X":0.0,"Y":0.0,"Z":-0.08541692}}},"WCID":27299}