{"Label":"Gold Hill Ruins","Timestamp":1496988461,"WeenieType":7,"IntValues":{"1":65536,"93":3084,"133":4,"16":32,"111":49},"BoolValues":{"1":true,"11":false,"12":true,"13":true,"15":true},"DoubleValues":{"54":-0.1},"StringValues":{"1":"Gold Hill Ruins"},"DIDValues":{"1":33555926,"2":150994947,"8":100667499},"PositionValues":{"2":{"ObjCellID":1872363526,"Origin":{"X":1.4,"Y":122.3,"Z":204.8},"Angles":{"W":0.349389732,"X":0.0,"Y":0.0,"Z":-0.9369775}}},"WCID":27397}