{"Label":"Drudge Fight","Timestamp":1496988461,"WeenieType":7,"IntValues":{"1":65536,"93":3084,"133":4,"16":32,"111":49},"BoolValues":{"1":true,"11":false,"12":true,"13":true,"15":true},"DoubleValues":{"54":-0.1},"StringValues":{"1":"Drudge Fight"},"DIDValues":{"1":33555923,"2":150994947,"8":100667499},"PositionValues":{"2":{"ObjCellID":1632305426,"Origin":{"X":52.3,"Y":-2.8,"Z":0.0},"Angles":{"W":0.6238797,"X":0.0,"Y":0.0,"Z":-0.7815204}}},"WCID":27401}