{"Label":"Lair of The Homunculus","Timestamp":1496988461,"WeenieType":7,"IntValues":{"1":65536,"93":3084,"133":4,"16":32,"111":49},"BoolValues":{"1":true,"11":false,"12":true,"13":true,"15":true},"DoubleValues":{"54":-0.1},"StringValues":{"1":"Lair of The Homunculus"},"DIDValues":{"1":33555924,"2":150994947,"8":100667499},"PositionValues":{"2":{"ObjCellID":1665795028,"Origin":{"X":97.2029,"Y":-77.2247,"Z":0.005},"Angles":{"W":0.382683426,"X":0.0,"Y":0.0,"Z":-0.9238795}}},"WCID":27402}