{"Label":"Exit to Surface","Timestamp":1496988461,"WeenieType":7,"IntValues":{"1":65536,"93":3084,"133":4,"16":32,"111":1},"BoolValues":{"1":true,"11":false,"12":true,"13":true,"15":true},"DoubleValues":{"54":-0.1},"StringValues":{"1":"Exit to Surface"},"DIDValues":{"1":33554867,"2":150994947,"8":100667499},"PositionValues":{"2":{"ObjCellID":2255093810,"Origin":{"X":159.979,"Y":25.192,"Z":11.906},"Angles":{"W":-0.247024089,"X":0.0,"Y":0.0,"Z":-0.96900934}}},"WCID":27699}