{"Label":"Portal to Surface","Timestamp":1496988461,"WeenieType":7,"IntValues":{"1":65536,"93":3084,"133":4,"16":32,"111":1},"BoolValues":{"1":true,"11":false,"12":true,"13":true,"15":true},"DoubleValues":{"54":-0.1},"StringValues":{"1":"Portal to Surface"},"DIDValues":{"1":33554867,"2":150994947,"8":100667499},"PositionValues":{"2":{"ObjCellID":3110141971,"Origin":{"X":51.022,"Y":70.99,"Z":6.005},"Angles":{"W":0.1427066,"X":0.0,"Y":0.0,"Z":-0.989765048}}},"WCID":28098}