{"Label":"Exit to Surface","Timestamp":1496988461,"WeenieType":7,"IntValues":{"1":65536,"93":3084,"133":4,"16":32,"111":1},"BoolValues":{"1":true,"11":false,"12":true,"13":true,"15":true},"DoubleValues":{"54":-0.1},"StringValues":{"1":"Exit to Surface"},"DIDValues":{"1":33554867,"2":150994947,"8":100667499},"PositionValues":{"2":{"ObjCellID":2971598868,"Origin":{"X":55.408,"Y":87.345,"Z":114.005},"Angles":{"W":-0.46174866,"X":0.0,"Y":0.0,"Z":-0.8870108}}},"WCID":28101}