{"Label":"Exit to Surface","Timestamp":1496988461,"WeenieType":7,"IntValues":{"1":65536,"93":3084,"133":4,"16":32,"111":1},"BoolValues":{"1":true,"11":false,"12":true,"13":true,"15":true},"DoubleValues":{"54":-0.1},"StringValues":{"1":"Exit to Surface"},"DIDValues":{"1":33554867,"2":150994947,"8":100667499},"PositionValues":{"2":{"ObjCellID":3663134748,"Origin":{"X":90.505,"Y":79.609,"Z":14.005},"Angles":{"W":-0.987688363,"X":0.0,"Y":0.0,"Z":-0.156434447}}},"WCID":28268}