{"Label":"Exit to Surface","Timestamp":1496988461,"WeenieType":7,"IntValues":{"1":65536,"93":3084,"133":4,"16":32,"111":1},"BoolValues":{"1":true,"11":false,"12":true,"13":true,"15":true},"DoubleValues":{"54":-0.1},"StringValues":{"1":"Exit to Surface"},"DIDValues":{"1":33554867,"2":150994947,"8":100667499},"PositionValues":{"2":{"ObjCellID":3094151227,"Origin":{"X":178.149,"Y":48.179,"Z":9.99},"Angles":{"W":0.766044438,"X":0.0,"Y":0.0,"Z":-0.6427876}}},"WCID":28262}