{"Label":"Ishaq's Cellar","Timestamp":1496988461,"WeenieType":7,"IntValues":{"1":65536,"93":3084,"133":4,"16":32,"86":80,"111":1},"BoolValues":{"1":true,"11":false,"12":true,"13":true,"15":true},"DoubleValues":{"54":-0.1},"StringValues":{"1":"Ishaq's Cellar"},"DIDValues":{"1":33555925,"2":150994947,"8":100667499},"PositionValues":{"2":{"ObjCellID":48890237,"Origin":{"X":0.449236,"Y":-37.2334,"Z":6.005},"Angles":{"W":0.382683426,"X":0.0,"Y":0.0,"Z":-0.9238795}}},"WCID":29237}