{"Label":"Corcima Castle Central Ward","Timestamp":1496988461,"WeenieType":7,"IntValues":{"1":65536,"93":3084,"133":4,"16":32,"86":60,"111":49},"BoolValues":{"1":true,"11":false,"12":true,"13":true,"15":true},"DoubleValues":{"54":-0.1},"StringValues":{"1":"Corcima Castle Central Ward","37":"HeartofInnocence"},"DIDValues":{"1":33555925,"2":150994947,"8":100667499},"PositionValues":{"2":{"ObjCellID":1598423433,"Origin":{"X":39.247,"Y":0.038,"Z":0.0},"Angles":{"W":-0.026770059,"X":0.0,"Y":0.0,"Z":-0.9996416}}},"WCID":29496}