{"Label":"Surface","Timestamp":1496988461,"WeenieType":7,"IntValues":{"1":65536,"93":3084,"133":4,"16":32,"111":49},"BoolValues":{"1":true,"11":false,"12":true,"13":true,"15":true},"DoubleValues":{"54":-0.1},"StringValues":{"1":"Surface"},"DIDValues":{"1":33559046,"2":150995314,"8":100667499},"PositionValues":{"2":{"ObjCellID":4010606625,"Origin":{"X":97.4,"Y":19.5,"Z":107.6},"Angles":{"W":-0.8660254,"X":0.0,"Y":0.0,"Z":-0.50000006}}},"WCID":29779}