{"Label":"Surface","Timestamp":1496988461,"WeenieType":7,"IntValues":{"1":65536,"93":3084,"133":4,"16":32,"111":49},"BoolValues":{"1":true,"11":false,"12":true,"13":true,"15":true},"DoubleValues":{"54":-0.1},"StringValues":{"1":"Surface"},"DIDValues":{"1":33559046,"2":150995314,"8":100667499},"PositionValues":{"2":{"ObjCellID":4010606609,"Origin":{"X":52.9,"Y":15.7,"Z":107.1},"Angles":{"W":0.7933533,"X":0.0,"Y":0.0,"Z":-0.6087614}}},"WCID":29784}