{"Label":"Gate to Qin Xikit's Island","Timestamp":1496988461,"WeenieType":7,"IntValues":{"1":65536,"93":3084,"133":4,"16":32,"111":49},"BoolValues":{"1":true,"11":false,"12":true,"13":true,"15":true},"DoubleValues":{"54":-0.1},"StringValues":{"1":"Gate to Qin Xikit's Island","37":"OnBrowerkQuest"},"DIDValues":{"1":33554867,"2":150994947,"8":100667499},"PositionValues":{"2":{"ObjCellID":273154077,"Origin":{"X":85.252,"Y":108.1,"Z":12.0},"Angles":{"W":-0.909718752,"X":0.0,"Y":0.0,"Z":-0.415225029}}},"WCID":29785}