{"Label":"Exit","Timestamp":1496988461,"WeenieType":7,"IntValues":{"1":65536,"93":3084,"133":4,"16":32,"111":49},"BoolValues":{"1":true,"11":false,"12":true,"13":true,"15":true},"DoubleValues":{"54":-0.1},"StringValues":{"1":"Exit","37":"BloodPuzzleCompleted"},"DIDValues":{"1":33559046,"2":150995314,"8":100667499},"PositionValues":{"2":{"ObjCellID":47711316,"Origin":{"X":20.0,"Y":-60.0,"Z":0.005},"Angles":{"W":-0.707106769,"X":0.0,"Y":0.0,"Z":-0.707106769}}},"WCID":29789}