{"Label":"Portal to the Beach Fort","Timestamp":1496988461,"WeenieType":7,"IntValues":{"1":65536,"93":3084,"133":4,"16":32,"111":49},"BoolValues":{"1":true,"11":false,"12":true,"13":true,"15":true},"DoubleValues":{"54":-0.1},"StringValues":{"1":"Portal to the Beach Fort"},"DIDValues":{"1":33555924,"2":150994947,"8":100667499},"PositionValues":{"2":{"ObjCellID":1121845260,"Origin":{"X":25.0,"Y":84.5,"Z":0.005},"Angles":{"W":-0.6819983,"X":0.0,"Y":0.0,"Z":-0.7313537}}},"WCID":30395}