{"Label":"Southern Power Forge","Timestamp":1496988461,"WeenieType":7,"IntValues":{"1":65536,"93":3084,"133":4,"16":32,"86":70,"111":1},"BoolValues":{"1":true,"11":false,"12":true,"13":true,"15":true},"DoubleValues":{"54":-0.1},"StringValues":{"1":"Southern Power Forge"},"DIDValues":{"1":33555924,"2":150994947,"8":100667499},"PositionValues":{"2":{"ObjCellID":327936,"Origin":{"X":0.0,"Y":-170.0,"Z":6.005},"Angles":{"W":0.707106769,"X":0.0,"Y":0.0,"Z":-0.707106769}}},"WCID":30468}