{"Label":"Surface","Timestamp":1496988461,"WeenieType":7,"IntValues":{"1":65536,"93":3084,"133":4,"16":32,"111":49},"BoolValues":{"1":true,"11":false,"12":true,"13":true,"15":true},"DoubleValues":{"54":-0.1},"StringValues":{"1":"Surface"},"DIDValues":{"1":33554867,"2":150994947,"8":100667499},"PositionValues":{"2":{"ObjCellID":2048393253,"Origin":{"X":109.8,"Y":110.5,"Z":3.3},"Angles":{"W":0.8976434,"X":0.0,"Y":0.0,"Z":-0.440722585}}},"WCID":30469}