{"Label":"Escape Route","Timestamp":1496988461,"WeenieType":7,"IntValues":{"1":65536,"93":3084,"133":4,"16":32,"111":1},"BoolValues":{"1":true,"11":false,"12":true,"13":true,"15":true},"DoubleValues":{"54":-0.1},"StringValues":{"1":"Escape Route"},"DIDValues":{"1":33554867,"2":150994947,"8":100667499},"PositionValues":{"2":{"ObjCellID":191889688,"Origin":{"X":74.023,"Y":100.849,"Z":90.089},"Angles":{"W":0.008377649,"X":0.0,"Y":0.0,"Z":-0.9999649}}},"WCID":30661}