{"Label":"Balloon","Timestamp":1496988461,"WeenieType":7,"IntValues":{"1":65536,"93":3084,"133":4,"16":32,"111":1},"BoolValues":{"1":true,"11":false,"12":true,"13":true,"15":true},"DoubleValues":{"54":-0.1},"StringValues":{"1":"Balloon"},"DIDValues":{"1":33554867,"2":150994947,"8":100667499},"PositionValues":{"2":{"ObjCellID":288555037,"Origin":{"X":82.887,"Y":118.911,"Z":100.108},"Angles":{"W":0.09387379,"X":0.0,"Y":0.0,"Z":-0.99558413}}},"WCID":30662}