{"Label":"Defiled Temple Lower Wing","Timestamp":1496988461,"WeenieType":7,"IntValues":{"1":65536,"93":3084,"133":4,"16":32,"86":40,"111":17},"BoolValues":{"1":true,"11":false,"12":true,"13":true,"15":true},"DoubleValues":{"54":-0.1},"StringValues":{"1":"Defiled Temple Lower Wing"},"DIDValues":{"1":33555926,"2":150994947,"8":100667499},"PositionValues":{"2":{"ObjCellID":524644,"Origin":{"X":20.0,"Y":-110.0,"Z":0.005},"Angles":{"W":0.707106769,"X":0.0,"Y":0.0,"Z":-0.707106769}}},"WCID":30749}