{"Label":"Battlefield of Ayn Tayn","Timestamp":1496988461,"WeenieType":7,"IntValues":{"1":65536,"93":3084,"133":4,"16":32,"111":1},"BoolValues":{"1":true,"11":false,"12":true,"13":true,"15":true},"DoubleValues":{"54":-0.1},"StringValues":{"1":"Battlefield of Ayn Tayn"},"DIDValues":{"1":33554867,"2":150994947,"8":100667499},"PositionValues":{"2":{"ObjCellID":3242917895,"Origin":{"X":16.4,"Y":159.7,"Z":20.6},"Angles":{"W":-0.766044438,"X":0.0,"Y":0.0,"Z":-0.642787635}}},"WCID":30822}