{"Label":"Inner Stronghold","Timestamp":1496988461,"WeenieType":7,"IntValues":{"1":65536,"93":3084,"133":4,"16":32,"86":80,"111":49},"BoolValues":{"1":true,"11":false,"12":true,"13":true,"15":true},"DoubleValues":{"54":-0.1},"StringValues":{"1":"Inner Stronghold"},"DIDValues":{"1":33555925,"2":150994947,"8":100667499},"PositionValues":{"2":{"ObjCellID":445514338,"Origin":{"X":-75.515,"Y":275.027,"Z":148.405},"Angles":{"W":0.707106769,"X":0.0,"Y":0.0,"Z":-0.707106769}}},"WCID":30846}