{"Label":"Loafers","Timestamp":1496988486,"WeenieType":2,"IntValues":{"93":1044,"1":4,"19":40,"16":1,"9":256,"4":65536,"5":90,"28":10},"BoolValues":{"22":true,"100":true},"DoubleValues":{"13":1.0,"14":0.800000011920929,"15":1.0,"16":0.5,"17":0.5,"18":0.30000001192092896,"19":0.60000002384185791,"165":1.0},"StringValues":{"1":"Loafers"},"DIDValues":{"6":67108990,"3":536870932,"22":872415275,"1":33559324,"8":100682415},"WCID":31237,"Extra1":{"unknown":126,"Items":[{"Component1":1488,"Component2":160,"Component3":8}]}}