{"Label":"Poet's Shirt","Timestamp":1496988466,"WeenieType":2,"IntValues":{"93":1044,"1":4,"19":30,"16":1,"9":30,"4":104,"5":75,"28":0},"BoolValues":{"22":true,"100":true},"DoubleValues":{"13":0.800000011920929,"14":0.800000011920929,"15":1.0,"16":0.20000000298023224,"17":0.20000000298023224,"18":0.10000000149011612,"19":0.20000000298023224,"165":1.0},"StringValues":{"1":"Poet's Shirt"},"DIDValues":{"6":67108990,"3":536870932,"22":872415275,"1":33554854,"8":100682373},"WCID":31239,"Extra1":{"unknown":126,"Items":[{"Component1":1510,"Component2":40,"Component3":24}]},"Extra2Items":[{"Component1":0,"Component2":981,"Component3":10895},{"Component1":0,"Component2":980,"Component3":10896},{"Component1":0,"Component2":716,"Component3":10897}],"Extra3Items":[{"Component1":0,"Component2":2319}]}