{"Label":"Creepy Canyons","Timestamp":1496988461,"WeenieType":7,"IntValues":{"93":3084,"1":65536,"16":32,"133":4,"86":100,"111":1},"BoolValues":{"1":true},"DoubleValues":{"54":-0.10000000149011612},"StringValues":{"1":"Creepy Canyons"},"DIDValues":{"2":150994947,"1":33555925,"8":100667499},"PositionValues":{"2":{"ObjCellID":3211526,"Origin":{"X":192.483444,"Y":-150.937347,"Z":-89.9949951},"Angles":{"W":0.5512813,"X":0.0,"Y":0.0,"Z":-0.8343195}}},"WCID":31315}