{"Label":"Surface","Timestamp":1496988461,"WeenieType":7,"IntValues":{"93":3084,"1":65536,"16":32,"133":4,"111":1},"BoolValues":{"1":true},"DoubleValues":{"54":-0.10000000149011612},"StringValues":{"1":"Surface"},"DIDValues":{"2":150994947,"1":33554867,"8":100667499},"PositionValues":{"2":{"ObjCellID":260374562,"Origin":{"X":113.08593,"Y":35.3865929,"Z":15.0571232},"Angles":{"W":-0.9961947,"X":0.0,"Y":0.0,"Z":-0.08715564}}},"WCID":31314}