{"Label":"Surface","Timestamp":1496988594,"WeenieType":7,"IntValues":{"93":3084,"1":65536,"16":32,"133":4,"86":150,"111":49},"BoolValues":{"1":true},"DoubleValues":{"54":-0.10000000149011612},"StringValues":{"1":"Surface"},"DIDValues":{"2":150994947,"1":33555925,"8":100667499},"PositionValues":{"2":{"ObjCellID":168755251,"Origin":{"X":158.842545,"Y":57.41572,"Z":281.005},"Angles":{"W":-0.9238795,"X":0.0,"Y":0.0,"Z":-0.3826835}}},"WCID":31420}