{"Label":"Lost Desert Archive","Timestamp":1496988598,"WeenieType":7,"IntValues":{"93":3084,"1":65536,"16":32,"133":4,"86":40,"111":49},"BoolValues":{"1":true},"DoubleValues":{"54":-0.10000000149011612},"StringValues":{"1":"Lost Desert Archive"},"DIDValues":{"2":150994947,"1":33555926,"8":100667499},"PositionValues":{"2":{"ObjCellID":3539260,"Origin":{"X":0.0,"Y":-10.0,"Z":0.0},"Angles":{"W":0.707106769,"X":0.0,"Y":0.0,"Z":-0.707106769}}},"WCID":31436}