{"Label":"Lost Coastal Archive","Timestamp":1496988468,"WeenieType":7,"IntValues":{"93":3084,"1":65536,"16":32,"133":4,"86":40,"111":49},"BoolValues":{"1":true},"DoubleValues":{"54":-0.10000000149011612},"StringValues":{"1":"Lost Coastal Archive"},"DIDValues":{"2":150994947,"1":33555926,"8":100667499},"PositionValues":{"2":{"ObjCellID":3473893,"Origin":{"X":220.0,"Y":-10.0,"Z":0.00599998236},"Angles":{"W":0.0,"X":0.0,"Y":0.0,"Z":-1.0}}},"WCID":31434}