{"Label":"Surface","Timestamp":1496988624,"WeenieType":7,"IntValues":{"93":3084,"1":65536,"16":32,"133":4,"111":49},"BoolValues":{"1":true},"DoubleValues":{"54":-0.10000000149011612},"StringValues":{"1":"Surface"},"DIDValues":{"2":150994947,"1":33554867,"8":100667499},"PositionValues":{"2":{"ObjCellID":3219914789,"Origin":{"X":102.0,"Y":101.5,"Z":-0.895},"Angles":{"W":-0.707106769,"X":0.0,"Y":0.0,"Z":-0.707106769}}},"WCID":31884}