{"Label":"Gatekeepers","Timestamp":1496988589,"WeenieType":7,"IntValues":{"93":3084,"1":65536,"16":32,"133":4,"86":130,"111":17},"BoolValues":{"1":true},"DoubleValues":{"54":-0.10000000149011612},"StringValues":{"1":"Gatekeepers"},"DIDValues":{"2":150994947,"1":33555925,"8":100667499},"PositionValues":{"2":{"ObjCellID":2031157312,"Origin":{"X":175.9,"Y":175.86,"Z":200.005},"Angles":{"W":-0.9659258,"X":0.0,"Y":0.0,"Z":-0.258819133}}},"WCID":31892}