{"Label":"Wave Golem","Timestamp":1496988464,"WeenieType":10,"IntValues":{"93":1032,"1":16,"6":255,"7":255,"16":1,"133":2},"BoolValues":{"1":true},"DoubleValues":{"39":1.1000000238418579,"76":0.20000000298023224},"StringValues":{"1":"Wave Golem"},"DIDValues":{"2":150995073,"3":536871067,"22":872415330,"1":33556454,"8":100667940},"WCID":31919}