{"Label":"Egg Orchard East","Timestamp":1496988467,"WeenieType":7,"IntValues":{"93":3084,"1":65536,"16":32,"133":4,"86":140,"26":1,"111":1},"BoolValues":{"1":true},"DoubleValues":{"54":-0.10000000149011612},"StringValues":{"1":"Egg Orchard East"},"DIDValues":{"2":150994947,"1":33555925,"8":100667499},"PositionValues":{"2":{"ObjCellID":6554481,"Origin":{"X":458.535,"Y":-172.203,"Z":0.004999995},"Angles":{"W":0.9330069,"X":0.0,"Y":0.0,"Z":-0.3598585}}},"WCID":31926}