{"Label":"Sanctum of Xik Minru","Timestamp":1496988595,"WeenieType":7,"IntValues":{"93":3084,"1":65536,"16":32,"133":4,"86":130,"111":49},"BoolValues":{"1":true},"DoubleValues":{"54":-0.10000000149011612},"StringValues":{"1":"Sanctum of Xik Minru"},"DIDValues":{"2":150994947,"1":33555925,"8":100667499},"PositionValues":{"2":{"ObjCellID":15729074,"Origin":{"X":70.0,"Y":-80.0,"Z":12.0049992},"Angles":{"W":1.0,"X":0.0,"Y":0.0,"Z":0.0}}},"WCID":32039}