{"Label":"Southern Courtyard","Timestamp":1496988595,"WeenieType":7,"IntValues":{"93":3084,"1":65536,"16":32,"133":4,"86":130,"111":49},"BoolValues":{"1":true},"DoubleValues":{"54":-0.10000000149011612},"StringValues":{"1":"Southern Courtyard"},"DIDValues":{"2":150994947,"1":33555925,"8":100667499},"PositionValues":{"2":{"ObjCellID":3587833889,"Origin":{"X":108.0544,"Y":14.88862,"Z":116.005005},"Angles":{"W":1.0,"X":0.0,"Y":0.0,"Z":0.0}}},"WCID":32043}