{"Label":"Shadow Wings Breastplate","Timestamp":1496988515,"WeenieType":2,"IntValues":{"93":1044,"1":2,"19":10000,"16":1,"9":512,"4":1024,"5":3100,"151":2,"28":210},"BoolValues":{"22":true},"DoubleValues":{"13":1.2999999523162842,"14":1.0,"15":1.0,"16":0.800000011920929,"17":0.800000011920929,"18":0.800000011920929,"19":0.800000011920929,"165":1.0},"StringValues":{"1":"Shadow Wings Breastplate"},"DIDValues":{"3":536870932,"22":872415275,"1":33559762,"8":100688450},"WCID":32148,"Extra3Items":[{"Component1":0,"Component2":15654}]}