{"Label":"Bathrobe of Ordinary Comfort","Timestamp":1496988593,"WeenieType":2,"IntValues":{"93":1044,"1":4,"19":1000,"16":1,"9":32512,"4":16128,"5":200,"151":2,"28":50},"BoolValues":{"22":true},"DoubleValues":{"13":0.800000011920929,"14":0.5,"15":1.0,"16":1.5,"17":0.0,"18":0.0,"19":0.30000001192092896,"165":1.0},"StringValues":{"1":"Bathrobe of Ordinary Comfort"},"DIDValues":{"6":67108990,"3":536870932,"22":872415275,"1":33554854,"8":100688497},"WCID":32152,"Extra1":{"unknown":126,"Items":[{"Component1":7928,"Component2":174,"Component3":66}]},"Extra2Items":[{"Component1":0,"Component2":981,"Component3":9064},{"Component1":0,"Component2":980,"Component3":9065},{"Component1":0,"Component2":2992,"Component3":9063},{"Component1":0,"Component2":3262,"Component3":9068}],"Extra3Items":[{"Component1":0,"Component2":1151}]}