{"Label":"Snowman Mask with Hat","Timestamp":1496988559,"WeenieType":2,"IntValues":{"93":1044,"1":2,"19":200,"16":1,"9":1,"4":16384,"5":300,"151":2,"28":10},"BoolValues":{"22":true},"DoubleValues":{"13":0.28999999165534973,"14":0.5,"15":0.28999999165534973,"16":0.28999999165534973,"17":0.43000000715255737,"18":0.28999999165534973,"19":0.28999999165534973,"165":1.0},"StringValues":{"1":"Snowman Mask with Hat"},"DIDValues":{"3":536870932,"22":872415275,"1":33559774,"8":100688438},"WCID":32166}