{"Label":"Giant Snowman Mask","Timestamp":1496988491,"WeenieType":2,"IntValues":{"93":1044,"1":2,"19":200,"16":1,"9":1,"4":16384,"5":150,"151":2,"28":10},"BoolValues":{"22":true},"DoubleValues":{"13":0.5,"14":0.40000000596046448,"15":0.40000000596046448,"16":0.60000002384185791,"17":0.20000000298023224,"18":0.75,"19":0.34999999403953552,"165":1.0},"StringValues":{"1":"Giant Snowman Mask"},"DIDValues":{"3":536870932,"22":872415275,"1":33559773,"8":100688439},"WCID":32165}