{"Label":"Festival Lights","Timestamp":1496988494,"WeenieType":1,"IntValues":{"93":1044,"1":128,"19":5000,"16":1,"5":50,"151":6},"BoolValues":{"22":true},"DoubleValues":{"39":0.30000001192092896,"76":0.30000001192092896},"StringValues":{"1":"Festival Lights"},"DIDValues":{"3":536870932,"22":872415275,"1":33559751,"8":100688463},"WCID":32211}