{"Label":"Temple of the Stirring Shadow","Timestamp":1496988636,"WeenieType":7,"IntValues":{"93":3084,"1":65536,"16":32,"133":4,"86":80,"111":49},"BoolValues":{"1":true},"DoubleValues":{"54":-0.10000000149011612},"StringValues":{"1":"Temple of the Stirring Shadow"},"DIDValues":{"2":150994947,"1":33555925,"8":100667499},"PositionValues":{"2":{"ObjCellID":4522690,"Origin":{"X":40.0,"Y":-420.0,"Z":0.00599998236},"Angles":{"W":0.707106769,"X":0.0,"Y":0.0,"Z":-0.707106769}}},"WCID":32508}