{"Label":"Yanshi Lower Undermine","Timestamp":1496988518,"WeenieType":7,"IntValues":{"93":3084,"1":65536,"16":32,"133":4,"86":100,"111":49},"BoolValues":{"1":true},"DoubleValues":{"54":-0.10000000149011612},"StringValues":{"1":"Yanshi Lower Undermine"},"DIDValues":{"2":150994947,"1":33555925,"8":100667499},"PositionValues":{"2":{"ObjCellID":4587790,"Origin":{"X":10.0,"Y":-270.0,"Z":0.004999995},"Angles":{"W":0.707106769,"X":0.0,"Y":0.0,"Z":-0.707106769}}},"WCID":32518}