{"Label":"Yanshi Upper Undermine","Timestamp":1496988518,"WeenieType":7,"IntValues":{"93":3084,"1":65536,"16":32,"133":4,"86":100,"111":49},"BoolValues":{"1":true},"DoubleValues":{"54":-0.10000000149011612},"StringValues":{"1":"Yanshi Upper Undermine"},"DIDValues":{"2":150994947,"1":33555925,"8":100667499},"PositionValues":{"2":{"ObjCellID":4588098,"Origin":{"X":360.0,"Y":-240.0,"Z":12.0049992},"Angles":{"W":0.707106769,"X":0.0,"Y":0.0,"Z":-0.707106769}}},"WCID":32517}