{"Label":"Translated Bound Falatacot Fragment","Timestamp":1496988578,"WeenieType":8,"IntValues":{"93":1044,"1":8192,"16":8,"5":5,"151":2},"DoubleValues":{"39":1.2200000286102295,"54":0.30000001192092896},"StringValues":{"1":"Translated Bound Falatacot Fragment"},"DIDValues":{"3":536870932,"22":872415275,"1":33554773,"8":100668176},"WCID":33003}