{"Label":"Dardante's Viamontian Propaganda","Timestamp":1496988599,"WeenieType":8,"IntValues":{"93":1044,"1":8192,"16":8,"5":10},"DoubleValues":{"39":1.2200000286102295,"54":0.30000001192092896},"StringValues":{"1":"Dardante's Viamontian Propaganda"},"DIDValues":{"3":536870932,"22":872415275,"1":33554773,"8":100674008},"WCID":33031}