{"Label":"Fleshy Trove","Timestamp":1496988565,"WeenieType":21,"IntValues":{"93":1048,"1":512,"6":120,"7":10,"19":2500,"16":48,"5":10247},"BoolValues":{"1":true},"DoubleValues":{"39":1.1000000238418579,"76":0.60000002384185791,"54":2.0},"StringValues":{"1":"Fleshy Trove"},"DIDValues":{"2":150994980,"3":536870991,"22":872415275,"1":33559939,"8":100670890},"WCID":33161}