{"Label":"Enraged Ancient Soul","Timestamp":1496988576,"WeenieType":10,"IntValues":{"93":1032,"1":16,"6":255,"7":255,"16":1,"133":2},"BoolValues":{"1":true},"DoubleValues":{"39":1.2999999523162842,"76":0.60000002384185791},"StringValues":{"1":"Enraged Ancient Soul"},"DIDValues":{"6":67114480,"2":150994967,"3":536870934,"22":872415272,"1":33558436,"8":100674805},"WCID":33285,"Extra1":{"unknown":5616,"Items":[{"Component1":5615,"Component2":0,"Component3":0}]}}