{"Label":"Temple of N'cthail","Timestamp":1496988576,"WeenieType":7,"IntValues":{"93":3084,"1":65536,"16":32,"133":4,"86":100,"111":49},"BoolValues":{"1":true},"DoubleValues":{"54":-0.10000000149011612},"StringValues":{"1":"Temple of N'cthail"},"DIDValues":{"2":150994947,"1":33557581,"8":100667499},"PositionValues":{"2":{"ObjCellID":3286433817,"Origin":{"X":83.99432,"Y":8.87318,"Z":5.005},"Angles":{"W":1.0,"X":0.0,"Y":0.0,"Z":0.0}}},"WCID":33295}