{"Label":"Asheron's Island","Timestamp":1496988465,"WeenieType":7,"IntValues":{"93":3084,"1":65536,"16":32,"133":4,"111":49},"BoolValues":{"1":true},"DoubleValues":{"54":-0.10000000149011612},"StringValues":{"1":"Asheron's Island"},"DIDValues":{"2":150994947,"1":33556212,"8":100667499},"PositionValues":{"2":{"ObjCellID":3599958021,"Origin":{"X":18.435,"Y":113.644,"Z":-0.09500003},"Angles":{"W":1.0,"X":0.0,"Y":0.0,"Z":0.0}}},"WCID":33558}