{"Label":"Mukkir-Infested Black Spear Temple","Timestamp":1496988577,"WeenieType":7,"IntValues":{"93":3084,"1":65536,"16":32,"133":4,"86":151,"111":49},"BoolValues":{"1":true},"DoubleValues":{"54":-0.10000000149011612},"StringValues":{"1":"Mukkir-Infested Black Spear Temple"},"DIDValues":{"2":150994947,"1":33555925,"8":100667499},"PositionValues":{"2":{"ObjCellID":7734379,"Origin":{"X":91.533,"Y":-58.586,"Z":0.005},"Angles":{"W":0.9238795,"X":0.0,"Y":0.0,"Z":-0.382683456}}},"WCID":33774}