{"Label":"Surface","Timestamp":1496988468,"WeenieType":7,"IntValues":{"93":3084,"1":65536,"16":32,"133":4,"111":1},"BoolValues":{"1":true},"DoubleValues":{"54":-0.10000000149011612},"StringValues":{"1":"Surface"},"DIDValues":{"2":150994947,"1":33554867,"8":100667499},"PositionValues":{"2":{"ObjCellID":306512128,"Origin":{"X":92.525,"Y":169.964,"Z":-5.195},"Angles":{"W":-0.0784590542,"X":0.0,"Y":0.0,"Z":-0.9969173}}},"WCID":33986}