{"Label":"Deepest Caves","Timestamp":1496988634,"WeenieType":7,"IntValues":{"93":3084,"1":65536,"16":32,"133":4,"111":17},"BoolValues":{"1":true},"DoubleValues":{"54":-0.10000000149011612},"StringValues":{"1":"Deepest Caves"},"DIDValues":{"2":150994947,"1":33555925,"8":100667499},"PositionValues":{"2":{"ObjCellID":13697719,"Origin":{"X":160.0,"Y":-150.0,"Z":-26.9820023},"Angles":{"W":1.0,"X":0.0,"Y":0.0,"Z":0.0}}},"WCID":34020}