{"Label":"The Rise and Fall of the Tanada","Timestamp":1496988482,"WeenieType":8,"IntValues":{"93":1044,"1":8192,"16":8,"5":200,"151":2},"DoubleValues":{"39":1.2200000286102295,"54":0.30000001192092896},"StringValues":{"1":"The Rise and Fall of the Tanada"},"DIDValues":{"3":536870932,"22":872415275,"1":33554771,"8":100668117},"WCID":34299}