{"Label":"Copy of Soul Hunter's Orders","Timestamp":1496988517,"WeenieType":8,"IntValues":{"93":1044,"1":8192,"16":8,"5":100},"DoubleValues":{"39":1.2200000286102295,"54":0.30000001192092896},"StringValues":{"1":"Copy of Soul Hunter's Orders"},"DIDValues":{"3":536870932,"22":872415275,"1":33554771,"8":100668117},"WCID":34317}