{"Label":"Gateway to the Halls of Metos","Timestamp":1496988472,"WeenieType":7,"IntValues":{"93":3084,"1":65536,"16":32,"133":4},"BoolValues":{"1":true},"DoubleValues":{"54":-0.10000000149011612},"StringValues":{"1":"Gateway to the Halls of Metos"},"DIDValues":{"2":150994947,"1":33555923,"8":100667499},"PositionValues":{"2":{"ObjCellID":1160904718,"Origin":{"X":28.7,"Y":126.5,"Z":70.0050049},"Angles":{"W":0.9238795,"X":0.0,"Y":0.0,"Z":-0.382683456}}},"WCID":34438}