{"Label":"The Colosseum","Timestamp":1496988472,"WeenieType":7,"IntValues":{"93":66580,"1":65536,"16":32,"133":4,"111":1},"BoolValues":{"1":true},"DoubleValues":{"54":0.800000011920929},"StringValues":{"1":"The Colosseum"},"DIDValues":{"3":536871008,"1":33558268,"8":100674152},"PositionValues":{"2":{"ObjCellID":11469080,"Origin":{"X":40.0,"Y":-13.1651,"Z":0.004999995},"Angles":{"W":1.0,"X":0.0,"Y":0.0,"Z":0.0}}},"WCID":34508}