{"Label":"Arena 3","Timestamp":1496988474,"WeenieType":7,"IntValues":{"93":66576,"1":65536,"16":32,"133":4,"111":49},"BoolValues":{"1":true},"DoubleValues":{"54":0.30000001192092896},"StringValues":{"1":"Arena 3"},"DIDValues":{"1":33560143,"8":100677070},"PositionValues":{"2":{"ObjCellID":11534693,"Origin":{"X":30.0,"Y":-1393.0,"Z":0.004999995},"Angles":{"W":1.0,"X":0.0,"Y":0.0,"Z":0.0}}},"WCID":34518}