{"Label":"Return to the Hall of Champions","Timestamp":1496988522,"WeenieType":7,"IntValues":{"93":66576,"1":65536,"16":32,"133":4,"111":49},"BoolValues":{"1":true},"DoubleValues":{"54":0.30000001192092896},"StringValues":{"1":"Return to the Hall of Champions"},"DIDValues":{"1":33560143,"8":100677070},"PositionValues":{"2":{"ObjCellID":11469080,"Origin":{"X":40.0,"Y":-13.1651,"Z":0.004999995},"Angles":{"W":1.0,"X":0.0,"Y":0.0,"Z":0.0}}},"WCID":34534}