{"Label":"Bone Bow","Timestamp":1496988602,"WeenieType":1,"IntValues":{"93":1044,"1":256,"50":1,"19":400,"16":1,"51":2,"9":4194304,"5":980,"151":2,"353":8,"45":0,"49":0,"48":47,"44":24},"BoolValues":{"22":true},"DoubleValues":{"39":1.1000000238418579,"29":1.2000000029802322,"22":0.0,"63":1.5,"21":0.0,"26":27.3,"62":1.2000000029802322},"StringValues":{"1":"Bone Bow"},"DIDValues":{"3":536870932,"22":872415275,"1":33560183,"8":100689316},"WCID":34581}