{"Label":"Portal Summoning Site","Timestamp":1496988619,"WeenieType":7,"IntValues":{"93":3084,"1":65536,"16":32,"133":4,"111":49},"BoolValues":{"1":true},"DoubleValues":{"54":-0.10000000149011612},"StringValues":{"1":"Portal Summoning Site"},"DIDValues":{"2":150994947,"1":33554867,"8":100667499},"PositionValues":{"2":{"ObjCellID":2782068800,"Origin":{"X":178.0,"Y":185.0,"Z":394.0},"Angles":{"W":-0.3826834,"X":0.0,"Y":0.0,"Z":-0.923879564}}},"WCID":34603}