{"Label":"Deep Guruk Caverns","Timestamp":1496988602,"WeenieType":7,"IntValues":{"93":3084,"1":65536,"16":32,"133":4},"BoolValues":{"1":true},"DoubleValues":{"54":-0.10000000149011612},"StringValues":{"1":"Deep Guruk Caverns"},"DIDValues":{"2":150995314,"1":33560216,"8":100667499},"PositionValues":{"2":{"ObjCellID":13893980,"Origin":{"X":120.003227,"Y":-129.66188,"Z":-29.995},"Angles":{"W":0.0,"X":0.0,"Y":0.0,"Z":-1.0}}},"WCID":34767}