{"Label":"Northern Catacombs","Timestamp":1496988567,"WeenieType":7,"IntValues":{"93":3084,"1":65536,"16":32,"133":4,"111":49},"BoolValues":{"1":true},"DoubleValues":{"54":-0.10000000149011612},"StringValues":{"1":"Northern Catacombs"},"DIDValues":{"2":150995314,"1":33560223,"8":100667499},"PositionValues":{"2":{"ObjCellID":13763857,"Origin":{"X":110.656296,"Y":-215.028,"Z":-11.9950008},"Angles":{"W":0.262694567,"X":0.0,"Y":0.0,"Z":-0.964879036}}},"WCID":34829}