{"Label":"Southern Catacombs Exit","Timestamp":1496988580,"WeenieType":7,"IntValues":{"93":3084,"1":65536,"16":32,"133":4,"111":49},"BoolValues":{"1":true},"DoubleValues":{"54":-0.10000000149011612},"StringValues":{"1":"Southern Catacombs Exit"},"DIDValues":{"2":150995314,"1":33560217,"8":100667499},"PositionValues":{"2":{"ObjCellID":10224121,"Origin":{"X":388.5,"Y":-70.0,"Z":-23.995},"Angles":{"W":-0.707106769,"X":0.0,"Y":0.0,"Z":-0.707106769}}},"WCID":34828}