{"Label":"Eastern Catacombs","Timestamp":1496988567,"WeenieType":7,"IntValues":{"93":3084,"1":65536,"16":32,"133":4,"111":49},"BoolValues":{"1":true},"DoubleValues":{"54":-0.10000000149011612},"StringValues":{"1":"Eastern Catacombs"},"DIDValues":{"2":150995314,"1":33560222,"8":100667499},"PositionValues":{"2":{"ObjCellID":13829429,"Origin":{"X":120.0,"Y":-210.0,"Z":-11.9950008},"Angles":{"W":1.0,"X":0.0,"Y":0.0,"Z":0.0}}},"WCID":34831}