{"Label":"Kor-Gursha ","Timestamp":1496988601,"WeenieType":7,"IntValues":{"93":3084,"1":65536,"16":32,"133":4,"111":49},"BoolValues":{"1":true},"DoubleValues":{"54":-0.10000000149011612},"StringValues":{"1":"Kor-Gursha "},"DIDValues":{"2":150995314,"1":33560217,"8":100667499},"PositionValues":{"2":{"ObjCellID":10224199,"Origin":{"X":160.0,"Y":-70.0,"Z":-17.995},"Angles":{"W":0.707106769,"X":0.0,"Y":0.0,"Z":-0.707106769}}},"WCID":34844}