{"Label":"Ancient Counselor","Timestamp":1496988602,"WeenieType":10,"IntValues":{"93":1032,"1":16,"6":255,"7":255,"16":1,"133":2},"BoolValues":{"1":true},"DoubleValues":{"39":1.2999999523162842,"76":0.60000002384185791},"StringValues":{"1":"Ancient Counselor"},"DIDValues":{"6":67114480,"2":150994967,"3":536870934,"22":872415272,"1":33558437,"8":100674805},"WCID":34974,"Extra1":{"unknown":5616,"Items":[{"Component1":5619,"Component2":0,"Component3":0}]},"Extra2Items":[{"Component1":16,"Component2":8647,"Component3":8649}],"Extra3Items":[{"Component1":16,"Component2":12275}]}