{"Label":"Asheron's Castle","Timestamp":1496988461,"WeenieType":7,"IntValues":{"93":66580,"1":65536,"16":32,"133":4,"111":49},"BoolValues":{"1":true},"DoubleValues":{"54":0.800000011920929},"StringValues":{"1":"Asheron's Castle"},"DIDValues":{"3":536871008,"1":33558268,"8":100674152},"PositionValues":{"2":{"ObjCellID":3583639609,"Origin":{"X":177.0,"Y":1.21,"Z":373.500824},"Angles":{"W":0.0,"X":0.0,"Y":0.0,"Z":-1.0}}},"WCID":35293}