{"Label":"Spectral Chill Bolt","Timestamp":1496988461,"WeenieType":1,"IntValues":{"93":132116,"1":256,"50":2,"19":2117,"16":1,"18":128,"51":3,"12":2117,"11":5000,"9":8388608,"5":2117,"151":2},"DoubleValues":{"39":1.1000000238418579,"78":1.0,"79":0.0,"76":0.800000011920929},"StringValues":{"1":"Spectral Chill Bolt"},"DIDValues":{"6":67111919,"3":536870932,"22":872415275,"1":33555694,"8":100672655},"WCID":35622,"Extra1":{"unknown":3055,"Items":[{"Component1":3063,"Component2":0,"Component3":0}]},"Extra3Items":[{"Component1":0,"Component2":679}]}