{"Label":"Deeper Catacombs","Timestamp":1496988476,"WeenieType":7,"IntValues":{"93":3084,"1":65536,"16":32,"133":4,"86":60,"111":49},"BoolValues":{"1":true},"DoubleValues":{"54":-0.10000000149011612},"StringValues":{"1":"Deeper Catacombs"},"DIDValues":{"2":150994947,"1":33555925,"8":100667499},"PositionValues":{"2":{"ObjCellID":8913787,"Origin":{"X":59.456,"Y":-59.5175,"Z":0.004999995},"Angles":{"W":-0.9238795,"X":0.0,"Y":0.0,"Z":-0.3826835}}},"WCID":35820}