{"Label":"Paradox-Touched Olthoi Queen's Lair","Timestamp":1496988490,"WeenieType":7,"IntValues":{"93":3084,"1":65536,"16":32,"133":4,"86":120,"111":49},"BoolValues":{"1":true},"DoubleValues":{"54":-0.10000000149011612},"StringValues":{"1":"Paradox-Touched Olthoi Queen's Lair"},"DIDValues":{"2":150994947,"1":33555925,"8":100667499},"PositionValues":{"2":{"ObjCellID":3350659355,"Origin":{"X":-108.681,"Y":61.0247,"Z":96.4},"Angles":{"W":0.9238795,"X":0.0,"Y":0.0,"Z":-0.382683456}}},"WCID":35935}