{"Label":"Surface","Timestamp":1496988487,"WeenieType":7,"IntValues":{"93":3084,"1":65536,"16":32,"133":4,"111":17},"BoolValues":{"1":true},"DoubleValues":{"54":-0.10000000149011612},"StringValues":{"1":"Surface"},"DIDValues":{"2":150994947,"1":33554867,"8":100667499},"PositionValues":{"2":{"ObjCellID":3932946779,"Origin":{"X":194.8,"Y":147.8,"Z":-11.195},"Angles":{"W":0.976296,"X":0.0,"Y":0.0,"Z":-0.21643962}}},"WCID":35947}