{"Label":"Whispering Caverns","Timestamp":1496988468,"WeenieType":7,"IntValues":{"93":3084,"1":65536,"16":32,"133":4,"86":130,"111":17},"BoolValues":{"1":true},"DoubleValues":{"54":-0.10000000149011612},"StringValues":{"1":"Whispering Caverns"},"DIDValues":{"2":150994947,"1":33555925,"8":100667499},"PositionValues":{"2":{"ObjCellID":4135714867,"Origin":{"X":145.7,"Y":49.855,"Z":58.005},"Angles":{"W":-0.467544079,"X":0.0,"Y":0.0,"Z":-0.8839698}}},"WCID":35946}