{"Label":"Shadow Coconut","Timestamp":1496988487,"WeenieType":1,"IntValues":{"93":132116,"1":256,"19":1,"16":1,"51":2,"12":1,"11":30,"9":4194304,"5":20},"BoolValues":{"1":true},"DoubleValues":{"39":0.800000011920929,"78":1.0,"79":0.0,"76":0.699999988079071},"StringValues":{"1":"Shadow Coconut"},"DIDValues":{"6":67111928,"3":536871061,"22":872415275,"1":33559853,"8":100668730},"WCID":35955,"Extra1":{"unknown":3064,"Items":[{"Component1":3061,"Component2":0,"Component3":0}]},"Extra2Items":[{"Component1":0,"Component2":11348,"Component3":11348}],"Extra3Items":[{"Component1":0,"Component2":15756}]}