{"Label":"Havala's Composite Atlatl Manual","Timestamp":1496988482,"WeenieType":8,"IntValues":{"93":1044,"1":8192,"16":8,"5":160},"DoubleValues":{"39":1.2200000286102295,"54":0.30000001192092896},"StringValues":{"1":"Havala's Composite Atlatl Manual"},"DIDValues":{"3":536870932,"22":872415275,"1":33554771,"8":100668117},"WCID":35963}