{"Label":"Surface","Timestamp":1496988492,"WeenieType":7,"IntValues":{"93":3084,"1":65536,"16":32,"133":4,"111":49},"BoolValues":{"1":true},"DoubleValues":{"54":-0.10000000149011612},"StringValues":{"1":"Surface"},"DIDValues":{"2":150994947,"1":33554867,"8":100667499},"PositionValues":{"2":{"ObjCellID":168558611,"Origin":{"X":59.5,"Y":57.4,"Z":21.2216663},"Angles":{"W":-0.3826834,"X":0.0,"Y":0.0,"Z":-0.923879564}}},"WCID":36218}