{"Label":"Wandering Ghost","Timestamp":1496988488,"WeenieType":1,"IntValues":{"93":1044,"1":128,"19":1650,"16":1,"5":1650,"151":31},"BoolValues":{"22":true},"DoubleValues":{"39":0.30000001192092896,"76":0.699999988079071},"StringValues":{"1":"Wandering Ghost"},"DIDValues":{"6":67115251,"2":150995420,"3":536871094,"22":872415403,"1":33558816,"8":100676679},"WCID":36450,"Extra1":{"unknown":6387,"Items":[{"Component1":6390,"Component2":0,"Component3":0}]}}