{"Label":"Emissary's Return Portal","Timestamp":1496988615,"WeenieType":7,"IntValues":{"93":3092,"1":65536,"16":32,"133":4,"111":49},"BoolValues":{"1":true},"DoubleValues":{"54":0.10000000149011612},"StringValues":{"1":"Emissary's Return Portal"},"DIDValues":{"2":150994947,"1":33556212,"8":100667499},"PositionValues":{"2":{"ObjCellID":12583324,"Origin":{"X":80.0,"Y":-90.0,"Z":0.00599998236},"Angles":{"W":1.0,"X":0.0,"Y":0.0,"Z":0.0}}},"WCID":37047}