{"Label":"Device Room Portal","Timestamp":1496988609,"WeenieType":7,"IntValues":{"93":1036,"1":65536,"16":32,"133":4,"111":49},"BoolValues":{"1":true},"DoubleValues":{"54":-0.10000000149011612},"StringValues":{"1":"Device Room Portal"},"DIDValues":{"2":150994947,"1":33555925,"8":100667499},"PositionValues":{"2":{"ObjCellID":12583324,"Origin":{"X":80.0,"Y":-90.0,"Z":0.00599998236},"Angles":{"W":0.0,"X":0.0,"Y":0.0,"Z":-1.0}}},"WCID":37115}