{"Label":"Surface","Timestamp":1496988478,"WeenieType":7,"IntValues":{"93":3084,"1":65536,"16":32,"133":4,"111":49},"BoolValues":{"1":true},"DoubleValues":{"54":-0.10000000149011612},"StringValues":{"1":"Surface"},"DIDValues":{"2":150994947,"1":33554867,"8":100667499},"PositionValues":{"2":{"ObjCellID":2156855316,"Origin":{"X":55.8114929,"Y":83.31913,"Z":124.005005},"Angles":{"W":0.0,"X":0.0,"Y":0.0,"Z":-1.0}}},"WCID":37164}