{"Label":"Armory","Timestamp":1496988634,"WeenieType":7,"IntValues":{"93":68624,"1":65536,"16":32,"133":4},"BoolValues":{"1":true},"DoubleValues":{"39":1.2000000476837158,"54":0.5},"StringValues":{"1":"Armory"},"DIDValues":{"3":536871008,"1":33558268,"8":100674152},"PositionValues":{"2":{"ObjCellID":15336195,"Origin":{"X":90.4636841,"Y":-86.92364,"Z":-41.995},"Angles":{"W":1.0,"X":0.0,"Y":0.0,"Z":0.0}}},"WCID":37513}