{"Label":"Blight Spirit","Timestamp":1496988467,"WeenieType":10,"IntValues":{"93":1032,"1":16,"6":255,"7":255,"16":1,"133":2},"BoolValues":{"1":true},"DoubleValues":{"39":1.2000000476837158,"76":0.60000002384185791},"StringValues":{"1":"Blight Spirit"},"DIDValues":{"6":67115251,"2":150995302,"3":536871094,"22":872415403,"1":33558816,"8":100676679},"WCID":37601,"Extra1":{"unknown":6387,"Items":[{"Component1":6390,"Component2":0,"Component3":0}]}}