{"Label":"Piece of K'nath Core","Timestamp":1496988461,"WeenieType":1,"IntValues":{"93":3092,"1":128,"16":1,"5":100},"BoolValues":{"22":true},"DoubleValues":{"39":0.20000000298023224,"76":0.60000002384185791},"StringValues":{"1":"Piece of K'nath Core"},"DIDValues":{"3":536870932,"22":872415275,"1":33560632,"8":100689940},"WCID":38013}