{"Label":"Ithaenc Archipelago","Timestamp":1496988477,"WeenieType":7,"IntValues":{"93":3084,"1":65536,"16":32,"133":4,"111":49},"BoolValues":{"1":true},"DoubleValues":{"54":-0.10000000149011612},"StringValues":{"1":"Ithaenc Archipelago"},"DIDValues":{"2":150995314,"1":33560217,"8":100667499},"PositionValues":{"2":{"ObjCellID":3994550298,"Origin":{"X":84.265564,"Y":44.03476,"Z":23.3414612},"Angles":{"W":1.0,"X":0.0,"Y":0.0,"Z":0.0}}},"WCID":38075}