{"Label":"Gardens of Menilesh","Timestamp":1496988467,"WeenieType":7,"IntValues":{"93":3084,"1":65536,"16":32,"133":4,"86":150,"111":49},"BoolValues":{"1":true},"DoubleValues":{"54":-0.10000000149011612},"StringValues":{"1":"Gardens of Menilesh"},"DIDValues":{"2":150994947,"1":33555925,"8":100667499},"PositionValues":{"2":{"ObjCellID":15139459,"Origin":{"X":80.0,"Y":-60.0,"Z":48.005},"Angles":{"W":0.2756374,"X":0.0,"Y":0.0,"Z":-0.9612617}}},"WCID":38086}