{"Label":"A Field Guide to Tainted Nodes","Timestamp":1496988461,"WeenieType":8,"IntValues":{"93":1044,"1":8192,"16":8,"5":160,"19":0,"174":4,"175":4},"DoubleValues":{"39":1.2200000286102295,"54":0.30000001192092896},"StringValues":{"1":"A Field Guide to Tainted Nodes"},"DIDValues":{"3":536870932,"22":872415275,"1":33554771,"8":100668117},"WCID":38226}