{"Label":"Corrupted Catacombs","Timestamp":1496988616,"WeenieType":7,"IntValues":{"93":3084,"1":65536,"16":32,"133":4,"86":180,"111":49},"BoolValues":{"1":true},"DoubleValues":{"54":-0.10000000149011612},"StringValues":{"1":"Corrupted Catacombs"},"DIDValues":{"2":150995314,"1":33560216,"8":100667499},"PositionValues":{"2":{"ObjCellID":12190536,"Origin":{"X":121.007,"Y":-99.094,"Z":0.004999995},"Angles":{"W":0.9238795,"X":0.0,"Y":0.0,"Z":-0.382683456}}},"WCID":38400}