{"Label":"Surface","Timestamp":1496988524,"WeenieType":7,"IntValues":{"93":3084,"1":65536,"16":32,"133":4,"111":49},"BoolValues":{"1":true},"DoubleValues":{"54":-0.10000000149011612},"StringValues":{"1":"Surface"},"DIDValues":{"2":150994947,"1":33554867,"8":100667499},"PositionValues":{"2":{"ObjCellID":14680628,"Origin":{"X":124.693634,"Y":-220.018951,"Z":0.268589616},"Angles":{"W":-0.722740054,"X":0.0,"Y":0.0,"Z":-0.691119969}}},"WCID":38647}