{"Label":"Raider Lightning Bolt","Timestamp":1496988461,"WeenieType":1,"IntValues":{"93":132116,"1":256,"50":2,"19":772,"16":1,"18":64,"51":3,"12":772,"11":5000,"9":8388608,"5":772,"151":2},"DoubleValues":{"39":1.1000000238418579,"78":1.0,"79":0.0,"76":0.800000011920929},"StringValues":{"1":"Raider Lightning Bolt"},"DIDValues":{"6":67111919,"3":536870932,"22":872415275,"1":33555695,"8":100672656},"WCID":38782,"Extra1":{"unknown":3055,"Items":[{"Component1":3059,"Component2":0,"Component3":0}]},"Extra3Items":[{"Component1":0,"Component2":679}]}