{"Label":"Raider Lightning Arrow","Timestamp":1496988478,"WeenieType":1,"IntValues":{"93":132116,"1":256,"50":1,"19":2500,"16":1,"18":64,"51":3,"12":2500,"11":2500,"9":8388608,"5":2500,"151":2},"DoubleValues":{"39":1.1000000238418579,"78":1.0,"79":0.0,"76":0.800000011920929},"StringValues":{"1":"Raider Lightning Arrow"},"DIDValues":{"6":67111919,"3":536870932,"22":872415275,"1":33555709,"8":100672666},"WCID":38849,"Extra1":{"unknown":3055,"Items":[{"Component1":3059,"Component2":0,"Component3":0}]},"Extra3Items":[{"Component1":0,"Component2":671}]}