{"Label":"Patriarch's Valley","Timestamp":1496988462,"WeenieType":7,"IntValues":{"93":3084,"1":65536,"16":32,"133":4,"111":17},"BoolValues":{"1":true},"DoubleValues":{"54":-0.10000000149011612},"StringValues":{"1":"Patriarch's Valley"},"DIDValues":{"2":150994947,"1":33556212,"8":100667499},"PositionValues":{"2":{"ObjCellID":1925709861,"Origin":{"X":108.0,"Y":107.0,"Z":170.088333},"Angles":{"W":1.0,"X":0.0,"Y":0.0,"Z":0.0}}},"WCID":39409}