{"Label":"Surface","Timestamp":1496988574,"WeenieType":7,"IntValues":{"93":3084,"1":65536,"16":32,"133":4},"BoolValues":{"1":true},"DoubleValues":{"54":-0.10000000149011612},"StringValues":{"1":"Surface"},"DIDValues":{"2":150995314,"1":33560217,"8":100667499},"PositionValues":{"2":{"ObjCellID":1942487076,"Origin":{"X":97.0,"Y":94.0,"Z":96.0},"Angles":{"W":-0.9238795,"X":0.0,"Y":0.0,"Z":-0.3826835}}},"WCID":40245}