{"Label":"Crystalline Portal","Timestamp":1496988565,"WeenieType":7,"IntValues":{"93":3084,"1":65536,"16":32,"133":4,"86":90,"111":17},"BoolValues":{"1":true},"DoubleValues":{"54":-0.10000000149011612},"StringValues":{"1":"Crystalline Portal"},"DIDValues":{"2":150994947,"1":33555925,"8":100667499},"PositionValues":{"2":{"ObjCellID":2265187330,"Origin":{"X":10.0,"Y":-50.0,"Z":6.0},"Angles":{"W":0.9999619,"X":0.0,"Y":0.0,"Z":-0.008726535}}},"WCID":40440}