{"Label":"Surface","Timestamp":1496988514,"WeenieType":7,"IntValues":{"93":3084,"1":65536,"16":32,"133":4,"111":49},"BoolValues":{"1":true},"DoubleValues":{"54":-0.10000000149011612},"StringValues":{"1":"Surface"},"DIDValues":{"2":150994947,"1":33554867,"8":100667499},"PositionValues":{"2":{"ObjCellID":692191260,"Origin":{"X":87.4,"Y":77.8,"Z":24.4883327},"Angles":{"W":1.0,"X":0.0,"Y":0.0,"Z":0.0}}},"WCID":40504}