{"Label":"Crystalline Portal","Timestamp":1496988578,"WeenieType":7,"IntValues":{"93":3084,"1":65536,"16":32,"133":4,"86":130,"111":17},"BoolValues":{"1":true},"DoubleValues":{"54":-0.10000000149011612},"StringValues":{"1":"Crystalline Portal"},"DIDValues":{"2":150994947,"1":33554867,"8":100667499},"PositionValues":{"2":{"ObjCellID":778830084,"Origin":{"X":-281.661224,"Y":96.98238,"Z":-53.5949974},"Angles":{"W":0.707106769,"X":0.0,"Y":0.0,"Z":-0.707106769}}},"WCID":40800}