{"Label":"Facility Entrance","Timestamp":1496988628,"WeenieType":7,"IntValues":{"93":3084,"1":65536,"16":32,"133":4},"BoolValues":{"1":true},"DoubleValues":{"54":-0.10000000149011612},"StringValues":{"1":"Facility Entrance"},"DIDValues":{"2":150994947,"1":33554867,"8":100667499},"PositionValues":{"2":{"ObjCellID":761987780,"Origin":{"X":141.393616,"Y":158.12735,"Z":38.4050026},"Angles":{"W":0.7395928,"X":0.0,"Y":0.0,"Z":0.673054636}}},"WCID":40878}