{"Label":"Up to Arcanum Lookout","Timestamp":1496988467,"WeenieType":7,"IntValues":{"93":3084,"1":65536,"16":32,"133":4,"86":50,"111":49},"BoolValues":{"1":true},"DoubleValues":{"54":-0.10000000149011612},"StringValues":{"1":"Up to Arcanum Lookout"},"DIDValues":{"2":150994947,"1":33555925,"8":100667499},"PositionValues":{"2":{"ObjCellID":1227685911,"Origin":{"X":59.82729,"Y":156.007462,"Z":29.58046},"Angles":{"W":1.0,"X":0.0,"Y":0.0,"Z":0.0}}},"WCID":40919}