{"Label":"Bound Spectral Handmaiden","Timestamp":1496988597,"WeenieType":10,"IntValues":{"93":1032,"1":16,"6":255,"7":255,"16":1,"133":2},"BoolValues":{"1":true},"DoubleValues":{"39":0.800000011920929,"76":0.800000011920929},"StringValues":{"1":"Bound Spectral Handmaiden"},"DIDValues":{"6":67115251,"2":150995302,"3":536871094,"22":872415403,"1":33558816,"8":100676679},"WCID":40923,"Extra1":{"unknown":6387,"Items":[{"Component1":6390,"Component2":0,"Component3":0}]}}