{"Label":"Down to Surface","Timestamp":1496988467,"WeenieType":7,"IntValues":{"93":3084,"1":65536,"16":32,"133":4,"111":49},"BoolValues":{"1":true},"DoubleValues":{"54":-0.10000000149011612},"StringValues":{"1":"Down to Surface"},"DIDValues":{"2":150994947,"1":33554867,"8":100667499},"PositionValues":{"2":{"ObjCellID":1227685903,"Origin":{"X":38.0,"Y":160.0,"Z":5.33833361},"Angles":{"W":1.0,"X":0.0,"Y":0.0,"Z":0.0}}},"WCID":40920}