{"Label":"Surface","Timestamp":1496988469,"WeenieType":7,"IntValues":{"93":3084,"1":65536,"16":32,"133":4,"111":49},"BoolValues":{"1":true},"DoubleValues":{"54":-0.10000000149011612},"StringValues":{"1":"Surface"},"DIDValues":{"2":150994947,"1":33554867,"8":100667499},"PositionValues":{"2":{"ObjCellID":962592788,"Origin":{"X":62.0,"Y":83.0,"Z":40.005},"Angles":{"W":-0.9238795,"X":0.0,"Y":0.0,"Z":-0.3826835}}},"WCID":41196}