{"Label":"Apostate Excavation","Timestamp":1496988469,"WeenieType":7,"IntValues":{"93":3084,"1":65536,"16":32,"133":4,"86":150,"111":49},"BoolValues":{"1":true},"DoubleValues":{"54":-0.10000000149011612},"StringValues":{"1":"Apostate Excavation"},"DIDValues":{"2":150994947,"1":33555925,"8":100667499},"PositionValues":{"2":{"ObjCellID":962593031,"Origin":{"X":118.0,"Y":-5.0,"Z":-15.5950012},"Angles":{"W":1.0,"X":0.0,"Y":0.0,"Z":0.0}}},"WCID":41195}