{"Label":"Gearknight Lord's Tower","Timestamp":1496988636,"WeenieType":7,"IntValues":{"93":3084,"1":65536,"16":32,"133":4},"BoolValues":{"1":true},"DoubleValues":{"54":-0.10000000149011612},"StringValues":{"1":"Gearknight Lord's Tower"},"DIDValues":{"2":150994947,"1":33556733,"8":100667499},"PositionValues":{"2":{"ObjCellID":2286944304,"Origin":{"X":131.434509,"Y":179.145874,"Z":31.5183983},"Angles":{"W":-0.707106769,"X":0.0,"Y":0.0,"Z":-0.707106769}}},"WCID":41590}