{"Label":"Spectral Fountain","Timestamp":1496988585,"WeenieType":10,"IntValues":{"93":4195348,"1":16,"6":255,"7":255,"16":32,"95":8,"133":4},"BoolValues":{"1":true,"19":false},"DoubleValues":{"39":0.699999988079071,"76":0.30000001192092896,"54":3.0},"StringValues":{"1":"Spectral Fountain"},"DIDValues":{"2":150995355,"3":536870913,"22":872415274,"1":33555067,"8":100667494},"WCID":42063}