{"Label":"Banderling Camp","Timestamp":1496988464,"WeenieType":7,"IntValues":{"93":3084,"1":65536,"16":32,"133":4,"86":35,"111":49},"BoolValues":{"1":true},"DoubleValues":{"39":0.800000011920929,"54":-0.10000000149011612},"StringValues":{"1":"Banderling Camp"},"DIDValues":{"2":150994947,"1":33554867,"8":100667499},"PositionValues":{"2":{"ObjCellID":2315387330,"Origin":{"X":59.7761421,"Y":-59.1097336,"Z":0.00599998236},"Angles":{"W":0.997286558,"X":0.0,"Y":0.0,"Z":0.07361746}}},"WCID":42149}