{"Label":"Abandoned Tumerok Site","Timestamp":1496988463,"WeenieType":7,"IntValues":{"93":3084,"1":65536,"16":32,"133":4,"86":15,"111":49},"BoolValues":{"1":true},"DoubleValues":{"39":0.800000011920929,"54":-0.10000000149011612},"StringValues":{"1":"Abandoned Tumerok Site"},"DIDValues":{"2":150994947,"1":33554867,"8":100667499},"PositionValues":{"2":{"ObjCellID":414384175,"Origin":{"X":135.0252,"Y":152.455811,"Z":21.3003483},"Angles":{"W":1.0,"X":0.0,"Y":0.0,"Z":0.0}}},"WCID":42146}