{"Label":"Castle of Baron Nuvillus","Timestamp":1496988464,"WeenieType":7,"IntValues":{"93":3084,"1":65536,"16":32,"133":4,"86":40,"111":49},"BoolValues":{"1":true},"DoubleValues":{"39":0.800000011920929,"54":-0.10000000149011612},"StringValues":{"1":"Castle of Baron Nuvillus"},"DIDValues":{"2":150994947,"1":33554867,"8":100667499},"PositionValues":{"2":{"ObjCellID":3747610647,"Origin":{"X":71.18255,"Y":152.755646,"Z":16.7346363},"Angles":{"W":1.0,"X":0.0,"Y":0.0,"Z":0.0}}},"WCID":42153}