{"Label":"Blackmire Temple","Timestamp":1496988464,"WeenieType":7,"IntValues":{"93":3084,"1":65536,"16":32,"133":4,"86":45,"111":49},"BoolValues":{"1":true},"DoubleValues":{"39":0.800000011920929,"54":-0.10000000149011612},"StringValues":{"1":"Blackmire Temple"},"DIDValues":{"2":150994947,"1":33554867,"8":100667499},"WCID":42151}