{"Label":"Skeleton Fort","Timestamp":1496988464,"WeenieType":7,"IntValues":{"93":3084,"1":65536,"16":32,"133":4,"86":35,"111":49},"BoolValues":{"1":true},"DoubleValues":{"39":0.800000011920929,"54":-0.10000000149011612},"StringValues":{"1":"Skeleton Fort"},"DIDValues":{"2":150994947,"1":33554867,"8":100667499},"PositionValues":{"2":{"ObjCellID":3534159895,"Origin":{"X":65.425766,"Y":157.517,"Z":20.8795834},"Angles":{"W":1.0,"X":0.0,"Y":0.0,"Z":0.0}}},"WCID":42164}