{"Label":"Banderling Conquest Dungeon","Timestamp":1496988464,"WeenieType":7,"IntValues":{"93":3084,"1":65536,"16":32,"133":4,"86":25,"111":49},"BoolValues":{"1":true},"DoubleValues":{"39":0.800000011920929,"54":-0.10000000149011612},"StringValues":{"1":"Banderling Conquest Dungeon"},"DIDValues":{"2":150994947,"1":33554867,"8":100667499},"PositionValues":{"2":{"ObjCellID":3465805877,"Origin":{"X":151.053,"Y":112.61,"Z":17.41725},"Angles":{"W":-0.9365774,"X":0.0,"Y":0.0,"Z":-0.350460857}}},"WCID":42166}