{"Label":"Green Mire Grave","Timestamp":1496988464,"WeenieType":7,"IntValues":{"93":3084,"1":65536,"16":32,"133":4,"86":15,"111":49},"BoolValues":{"1":true},"DoubleValues":{"39":0.800000011920929,"54":-0.10000000149011612},"StringValues":{"1":"Green Mire Grave"},"DIDValues":{"2":150994947,"1":33554867,"8":100667499},"PositionValues":{"2":{"ObjCellID":3629908031,"Origin":{"X":187.16391,"Y":145.655441,"Z":13.6019917},"Angles":{"W":1.0,"X":0.0,"Y":0.0,"Z":0.0}}},"WCID":42160}