{"Label":"Tusker Habitat","Timestamp":1496988463,"WeenieType":7,"IntValues":{"93":3084,"1":65536,"16":32,"133":4,"86":25,"111":49},"BoolValues":{"1":true},"DoubleValues":{"39":0.800000011920929,"54":-0.10000000149011612},"StringValues":{"1":"Tusker Habitat"},"DIDValues":{"2":150994947,"1":33554867,"8":100667499},"PositionValues":{"2":{"ObjCellID":4152229911,"Origin":{"X":57.8188133,"Y":165.7364,"Z":18.018734},"Angles":{"W":1.0,"X":0.0,"Y":0.0,"Z":0.0}}},"WCID":42180}