{"Label":"Stronghold","Timestamp":1496988478,"WeenieType":7,"IntValues":{"93":3084,"1":65536,"16":32,"133":4,"111":49},"BoolValues":{"1":true},"DoubleValues":{"54":-0.10000000149011612},"StringValues":{"1":"Stronghold"},"DIDValues":{"2":150994947,"1":33555925,"8":100667499},"PositionValues":{"2":{"ObjCellID":12124424,"Origin":{"X":65.1767,"Y":-19.7648544,"Z":-23.995},"Angles":{"W":0.7291843,"X":0.0,"Y":0.0,"Z":-0.68431735}}},"WCID":42221}