{"Label":"Stronghold","Timestamp":1496988490,"WeenieType":7,"IntValues":{"93":3084,"1":65536,"16":32,"133":4,"111":49},"BoolValues":{"1":true},"DoubleValues":{"54":-0.10000000149011612},"StringValues":{"1":"Stronghold"},"DIDValues":{"2":150994947,"1":33555925,"8":100667499},"PositionValues":{"2":{"ObjCellID":4135714867,"Origin":{"X":145.7,"Y":49.855,"Z":58.005},"Angles":{"W":-0.467544079,"X":0.0,"Y":0.0,"Z":-0.8839698}}},"WCID":42223}