{"Label":"Platemail Breastplate","Timestamp":1496988473,"WeenieType":38,"IntValues":{"93":1044,"1":2048,"19":653,"16":524296,"94":6,"12":1,"11":1,"4":32768,"5":919,"28":0},"BoolValues":{"22":true,"100":true},"DoubleValues":{"13":1.2999999523162842,"14":1.0,"15":1.0,"16":0.40000000596046448,"17":0.40000000596046448,"18":0.60000002384185791,"19":0.40000000596046448,"165":1.0},"StringValues":{"1":"Platemail Breastplate"},"DIDValues":{"6":67108990,"3":536870932,"22":872415275,"1":33554642,"8":100669570,"50":100667895},"WCID":42403,"Extra1":{"unknown":126,"Items":[{"Component1":4386,"Component2":174,"Component3":66}]},"Extra2Items":[{"Component1":0,"Component2":981,"Component3":612},{"Component1":0,"Component2":980,"Component3":696}],"Extra3Items":[{"Component1":0,"Component2":1166}]}