{"Label":"Yoroi Pauldrons","Timestamp":1496988516,"WeenieType":38,"IntValues":{"93":1044,"1":2048,"19":653,"16":524296,"94":6,"12":1,"11":1,"4":32768,"5":919,"28":0},"BoolValues":{"22":true,"100":true},"DoubleValues":{"13":1.2999999523162842,"14":1.0,"15":1.0,"16":0.40000000596046448,"17":0.40000000596046448,"18":0.60000002384185791,"19":0.40000000596046448,"165":1.0},"StringValues":{"1":"Yoroi Pauldrons"},"DIDValues":{"6":67108990,"3":536870932,"22":872415275,"1":33554641,"8":100668175,"50":100667895},"WCID":42418,"Extra1":{"unknown":126,"Items":[{"Component1":1151,"Component2":116,"Component3":12}]},"Extra2Items":[{"Component1":0,"Component2":708,"Component3":3690}],"Extra3Items":[{"Component1":0,"Component2":1195}]}