{"Label":"Yoroi Leggings","Timestamp":1496988523,"WeenieType":38,"IntValues":{"93":1044,"1":2048,"19":653,"16":524296,"94":6,"12":1,"11":1,"4":512,"5":919,"28":0},"BoolValues":{"22":true,"100":true},"DoubleValues":{"13":1.2999999523162842,"14":1.0,"15":1.0,"16":0.40000000596046448,"17":0.40000000596046448,"18":0.60000002384185791,"19":0.40000000596046448,"165":1.0},"StringValues":{"1":"Yoroi Leggings"},"DIDValues":{"6":67108990,"3":536870932,"22":872415275,"1":33554856,"8":100667356,"50":100667895},"WCID":42416,"Extra1":{"unknown":126,"Items":[{"Component1":1153,"Component2":136,"Component3":16}]},"Extra2Items":[{"Component1":0,"Component2":984,"Component3":727},{"Component1":0,"Component2":986,"Component3":976}],"Extra3Items":[{"Component1":0,"Component2":1613}]}