{"Label":"Kabuton","Timestamp":1496988516,"WeenieType":38,"IntValues":{"93":1044,"1":2048,"19":653,"16":524296,"94":6,"12":1,"11":1,"4":32768,"5":919,"28":0},"BoolValues":{"22":true,"100":true},"DoubleValues":{"13":1.2999999523162842,"14":1.0,"15":1.0,"16":0.40000000596046448,"17":0.40000000596046448,"18":0.60000002384185791,"19":0.40000000596046448,"165":1.0},"StringValues":{"1":"Kabuton"},"DIDValues":{"6":67108990,"3":536870932,"22":872415275,"1":33554652,"8":100667944,"50":100667895},"WCID":42414,"Extra1":{"unknown":126,"Items":[{"Component1":1156,"Component2":240,"Component3":10}]},"Extra2Items":[{"Component1":0,"Component2":2704,"Component3":2704},{"Component1":0,"Component2":2703,"Component3":2703}],"Extra3Items":[{"Component1":0,"Component2":1162}]}