{"Label":"Empyrean Facility Upper Level","Timestamp":1496988470,"WeenieType":7,"IntValues":{"93":3084,"1":65536,"16":32,"133":4,"86":75,"111":1},"BoolValues":{"1":true},"DoubleValues":{"54":-0.10000000149011612},"StringValues":{"1":"Empyrean Facility Upper Level"},"DIDValues":{"2":150994947,"1":33555922,"8":100667499},"PositionValues":{"2":{"ObjCellID":2298741444,"Origin":{"X":50.0,"Y":0.0,"Z":23.512394},"Angles":{"W":0.0,"X":0.0,"Y":0.0,"Z":-1.0}}},"WCID":42711}