{"Label":"Portal to Cragstone","Timestamp":1496988461,"WeenieType":7,"IntValues":{"93":3084,"1":65536,"16":32,"133":4,"111":1},"BoolValues":{"1":true},"DoubleValues":{"54":-0.10000000149011612},"StringValues":{"1":"Portal to Cragstone"},"DIDValues":{"2":150994947,"1":33554867,"8":100667499},"PositionValues":{"2":{"ObjCellID":3147759680,"Origin":{"X":169.358,"Y":168.251,"Z":54.005},"Angles":{"W":0.5786835,"X":0.0,"Y":0.0,"Z":-0.8155522}}},"WCID":42818}