{"Label":"Stonehold Portal","Timestamp":1496988461,"WeenieType":7,"IntValues":{"93":3084,"1":65536,"16":32,"133":4,"111":1},"BoolValues":{"1":true},"DoubleValues":{"54":-0.10000000149011612},"StringValues":{"1":"Stonehold Portal"},"DIDValues":{"2":150994947,"1":33554867,"8":100667499},"PositionValues":{"2":{"ObjCellID":1691680779,"Origin":{"X":30.0,"Y":50.0,"Z":78.00575},"Angles":{"W":0.8433914,"X":0.0,"Y":0.0,"Z":-0.537299633}}},"WCID":42811}