{"Label":"Portal to Dryreach","Timestamp":1496988461,"WeenieType":7,"IntValues":{"93":3084,"1":65536,"16":32,"133":4,"111":1},"BoolValues":{"1":true},"DoubleValues":{"54":-0.10000000149011612},"StringValues":{"1":"Portal to Dryreach"},"DIDValues":{"2":150994947,"1":33555926,"8":100667499},"PositionValues":{"2":{"ObjCellID":3665100843,"Origin":{"X":135.652634,"Y":51.126358,"Z":18.005},"Angles":{"W":0.707106769,"X":0.0,"Y":0.0,"Z":-0.707106769}}},"WCID":42813}