{"Label":"Lytelthorpe Portal","Timestamp":1496988461,"WeenieType":7,"IntValues":{"93":3084,"1":65536,"16":32,"133":4,"111":1},"BoolValues":{"1":true},"DoubleValues":{"54":-0.10000000149011612},"StringValues":{"1":"Lytelthorpe Portal"},"DIDValues":{"2":150994947,"1":33554867,"8":100667499},"PositionValues":{"2":{"ObjCellID":19398926,"Origin":{"X":29.60065,"Y":-29.4960842,"Z":0.215184957},"Angles":{"W":-0.999734163,"X":0.0,"Y":0.0,"Z":-0.0230558068}}},"WCID":42816}