{"Label":"Portal to Rithwic","Timestamp":1496988461,"WeenieType":7,"IntValues":{"93":3084,"1":65536,"16":32,"133":4,"111":1},"BoolValues":{"1":true},"DoubleValues":{"54":-0.10000000149011612},"StringValues":{"1":"Portal to Rithwic"},"DIDValues":{"2":150994947,"1":33554867,"8":100667499},"PositionValues":{"2":{"ObjCellID":3381395496,"Origin":{"X":113.6656,"Y":190.259,"Z":22.005},"Angles":{"W":-0.707106769,"X":0.0,"Y":0.0,"Z":-0.707106769}}},"WCID":42817}