{"Label":"Eastham Portal","Timestamp":1496988461,"WeenieType":7,"IntValues":{"93":3084,"1":65536,"16":32,"133":4,"111":1},"BoolValues":{"1":true},"DoubleValues":{"54":-0.10000000149011612},"StringValues":{"1":"Eastham Portal"},"DIDValues":{"2":150994947,"1":33554867,"8":100667499},"PositionValues":{"2":{"ObjCellID":3465805877,"Origin":{"X":151.053,"Y":112.61,"Z":17.417},"Angles":{"W":-0.9365774,"X":0.0,"Y":0.0,"Z":-0.350460857}}},"WCID":42815}