{"Label":"Plateau Portal","Timestamp":1496988461,"WeenieType":7,"IntValues":{"93":3084,"1":65536,"16":32,"133":4,"111":1},"BoolValues":{"1":true},"DoubleValues":{"54":-0.10000000149011612},"StringValues":{"1":"Plateau Portal"},"DIDValues":{"2":150994947,"1":33554867,"8":100667499},"PositionValues":{"2":{"ObjCellID":1236729889,"Origin":{"X":100.1,"Y":20.8,"Z":238.6},"Angles":{"W":-0.5877852,"X":0.0,"Y":0.0,"Z":-0.809017}}},"WCID":42812}