{"Label":"Ahurenga Portal","Timestamp":1496988461,"WeenieType":7,"IntValues":{"93":3084,"1":65536,"16":32,"133":4,"111":1},"BoolValues":{"1":true},"DoubleValues":{"54":-0.10000000149011612},"StringValues":{"1":"Ahurenga Portal"},"DIDValues":{"2":150994947,"1":33554867,"8":100667499},"PositionValues":{"2":{"ObjCellID":263782409,"Origin":{"X":43.0,"Y":8.6,"Z":0.004999995},"Angles":{"W":-0.9800983,"X":0.0,"Y":0.0,"Z":-0.198512733}}},"WCID":42827}