{"Label":"Portal to Khayyaban","Timestamp":1496988461,"WeenieType":7,"IntValues":{"93":3084,"1":65536,"16":32,"133":4,"111":1},"BoolValues":{"1":true},"DoubleValues":{"54":-0.10000000149011612},"StringValues":{"1":"Portal to Khayyaban"},"DIDValues":{"2":150994947,"1":33555923,"8":100667499},"PositionValues":{"2":{"ObjCellID":2672033810,"Origin":{"X":90.0,"Y":24.553,"Z":31.885},"Angles":{"W":-0.7826082,"X":0.0,"Y":0.0,"Z":-0.622514546}}},"WCID":42822}