{"Label":"Portal to Holtburg","Timestamp":1496988461,"WeenieType":7,"IntValues":{"93":3084,"1":65536,"16":32,"133":4,"111":1},"BoolValues":{"1":true},"DoubleValues":{"54":-0.10000000149011612},"StringValues":{"1":"Portal to Holtburg"},"DIDValues":{"2":150994947,"1":33554867,"8":100667499},"PositionValues":{"2":{"ObjCellID":2847146009,"Origin":{"X":84.0,"Y":7.1,"Z":94.0},"Angles":{"W":0.9969173,"X":0.0,"Y":0.0,"Z":-0.0784591}}},"WCID":42820}