{"Label":"Uziz Portal","Timestamp":1496988461,"WeenieType":7,"IntValues":{"93":3084,"1":65536,"16":32,"133":4,"111":1},"BoolValues":{"1":true},"DoubleValues":{"54":-0.10000000149011612},"StringValues":{"1":"Uziz Portal"},"DIDValues":{"2":150994947,"1":33554867,"8":100667499},"PositionValues":{"2":{"ObjCellID":2724200508,"Origin":{"X":182.919,"Y":87.934,"Z":20.005},"Angles":{"W":-0.363462955,"X":0.0,"Y":0.0,"Z":-0.9316087}}},"WCID":42821}