{"Label":"Portal to Yaraq","Timestamp":1496988461,"WeenieType":7,"IntValues":{"93":3084,"1":65536,"16":32,"133":4,"111":1},"BoolValues":{"1":true},"DoubleValues":{"54":-0.10000000149011612},"StringValues":{"1":"Portal to Yaraq"},"DIDValues":{"2":150994947,"1":33554867,"8":100667499},"PositionValues":{"2":{"ObjCellID":2103705613,"Origin":{"X":31.9,"Y":104.6,"Z":11.9466667},"Angles":{"W":0.577145159,"X":0.0,"Y":0.0,"Z":-0.816641569}}},"WCID":42824}