{"Label":"Portal to Neydisa Castle","Timestamp":1496988461,"WeenieType":7,"IntValues":{"93":3084,"1":65536,"16":32,"133":4,"111":1},"BoolValues":{"1":true},"DoubleValues":{"54":-0.10000000149011612},"StringValues":{"1":"Portal to Neydisa Castle"},"DIDValues":{"2":150994947,"1":33555926,"8":100667499},"PositionValues":{"2":{"ObjCellID":2513829939,"Origin":{"X":146.9,"Y":71.3,"Z":99.7633362},"Angles":{"W":-0.73135376,"X":0.0,"Y":0.0,"Z":-0.6819983}}},"WCID":42828}