{"Label":"Tufa Portal","Timestamp":1496988461,"WeenieType":7,"IntValues":{"93":3084,"1":65536,"16":32,"133":4,"111":1},"BoolValues":{"1":true},"DoubleValues":{"54":-0.10000000149011612},"StringValues":{"1":"Tufa Portal"},"DIDValues":{"2":150994947,"1":33554867,"8":100667499},"PositionValues":{"2":{"ObjCellID":2847146026,"Origin":{"X":143.400986,"Y":38.4295235,"Z":94.0050049},"Angles":{"W":0.972392738,"X":0.0,"Y":0.0,"Z":-0.233350351}}},"WCID":42829}