{"Label":"Portal to Bluespire","Timestamp":1496988461,"WeenieType":7,"IntValues":{"93":3084,"1":65536,"16":32,"133":4,"111":1},"BoolValues":{"1":true},"DoubleValues":{"54":-0.10000000149011612},"StringValues":{"1":"Portal to Bluespire"},"DIDValues":{"2":150994947,"1":33554867,"8":100667499},"PositionValues":{"2":{"ObjCellID":565182487,"Origin":{"X":48.19,"Y":165.89,"Z":0.005},"Angles":{"W":-0.0836171359,"X":0.0,"Y":0.0,"Z":-0.9964979}}},"WCID":42825}