{"Label":"Portal to Eastwatch","Timestamp":1496988461,"WeenieType":7,"IntValues":{"93":3084,"1":65536,"16":32,"133":4,"86":80,"111":1},"BoolValues":{"1":true},"DoubleValues":{"54":-0.10000000149011612},"StringValues":{"1":"Portal to Eastwatch"},"DIDValues":{"2":150994947,"1":33555925,"8":100667499},"PositionValues":{"2":{"ObjCellID":1240465427,"Origin":{"X":70.0,"Y":70.0,"Z":170.005},"Angles":{"W":0.6755902,"X":0.0,"Y":0.0,"Z":-0.7372773}}},"WCID":42839}