{"Label":"Portal to Redspire","Timestamp":1496988461,"WeenieType":7,"IntValues":{"93":3084,"1":65536,"16":32,"133":4,"111":1},"BoolValues":{"1":true},"DoubleValues":{"54":-0.10000000149011612},"StringValues":{"1":"Portal to Redspire"},"DIDValues":{"2":150994947,"1":33554867,"8":100667499},"PositionValues":{"2":{"ObjCellID":397541418,"Origin":{"X":132.623,"Y":25.809,"Z":44.005},"Angles":{"W":0.9984829,"X":0.0,"Y":0.0,"Z":-0.0550633557}}},"WCID":42836}