{"Label":"Portal to Zaikhal","Timestamp":1496988461,"WeenieType":7,"IntValues":{"93":3084,"1":65536,"16":32,"133":4,"111":1},"BoolValues":{"1":true},"DoubleValues":{"54":-0.10000000149011612},"StringValues":{"1":"Portal to Zaikhal"},"DIDValues":{"2":150994947,"1":33555923,"8":100667499},"PositionValues":{"2":{"ObjCellID":2156920851,"Origin":{"X":64.863,"Y":55.687,"Z":124.005},"Angles":{"W":-0.929882467,"X":0.0,"Y":0.0,"Z":-0.3678568}}},"WCID":42831}