{"Label":"Qalaba'r Portal","Timestamp":1496988461,"WeenieType":7,"IntValues":{"93":3084,"1":65536,"16":32,"133":4,"111":1},"BoolValues":{"1":true},"DoubleValues":{"54":-0.10000000149011612},"StringValues":{"1":"Qalaba'r Portal"},"DIDValues":{"2":150994947,"1":33554867,"8":100667499},"PositionValues":{"2":{"ObjCellID":2535587898,"Origin":{"X":168.354,"Y":24.618,"Z":102.005},"Angles":{"W":-0.9227904,"X":0.0,"Y":0.0,"Z":-0.385302275}}},"WCID":42833}