{"Label":"Portal to Xarabydun","Timestamp":1496988461,"WeenieType":7,"IntValues":{"93":3084,"1":65536,"16":32,"133":4,"111":1},"BoolValues":{"1":true},"DoubleValues":{"54":-0.10000000149011612},"StringValues":{"1":"Portal to Xarabydun"},"DIDValues":{"2":150994947,"1":33554867,"8":100667499},"PositionValues":{"2":{"ObjCellID":2471165985,"Origin":{"X":108.3,"Y":6.1,"Z":18.1},"Angles":{"W":-0.9645574,"X":0.0,"Y":0.0,"Z":-0.26387307}}},"WCID":42832}