{"Label":"Baishi Portal","Timestamp":1496988461,"WeenieType":7,"IntValues":{"93":3084,"1":65536,"16":32,"133":4,"111":1},"BoolValues":{"1":true},"DoubleValues":{"54":-0.10000000149011612},"StringValues":{"1":"Baishi Portal"},"DIDValues":{"2":150994947,"1":33554867,"8":100667499},"PositionValues":{"2":{"ObjCellID":3460366343,"Origin":{"X":12.6,"Y":152.8,"Z":55.055},"Angles":{"W":-0.544639051,"X":0.0,"Y":0.0,"Z":-0.838670552}}},"WCID":42845}