{"Label":"Portal to Kara","Timestamp":1496988461,"WeenieType":7,"IntValues":{"93":3084,"1":65536,"16":32,"133":4,"111":1},"BoolValues":{"1":true},"DoubleValues":{"54":-0.10000000149011612},"StringValues":{"1":"Portal to Kara"},"DIDValues":{"2":150994947,"1":33555926,"8":100667499},"PositionValues":{"2":{"ObjCellID":3122069561,"Origin":{"X":181.2,"Y":3.2,"Z":167.7},"Angles":{"W":-0.848048031,"X":0.0,"Y":0.0,"Z":-0.5299193}}},"WCID":42848}