{"Label":"Mayoi Portal","Timestamp":1496988461,"WeenieType":7,"IntValues":{"93":3084,"1":65536,"16":32,"133":4,"111":1},"BoolValues":{"1":true},"DoubleValues":{"54":-0.10000000149011612},"StringValues":{"1":"Mayoi Portal"},"DIDValues":{"2":150994947,"1":33554867,"8":100667499},"PositionValues":{"2":{"ObjCellID":3862036513,"Origin":{"X":107.417,"Y":10.763,"Z":29.908},"Angles":{"W":-0.642787635,"X":0.0,"Y":0.0,"Z":-0.766044438}}},"WCID":42842}