{"Label":"Sawato Portal","Timestamp":1496988461,"WeenieType":7,"IntValues":{"93":3084,"1":65536,"16":32,"133":4,"111":1},"BoolValues":{"1":true},"DoubleValues":{"54":-0.10000000149011612},"StringValues":{"1":"Sawato Portal"},"DIDValues":{"2":150994947,"1":33554867,"8":100667499},"PositionValues":{"2":{"ObjCellID":3378184193,"Origin":{"X":14.8,"Y":0.3,"Z":12.0},"Angles":{"W":0.9304176,"X":0.0,"Y":0.0,"Z":-0.3665012}}},"WCID":42849}