{"Label":"Portal to Kryst","Timestamp":1496988461,"WeenieType":7,"IntValues":{"93":3084,"1":65536,"16":32,"133":4,"111":1},"BoolValues":{"1":true},"DoubleValues":{"54":-0.10000000149011612},"StringValues":{"1":"Portal to Kryst"},"DIDValues":{"2":150994947,"1":33555923,"8":100667499},"PositionValues":{"2":{"ObjCellID":3894542378,"Origin":{"X":132.7,"Y":37.9,"Z":20.1},"Angles":{"W":-0.8660254,"X":0.0,"Y":0.0,"Z":-0.50000006}}},"WCID":42850}