{"Label":"Trap Floor Portal","Timestamp":1496988464,"WeenieType":7,"IntValues":{"93":67596,"1":65536,"16":1,"111":49},"BoolValues":{"1":true,"24":true},"DoubleValues":{"39":2.0},"StringValues":{"1":"Trap Floor Portal"},"DIDValues":{"2":150994977,"3":536871008,"1":33555034,"8":100668114},"PositionValues":{"2":{"ObjCellID":3010396196,"Origin":{"X":104.952095,"Y":84.8903656,"Z":21.1462688},"Angles":{"W":1.0,"X":0.0,"Y":0.0,"Z":0.0}}},"WCID":42956}