{"Label":"Portal to Silyun","Timestamp":1496988461,"WeenieType":7,"IntValues":{"93":3084,"1":65536,"16":32,"133":4,"26":1,"111":1},"BoolValues":{"1":true},"DoubleValues":{"54":-0.10000000149011612},"StringValues":{"1":"Portal to Silyun"},"DIDValues":{"2":150994947,"1":33554867,"8":100667499},"PositionValues":{"2":{"ObjCellID":653000765,"Origin":{"X":175.927,"Y":110.334,"Z":80.005},"Angles":{"W":0.6739931,"X":0.0,"Y":0.0,"Z":-0.738737643}}},"WCID":42998}