{"Label":"Fiun Outpost","Timestamp":1496988461,"WeenieType":7,"IntValues":{"93":3084,"1":65536,"16":32,"133":4,"111":1},"BoolValues":{"1":true},"DoubleValues":{"54":-0.10000000149011612},"StringValues":{"1":"Fiun Outpost"},"DIDValues":{"2":150994947,"1":33555924,"8":100667499},"PositionValues":{"2":{"ObjCellID":955711515,"Origin":{"X":91.0,"Y":54.0,"Z":-0.095},"Angles":{"W":-0.484809548,"X":0.0,"Y":0.0,"Z":-0.8746197}}},"WCID":42999}