{"Label":"Fort Tethana Portal","Timestamp":1496988461,"WeenieType":7,"IntValues":{"93":3084,"1":65536,"16":32,"133":4,"111":1},"BoolValues":{"1":true},"DoubleValues":{"54":-0.10000000149011612},"StringValues":{"1":"Fort Tethana Portal"},"DIDValues":{"2":150994947,"1":33554867,"8":100667499},"PositionValues":{"2":{"ObjCellID":645988381,"Origin":{"X":77.7,"Y":108.1,"Z":240.006},"Angles":{"W":-0.5224985,"X":0.0,"Y":0.0,"Z":-0.8526402}}},"WCID":43001}