{"Label":"Freehold Portal","Timestamp":1496988461,"WeenieType":7,"IntValues":{"93":3084,"1":65536,"16":32,"133":4,"111":1},"BoolValues":{"1":true},"DoubleValues":{"54":-0.10000000149011612},"StringValues":{"1":"Freehold Portal"},"DIDValues":{"2":150994947,"1":33554867,"8":100667499},"PositionValues":{"2":{"ObjCellID":4062445594,"Origin":{"X":81.8,"Y":33.0,"Z":0.0},"Angles":{"W":0.241074771,"X":0.0,"Y":0.0,"Z":-0.970506549}}},"WCID":43004}