{"Label":"Core Plating Deintegrator","Timestamp":1496988473,"WeenieType":38,"IntValues":{"93":1044,"1":2048,"19":10,"16":524296,"94":6,"12":1,"11":1,"4":32768,"5":10,"33":1,"114":0,"28":0},"BoolValues":{"22":true,"69":false},"DoubleValues":{"13":1.2999999523162842,"14":1.0,"15":1.0,"16":0.40000000596046448,"17":0.40000000596046448,"18":0.60000002384185791,"19":0.40000000596046448,"165":1.0},"StringValues":{"1":"Core Plating Deintegrator"},"DIDValues":{"3":536870932,"22":872415275,"1":33555677,"8":100690665,"50":100691318},"WCID":43022}