{"Label":"Portal to Town Network","Timestamp":1496988461,"WeenieType":7,"IntValues":{"93":3084,"1":65536,"16":32,"133":4,"111":129},"BoolValues":{"1":true},"DoubleValues":{"54":-0.10000000149011612},"StringValues":{"1":"Portal to Town Network"},"DIDValues":{"2":150994947,"1":33554867,"8":100667499},"PositionValues":{"2":{"ObjCellID":459075,"Origin":{"X":70.0,"Y":-60.0,"Z":0.004999995},"Angles":{"W":0.0,"X":0.0,"Y":0.0,"Z":-1.0}}},"WCID":43065}