{"Label":"Wooden Scarecrow Guise","Timestamp":1496988473,"WeenieType":2,"IntValues":{"93":1044,"1":4,"19":1000,"16":1,"9":32545,"4":130816,"5":1400,"151":9,"28":10},"BoolValues":{"22":true},"DoubleValues":{"13":0.75,"14":0.75,"15":0.5,"16":0.5,"17":0.30000001192092896,"18":0.30000001192092896,"19":0.5,"165":1.0},"StringValues":{"1":"Wooden Scarecrow Guise"},"DIDValues":{"3":536870932,"22":872415275,"1":33561124,"8":100677084},"WCID":43242}