{"Label":"Mysterious Portal","Timestamp":1496988589,"WeenieType":7,"IntValues":{"93":3084,"1":65536,"16":32,"133":4,"86":180,"111":49},"BoolValues":{"1":true},"DoubleValues":{"54":-0.10000000149011612},"StringValues":{"1":"Mysterious Portal"},"DIDValues":{"2":150994947,"1":33555925,"8":100667499},"PositionValues":{"2":{"ObjCellID":4181395255,"Origin":{"X":151.248,"Y":64.1536,"Z":-15.9950008},"Angles":{"W":-0.707106769,"X":0.0,"Y":0.0,"Z":-0.707106769}}},"WCID":43257}