{"Label":"Frozen Tomb","Timestamp":1496988480,"WeenieType":7,"IntValues":{"93":3084,"1":65536,"16":32,"133":4,"86":200,"111":49},"BoolValues":{"1":true},"DoubleValues":{"54":-0.10000000149011612},"StringValues":{"1":"Frozen Tomb"},"DIDValues":{"2":150994947,"1":33555925,"8":100667499},"PositionValues":{"2":{"ObjCellID":2011628260,"Origin":{"X":25.1647,"Y":31.3589,"Z":124.805008},"Angles":{"W":0.6755902,"X":0.0,"Y":0.0,"Z":-0.7372773}}},"WCID":43524}