{"Label":"Mountain Cavern Portal","Timestamp":1496988479,"WeenieType":7,"IntValues":{"93":3084,"1":65536,"16":32,"133":4,"86":200,"111":49},"BoolValues":{"1":true},"DoubleValues":{"54":-0.10000000149011612},"StringValues":{"1":"Mountain Cavern Portal"},"DIDValues":{"2":150994947,"1":33555925,"8":100667499},"PositionValues":{"2":{"ObjCellID":22872656,"Origin":{"X":20.0,"Y":-50.0,"Z":36.006},"Angles":{"W":0.766044438,"X":0.0,"Y":0.0,"Z":-0.6427876}}},"WCID":43531}