{"Label":"Olthoi Tunnel","Timestamp":1496988468,"WeenieType":7,"IntValues":{"93":3084,"1":65536,"16":32,"133":4,"111":893},"BoolValues":{"1":true},"DoubleValues":{"54":-0.10000000149011612},"StringValues":{"1":"Olthoi Tunnel"},"DIDValues":{"6":67109370,"2":150994947,"1":33554867,"8":100667499},"PositionValues":{"2":{"ObjCellID":1074397214,"Origin":{"X":82.47533,"Y":143.4114,"Z":-0.01},"Angles":{"W":-0.707106769,"X":0.0,"Y":0.0,"Z":-0.707106769}}},"WCID":43556,"Extra1":{"unknown":506,"Items":[{"Component1":2985,"Component2":1,"Component3":255}]}}