{"Label":"Olthoi Tunnel","Timestamp":1496988474,"WeenieType":7,"IntValues":{"93":3084,"1":65536,"16":32,"133":4,"111":829},"BoolValues":{"1":true},"DoubleValues":{"54":-0.10000000149011612},"StringValues":{"1":"Olthoi Tunnel"},"DIDValues":{"6":67109370,"2":150994947,"1":33554867,"8":100667499},"PositionValues":{"2":{"ObjCellID":3855614016,"Origin":{"X":175.775482,"Y":185.360046,"Z":42.0},"Angles":{"W":-0.08715577,"X":0.0,"Y":0.0,"Z":-0.9961947}}},"WCID":43575,"Extra1":{"unknown":506,"Items":[{"Component1":2985,"Component2":1,"Component3":255}]}}