{"Label":"Queen's Burrow","Timestamp":1496988468,"WeenieType":7,"IntValues":{"93":3084,"1":65536,"16":32,"133":4,"111":65},"BoolValues":{"1":true},"DoubleValues":{"54":-0.10000000149011612},"StringValues":{"1":"Queen's Burrow"},"DIDValues":{"6":67109370,"2":150994947,"1":33554867,"8":100667499},"PositionValues":{"2":{"ObjCellID":3855810588,"Origin":{"X":88.29641,"Y":92.2672043,"Z":198.0},"Angles":{"W":1.0,"X":0.0,"Y":0.0,"Z":0.0}}},"WCID":43588,"Extra1":{"unknown":506,"Items":[{"Component1":2985,"Component2":1,"Component3":255}]}}