{"Label":"The Shadows","Timestamp":1496988474,"WeenieType":7,"IntValues":{"93":1036,"1":65536,"16":32,"133":4,"86":200,"111":1},"BoolValues":{"1":true},"DoubleValues":{"54":-0.10000000149011612},"StringValues":{"1":"The Shadows"},"DIDValues":{"2":150995314,"1":33561212,"8":100667499},"PositionValues":{"2":{"ObjCellID":2114061093,"Origin":{"X":81.3159,"Y":-193.399,"Z":84.0050049},"Angles":{"W":1.0,"X":0.0,"Y":0.0,"Z":0.0}}},"WCID":43865}