{"Label":"Sand Caves","Timestamp":1496988497,"WeenieType":7,"IntValues":{"93":3084,"1":65536,"16":32,"133":4,"111":17},"BoolValues":{"1":true},"DoubleValues":{"54":-0.10000000149011612},"StringValues":{"1":"Sand Caves"},"DIDValues":{"2":150994947,"1":33554867,"8":100667499},"PositionValues":{"2":{"ObjCellID":1465910265,"Origin":{"X":207.147812,"Y":-78.0729446,"Z":0.004999995},"Angles":{"W":0.9663422,"X":0.0,"Y":0.0,"Z":-0.25726}}},"WCID":44116}