{"Label":"Surface","Timestamp":1496988618,"WeenieType":7,"IntValues":{"93":3084,"1":65536,"16":32,"133":4},"BoolValues":{"1":true},"DoubleValues":{"54":-0.10000000149011612},"StringValues":{"1":"Surface"},"DIDValues":{"2":150994947,"1":33554867,"8":100667499},"PositionValues":{"2":{"ObjCellID":2271543307,"Origin":{"X":34.091053,"Y":59.76972,"Z":52.2491035},"Angles":{"W":1.0,"X":0.0,"Y":0.0,"Z":0.0}}},"WCID":44119}