{"Label":"Temple","Timestamp":1496988466,"WeenieType":7,"IntValues":{"93":3084,"1":65536,"16":32,"133":4,"111":17},"BoolValues":{"1":true},"DoubleValues":{"54":-0.10000000149011612},"StringValues":{"1":"Temple"},"DIDValues":{"2":150994947,"1":33554867,"8":100667499},"PositionValues":{"2":{"ObjCellID":1465254241,"Origin":{"X":95.06237,"Y":-112.097321,"Z":0.01},"Angles":{"W":1.0,"X":0.0,"Y":0.0,"Z":0.0}}},"WCID":44136}