{"Label":"Celestial Hand Robe","Timestamp":1496988560,"WeenieType":38,"IntValues":{"93":1044,"1":2048,"19":50,"16":524296,"94":6,"12":1,"11":1,"4":1024,"5":919,"28":0},"BoolValues":{"22":true},"DoubleValues":{"13":1.2999999523162842,"14":1.0,"15":1.0,"16":0.40000000596046448,"17":0.40000000596046448,"18":0.60000002384185791,"19":0.40000000596046448,"165":1.0},"StringValues":{"1":"Celestial Hand Robe"},"DIDValues":{"3":536870932,"22":872415275,"1":33554854,"8":100692003,"50":100667895},"WCID":44444,"Extra3Items":[{"Component1":0,"Component2":32768}]}