{"Label":"Rynthid Energy Tentacles","Timestamp":1496988609,"WeenieType":38,"IntValues":{"93":1044,"1":2048,"19":653,"16":524296,"94":4,"12":1,"11":1,"4":131072,"5":919,"28":0},"BoolValues":{"22":true,"100":false},"DoubleValues":{"13":0.800000011920929,"14":0.800000011920929,"15":1.0,"16":0.20000000298023224,"17":0.20000000298023224,"18":0.10000000149011612,"19":0.20000000298023224,"165":1.0},"StringValues":{"1":"Rynthid Energy Tentacles"},"DIDValues":{"3":536870932,"22":872415275,"1":33561386,"8":100693225,"50":100667895},"WCID":44863,"Extra3Items":[{"Component1":0,"Component2":32768}]}