{"Label":"Celestial Hand Cloak","Timestamp":1496988560,"WeenieType":38,"IntValues":{"93":1044,"1":2048,"19":50,"16":524296,"94":4,"12":1,"11":1,"4":131072,"5":919,"28":0},"BoolValues":{"22":true},"DoubleValues":{"13":0.800000011920929,"14":0.800000011920929,"15":1.0,"16":0.20000000298023224,"17":0.20000000298023224,"18":0.10000000149011612,"19":0.20000000298023224,"165":1.0},"StringValues":{"1":"Celestial Hand Cloak"},"DIDValues":{"3":536870932,"22":872415275,"1":33561386,"8":100692133,"50":100667895},"WCID":44887,"Extra3Items":[{"Component1":0,"Component2":32768}]}