{"Label":"Frost Golem","Timestamp":1496988490,"WeenieType":10,"IntValues":{"93":4195336,"1":16,"6":255,"7":255,"16":1,"133":2},"BoolValues":{"1":true},"DoubleValues":{"39":1.1000000238418579,"76":0.30000001192092896},"StringValues":{"1":"Frost Golem"},"DIDValues":{"2":150995073,"3":536871067,"22":872415322,"1":33556439,"8":100667940},"WCID":45005}