{"Label":"Training Hand Axe","Timestamp":1496988462,"WeenieType":6,"IntValues":{"93":1044,"1":1,"19":25,"16":1,"51":1,"9":1048576,"5":200,"151":2,"353":3,"47":4,"45":1,"49":0,"48":45,"44":31},"BoolValues":{"22":true},"DoubleValues":{"39":1.2000000476837158,"29":1.1700000017881393,"22":0.5,"63":1.0,"21":0.0,"26":0.0,"62":1.2000000029802322},"StringValues":{"1":"Training Hand Axe"},"DIDValues":{"6":67111919,"3":536870932,"22":872415275,"1":33554727,"8":100670225},"WCID":45534,"Extra1":{"unknown":3055,"Items":[{"Component1":3062,"Component2":0,"Component3":0}]},"Extra2Items":[{"Component1":0,"Component2":3158,"Component3":3158},{"Component1":0,"Component2":3156,"Component3":3156}],"Extra3Items":[{"Component1":0,"Component2":673}]}