{"Label":"Firey Refuge","Timestamp":1496988469,"WeenieType":7,"IntValues":{"93":3084,"1":65536,"16":32,"133":4,"86":150,"111":49},"BoolValues":{"1":true},"DoubleValues":{"54":-0.10000000149011612},"StringValues":{"1":"Firey Refuge"},"DIDValues":{"2":150994947,"1":33555925,"8":100667499},"PositionValues":{"2":{"ObjCellID":3332964380,"Origin":{"X":77.6065445,"Y":77.91715,"Z":42.006},"Angles":{"W":0.0153566143,"X":0.0,"Y":0.0,"Z":-0.9998821}}},"WCID":45724}