{"Label":"Surface","Timestamp":1496988564,"WeenieType":7,"IntValues":{"93":3084,"1":65536,"16":32,"133":4,"111":49},"BoolValues":{"1":true},"DoubleValues":{"54":-0.10000000149011612},"StringValues":{"1":"Surface"},"DIDValues":{"2":150994947,"1":33554867,"8":100667499},"PositionValues":{"2":{"ObjCellID":1219821613,"Origin":{"X":137.070328,"Y":106.839027,"Z":177.156921},"Angles":{"W":-0.9999621,"X":0.0,"Y":0.0,"Z":-0.008704703}}},"WCID":46013}