{"Label":"Surface Portal","Timestamp":1496988468,"WeenieType":7,"IntValues":{"93":3084,"1":65536,"16":32,"133":4,"111":1},"BoolValues":{"1":true},"DoubleValues":{"54":-0.10000000149011612},"StringValues":{"1":"Surface Portal"},"DIDValues":{"6":67109370,"2":150994947,"1":33554867,"8":100667499},"PositionValues":{"2":{"ObjCellID":3078619155,"Origin":{"X":57.24587,"Y":55.0199852,"Z":24.005},"Angles":{"W":0.766044438,"X":0.0,"Y":0.0,"Z":-0.6427876}}},"WCID":46019,"Extra1":{"unknown":506,"Items":[{"Component1":2985,"Component2":1,"Component3":255}]}}