{"Label":"Atlan Sword","Timestamp":1496988473,"WeenieType":6,"IntValues":{"93":1044,"1":1,"19":5000,"16":1,"51":1,"9":1048576,"5":450,"151":2,"33":1,"47":6,"45":3,"49":0,"48":44,"44":54},"BoolValues":{"22":true,"69":false},"DoubleValues":{"29":1.2800000029802323,"22":0.43,"63":1.0,"21":0.0,"26":0.0,"62":1.2800000029802323},"StringValues":{"1":"Atlan Sword"},"DIDValues":{"6":67111919,"3":536870932,"22":872415275,"1":33556262,"8":100670569},"WCID":46088,"Extra1":{"unknown":3055,"Items":[{"Component1":3063,"Component2":0,"Component3":0}]},"Extra2Items":[{"Component1":0,"Component2":3157,"Component3":3157},{"Component1":0,"Component2":3155,"Component3":3155},{"Component1":0,"Component2":3608,"Component3":3608},{"Component1":0,"Component2":3156,"Component3":3156}],"Extra3Items":[{"Component1":0,"Component2":6779}]}