{"Label":"Atlan Two Handed Sword","Timestamp":1496988473,"WeenieType":6,"IntValues":{"93":1044,"1":1,"19":5000,"16":1,"51":5,"9":33554432,"5":700,"151":2,"33":1,"292":2,"47":4,"45":1,"49":0,"48":41,"44":44},"BoolValues":{"22":true,"69":false},"DoubleValues":{"39":1.25,"29":1.2500000017881394,"22":0.29,"63":1.0,"21":0.0,"26":0.0,"62":1.2800000029802323},"StringValues":{"1":"Atlan Two Handed Sword"},"DIDValues":{"6":67111919,"3":536870932,"22":872415275,"1":33556262,"8":100692937},"WCID":46105,"Extra1":{"unknown":3055,"Items":[{"Component1":3063,"Component2":0,"Component3":0}]},"Extra2Items":[{"Component1":0,"Component2":3157,"Component3":3157},{"Component1":0,"Component2":3155,"Component3":3155},{"Component1":0,"Component2":3608,"Component3":3608},{"Component1":0,"Component2":3156,"Component3":3156}],"Extra3Items":[{"Component1":0,"Component2":6779}]}