{"Label":"Isparian Wand","Timestamp":1496988477,"WeenieType":35,"IntValues":{"93":1044,"1":32768,"19":8000,"16":1,"94":16,"18":1,"9":16777216,"5":150,"151":2,"33":1},"BoolValues":{"22":true,"69":false},"DoubleValues":{"144":1.94974945462105E-314,"29":1.2500000017881394},"StringValues":{"1":"Isparian Wand"},"DIDValues":{"6":67111919,"3":536870932,"22":872415275,"1":33557731,"8":100672990},"WCID":46181,"Extra1":{"unknown":3055,"Items":[{"Component1":3055,"Component2":0,"Component3":0}]},"Extra2Items":[{"Component1":0,"Component2":3157,"Component3":3157},{"Component1":0,"Component2":3608,"Component3":3608},{"Component1":0,"Component2":7847,"Component3":7847}],"Extra3Items":[{"Component1":0,"Component2":10685}]}