{"Label":"Surface","Timestamp":1496988591,"WeenieType":7,"IntValues":{"93":3084,"1":65536,"16":32,"133":4,"86":6,"111":49},"BoolValues":{"1":true},"DoubleValues":{"54":-0.10000000149011612},"StringValues":{"1":"Surface"},"DIDValues":{"2":150994947,"1":33554867,"8":100667499},"PositionValues":{"2":{"ObjCellID":1056440366,"Origin":{"X":143.471863,"Y":126.421494,"Z":-0.09500003},"Angles":{"W":0.9999706,"X":0.0,"Y":0.0,"Z":-0.007668764}}},"WCID":46308}