{"Label":"Frigid Ice Golem","Timestamp":1496988591,"WeenieType":10,"IntValues":{"93":1032,"1":16,"6":255,"7":255,"16":1,"133":2},"BoolValues":{"1":true},"DoubleValues":{"39":1.1000000238418579,"76":0.30000001192092896},"StringValues":{"1":"Frigid Ice Golem"},"DIDValues":{"2":150995073,"3":536870933,"22":872415322,"1":33556439,"8":100667940},"WCID":46305}