{"Label":"Surface","Timestamp":1496988591,"WeenieType":7,"IntValues":{"93":3084,"1":65536,"16":32,"133":4,"111":49},"BoolValues":{"1":true},"DoubleValues":{"54":-0.10000000149011612},"StringValues":{"1":"Surface"},"DIDValues":{"2":150995314,"1":33559046,"8":100667499},"PositionValues":{"2":{"ObjCellID":4111990842,"Origin":{"X":174.701141,"Y":43.33101,"Z":130.005},"Angles":{"W":0.766044438,"X":0.0,"Y":0.0,"Z":-0.6427876}}},"WCID":46358}