{"Label":"Lost Ruins","Timestamp":1496988465,"WeenieType":7,"IntValues":{"93":3084,"1":65536,"16":32,"133":4,"86":150,"111":49},"BoolValues":{"1":true},"DoubleValues":{"54":-0.10000000149011612},"StringValues":{"1":"Lost Ruins"},"DIDValues":{"2":150995314,"1":33560216,"8":100667499},"PositionValues":{"2":{"ObjCellID":1466237804,"Origin":{"X":20.0,"Y":-56.6975,"Z":0.004999995},"Angles":{"W":1.0,"X":0.0,"Y":0.0,"Z":0.0}}},"WCID":46357}