{"Label":"Falatacot Temple","Timestamp":1496988588,"WeenieType":7,"IntValues":{"93":3084,"1":65536,"16":32,"133":4,"86":200,"111":49},"BoolValues":{"1":true},"DoubleValues":{"54":-0.10000000149011612},"StringValues":{"1":"Falatacot Temple"},"DIDValues":{"2":150994947,"1":33555925,"8":100667499},"PositionValues":{"2":{"ObjCellID":1717436958,"Origin":{"X":30.0,"Y":-130.78,"Z":0.01919046},"Angles":{"W":1.0,"X":0.0,"Y":0.0,"Z":0.0}}},"WCID":46597}