{"Label":"Citadel Valley","Timestamp":1496988495,"WeenieType":7,"IntValues":{"93":3084,"1":65536,"16":32,"133":4,"111":49},"BoolValues":{"1":true},"DoubleValues":{"54":-0.10000000149011612},"StringValues":{"1":"Citadel Valley"},"DIDValues":{"2":150994947,"1":33555925,"8":100667499},"PositionValues":{"2":{"ObjCellID":3150446595,"Origin":{"X":23.07957,"Y":60.7006569,"Z":160.588882},"Angles":{"W":0.0436193347,"X":0.0,"Y":0.0,"Z":-0.999048233}}},"WCID":46923}