{"Label":"Prismatic Ziggurat","Timestamp":1496988465,"WeenieType":7,"IntValues":{"93":3084,"1":65536,"16":32,"133":4,"86":150,"111":49},"BoolValues":{"1":true},"DoubleValues":{"54":-0.10000000149011612},"StringValues":{"1":"Prismatic Ziggurat"},"DIDValues":{"2":150994947,"1":33556212,"8":100667499},"PositionValues":{"2":{"ObjCellID":1481703684,"Origin":{"X":20.0,"Y":-20.0,"Z":0.004999995},"Angles":{"W":0.382683426,"X":0.0,"Y":0.0,"Z":-0.9238795}}},"WCID":46924}