{"Label":"Foundry of Izexi","Timestamp":1496988480,"WeenieType":7,"IntValues":{"93":3084,"1":65536,"16":32,"133":4,"86":200,"111":49},"BoolValues":{"1":true},"DoubleValues":{"54":-0.10000000149011612},"StringValues":{"1":"Foundry of Izexi"},"DIDValues":{"2":150994947,"1":33555925,"8":100667499},"PositionValues":{"2":{"ObjCellID":1482032362,"Origin":{"X":53.3024,"Y":-316.298,"Z":2.06621027},"Angles":{"W":-0.7431448,"X":0.0,"Y":0.0,"Z":-0.6691306}}},"WCID":47155}