{"Label":"Surface","Timestamp":1496988591,"WeenieType":7,"IntValues":{"93":3084,"1":65536,"16":32,"133":4,"86":150,"111":49},"BoolValues":{"1":true},"DoubleValues":{"54":-0.10000000149011612},"StringValues":{"1":"Surface"},"DIDValues":{"2":150994947,"1":33554867,"8":100667499},"PositionValues":{"2":{"ObjCellID":2753626113,"Origin":{"X":3.527585,"Y":12.8707123,"Z":388.05426},"Angles":{"W":0.906307757,"X":0.0,"Y":0.0,"Z":-0.42261827}}},"WCID":47209}