{"Label":"Surface","Timestamp":1496988591,"WeenieType":7,"IntValues":{"93":3084,"1":65536,"16":32,"133":4,"111":49},"BoolValues":{"1":true},"DoubleValues":{"54":-0.10000000149011612},"StringValues":{"1":"Surface"},"DIDValues":{"2":150995314,"1":33560217,"8":100667499},"PositionValues":{"2":{"ObjCellID":2271412238,"Origin":{"X":42.1101723,"Y":129.179184,"Z":8.00600052},"Angles":{"W":-0.707106769,"X":0.0,"Y":0.0,"Z":-0.707106769}}},"WCID":48933}