{"Label":"Greymaine's K'nath","Timestamp":1496988629,"WeenieType":10,"IntValues":{"93":1036,"1":16,"6":255,"7":255,"16":1,"133":1},"BoolValues":{"1":true},"DoubleValues":{"39":1.2000000476837158,"76":0.40000000596046448},"StringValues":{"1":"Greymaine's K'nath"},"DIDValues":{"2":150994994,"3":536870984,"22":872415261,"1":33561529,"8":100668443},"WCID":49082}