{"Label":"Surface","Timestamp":1496988493,"WeenieType":7,"IntValues":{"93":3084,"1":65536,"16":32,"133":4,"86":200,"111":49},"BoolValues":{"1":true},"DoubleValues":{"54":-0.10000000149011612},"StringValues":{"1":"Surface"},"DIDValues":{"2":150994947,"1":33554867,"8":100667499},"PositionValues":{"2":{"ObjCellID":2011693087,"Origin":{"X":92.84388,"Y":146.464325,"Z":125.743},"Angles":{"W":0.9914449,"X":0.0,"Y":0.0,"Z":-0.1305262}}},"WCID":51426}