{"Label":"Surface","Timestamp":1496988479,"WeenieType":7,"IntValues":{"93":3084,"1":65536,"16":32,"133":4,"86":180,"111":49},"BoolValues":{"1":true},"DoubleValues":{"54":-0.10000000149011612},"StringValues":{"1":"Surface"},"DIDValues":{"2":150994947,"1":33554867,"8":100667499},"PositionValues":{"2":{"ObjCellID":758120493,"Origin":{"X":133.717575,"Y":117.8293,"Z":60.6809769},"Angles":{"W":-0.642787635,"X":0.0,"Y":0.0,"Z":-0.766044438}}},"WCID":51570}