{"Label":"Surface","Timestamp":1496988585,"WeenieType":7,"IntValues":{"93":3084,"1":65536,"16":32,"133":4},"BoolValues":{"1":true},"DoubleValues":{"54":-0.10000000149011612},"StringValues":{"1":"Surface"},"DIDValues":{"2":150994947,"1":33554867,"8":100667499},"PositionValues":{"2":{"ObjCellID":758186017,"Origin":{"X":107.8742,"Y":12.5323877,"Z":185.014984},"Angles":{"W":1.0,"X":0.0,"Y":0.0,"Z":0.0}}},"WCID":51616}