{"Label":"Rynthid Genesis","Timestamp":1496988479,"WeenieType":7,"IntValues":{"93":3084,"1":65536,"16":32,"133":4,"86":180,"111":49},"BoolValues":{"1":true},"DoubleValues":{"54":-0.10000000149011612},"StringValues":{"1":"Rynthid Genesis"},"DIDValues":{"2":150994947,"1":33555924,"8":100667499},"PositionValues":{"2":{"ObjCellID":1484063380,"Origin":{"X":180.0,"Y":-109.111115,"Z":6.5},"Angles":{"W":1.0,"X":0.0,"Y":0.0,"Z":0.0}}},"WCID":51615}