{"Label":"Portal","Timestamp":1496988585,"WeenieType":7,"IntValues":{"93":3084,"1":65536,"16":32,"133":4},"BoolValues":{"1":true},"DoubleValues":{"54":-0.10000000149011612},"StringValues":{"1":"Portal"},"DIDValues":{"2":150994947,"1":33557581,"8":100667499},"PositionValues":{"2":{"ObjCellID":1484063324,"Origin":{"X":518.303,"Y":-174.744,"Z":0.004999995},"Angles":{"W":0.707106769,"X":0.0,"Y":0.0,"Z":-0.707106769}}},"WCID":51630}