{"Label":"Rynthid Foundry","Timestamp":1496988464,"WeenieType":7,"IntValues":{"93":3084,"1":65536,"16":32,"133":4,"86":180,"111":49},"BoolValues":{"1":true},"DoubleValues":{"54":-0.10000000149011612},"StringValues":{"1":"Rynthid Foundry"},"DIDValues":{"2":150994947,"1":33555924,"8":100667499},"PositionValues":{"2":{"ObjCellID":1484128775,"Origin":{"X":220.0,"Y":-130.0,"Z":7.5},"Angles":{"W":0.707106769,"X":0.0,"Y":0.0,"Z":-0.707106769}}},"WCID":51669}