{"Label":"Acidic Tendril","Timestamp":1496988491,"WeenieType":10,"IntValues":{"93":1032,"1":16,"6":255,"7":255,"16":1,"133":2},"BoolValues":{"1":true},"DoubleValues":{"39":1.2000000476837158,"76":0.60000002384185791},"StringValues":{"1":"Acidic Tendril"},"DIDValues":{"2":150995067,"3":536871015,"22":872415332,"1":33558617,"8":100671186},"WCID":51832}