{"Label":"Presk's Bunker","Timestamp":1496988479,"WeenieType":7,"IntValues":{"93":3084,"1":65536,"16":32,"133":4,"86":180,"111":49},"BoolValues":{"1":true},"DoubleValues":{"54":-0.10000000149011612},"StringValues":{"1":"Presk's Bunker"},"DIDValues":{"2":150994947,"1":33555924,"8":100667499},"PositionValues":{"2":{"ObjCellID":1498480953,"Origin":{"X":190.0,"Y":-220.0,"Z":0.05},"Angles":{"W":0.9238795,"X":0.0,"Y":0.0,"Z":-0.382683456}}},"WCID":51906}