{"Label":"Presk's Treasury","Timestamp":1496988479,"WeenieType":7,"IntValues":{"93":3084,"1":65536,"16":32,"133":4,"86":180,"111":49},"BoolValues":{"1":true},"DoubleValues":{"54":-0.10000000149011612},"StringValues":{"1":"Presk's Treasury"},"DIDValues":{"2":150994947,"1":33556212,"8":100667499},"PositionValues":{"2":{"ObjCellID":1498480911,"Origin":{"X":70.0,"Y":-98.6666641,"Z":0.004999995},"Angles":{"W":1.0,"X":0.0,"Y":0.0,"Z":0.0}}},"WCID":51912}