{"Label":"White Portal","Timestamp":1496988479,"WeenieType":7,"IntValues":{"93":3084,"1":65536,"16":32,"133":4},"BoolValues":{"1":true},"DoubleValues":{"54":-0.10000000149011612},"StringValues":{"1":"White Portal"},"DIDValues":{"2":150994947,"1":33556212,"8":100667499},"PositionValues":{"2":{"ObjCellID":1484390970,"Origin":{"X":570.0,"Y":-300.0,"Z":0.00599998236},"Angles":{"W":0.707106769,"X":0.0,"Y":0.0,"Z":-0.707106769}}},"WCID":52056}