{"Label":"Round Shield","Timestamp":1496988467,"WeenieType":1,"IntValues":{"93":1044,"1":2,"19":1300,"16":1,"51":4,"9":2097152,"5":690,"33":-2,"28":20,"36":9999},"BoolValues":{"22":true},"DoubleValues":{"13":1.0,"14":0.800000011920929,"15":1.2000000476837158,"16":0.60000002384185791,"17":0.60000002384185791,"18":1.0,"19":0.60000002384185791,"165":1.0},"StringValues":{"1":"Round Shield"},"DIDValues":{"6":67111919,"3":536870932,"22":872415275,"1":33554786,"8":100668461},"WCID":52142,"Extra1":{"unknown":3055,"Items":[{"Component1":3055,"Component2":0,"Component3":0}]},"Extra2Items":[{"Component1":0,"Component2":4057,"Component3":4054}],"Extra3Items":[{"Component1":0,"Component2":1104}]}