{"Label":"Accursed Scarecrow Mask","Timestamp":1496988472,"WeenieType":2,"IntValues":{"93":1044,"1":2,"19":50,"16":1,"9":1,"4":16384,"5":20,"151":2,"28":10},"BoolValues":{"22":true},"DoubleValues":{"13":0.44999998807907104,"14":0.25999999046325684,"15":0.25999999046325684,"16":0.27000001072883606,"17":0.5,"18":0.25999999046325684,"19":0.44999998807907104,"165":1.0},"StringValues":{"1":"Accursed Scarecrow Mask"},"DIDValues":{"3":536870932,"22":872415275,"1":33557361,"8":100672162},"WCID":52201,"Extra3Items":[{"Component1":0,"Component2":32768}]}