{"Label":"Surface","Timestamp":1496988585,"WeenieType":7,"IntValues":{"93":3084,"1":65536,"16":32,"133":4,"86":180,"111":49},"BoolValues":{"1":true},"DoubleValues":{"54":-0.10000000149011612},"StringValues":{"1":"Surface"},"DIDValues":{"2":150994947,"1":33554867,"8":100667499},"PositionValues":{"2":{"ObjCellID":1324744738,"Origin":{"X":100.095909,"Y":32.07092,"Z":35.3324242},"Angles":{"W":0.8660254,"X":0.0,"Y":0.0,"Z":-0.5}}},"WCID":52217}