{"Label":"Sanctuary of the Recluse","Timestamp":1496988466,"WeenieType":7,"IntValues":{"93":3084,"1":65536,"16":32,"133":4,"86":180,"111":49},"BoolValues":{"1":true},"DoubleValues":{"54":-0.10000000149011612},"StringValues":{"1":"Sanctuary of the Recluse"},"DIDValues":{"2":150994947,"1":33555924,"8":100667499},"PositionValues":{"2":{"ObjCellID":4095213828,"Origin":{"X":36.9,"Y":48.7,"Z":169.805},"Angles":{"W":-0.9807853,"X":0.0,"Y":0.0,"Z":-0.195090309}}},"WCID":52214}