{"Label":"Surface","Timestamp":1496988585,"WeenieType":7,"IntValues":{"93":3084,"1":65536,"16":32,"133":4,"86":180,"111":49},"BoolValues":{"1":true},"DoubleValues":{"54":-0.10000000149011612},"StringValues":{"1":"Surface"},"DIDValues":{"2":150994947,"1":33554867,"8":100667499},"PositionValues":{"2":{"ObjCellID":3119579200,"Origin":{"X":185.853882,"Y":175.028961,"Z":398.005},"Angles":{"W":0.9961947,"X":0.0,"Y":0.0,"Z":-0.08715574}}},"WCID":52218}