{"Label":"Gauntlet Stage 2","Timestamp":1496988481,"WeenieType":7,"IntValues":{"93":66576,"1":65536,"16":32,"133":4},"BoolValues":{"1":true},"DoubleValues":{"54":0.30000001192092896},"StringValues":{"1":"Gauntlet Stage 2"},"DIDValues":{"1":33559873,"8":100677070},"PositionValues":{"2":{"ObjCellID":1499529478,"Origin":{"X":20.5620422,"Y":-14.6716251,"Z":0.004999995},"Angles":{"W":0.9983334,"X":0.0,"Y":0.0,"Z":0.0577095263}}},"WCID":52593}