{"Label":"Gauntlet Stage 1","Timestamp":1496988481,"WeenieType":7,"IntValues":{"93":66576,"1":65536,"16":32,"133":4,"111":49},"BoolValues":{"1":true},"DoubleValues":{"54":0.30000001192092896},"StringValues":{"1":"Gauntlet Stage 1"},"DIDValues":{"1":33559873,"8":100677070},"PositionValues":{"2":{"ObjCellID":1499529483,"Origin":{"X":20.0,"Y":-100.2399,"Z":0.004999995},"Angles":{"W":1.0,"X":0.0,"Y":0.0,"Z":0.0}}},"WCID":52678}