{"Label":"Surface","Timestamp":1496988474,"WeenieType":7,"IntValues":{"93":3084,"1":65536,"16":32,"133":4},"BoolValues":{"1":true},"DoubleValues":{"54":-0.10000000149011612},"StringValues":{"1":"Surface"},"DIDValues":{"2":150994947,"1":33554867,"8":100667499},"PositionValues":{"2":{"ObjCellID":3829202969,"Origin":{"X":84.109314,"Y":5.934105,"Z":69.905},"Angles":{"W":-0.707106769,"X":0.0,"Y":0.0,"Z":-0.707106769}}},"WCID":53352}