{"Label":"Eldrytch Web Gauntlet","Timestamp":1496988467,"WeenieType":7,"IntValues":{"93":3084,"1":65536,"16":32,"133":4,"86":180,"111":49},"BoolValues":{"1":true},"DoubleValues":{"54":-0.10000000149011612},"StringValues":{"1":"Eldrytch Web Gauntlet"},"DIDValues":{"2":150994947,"1":33554867,"8":100667499},"PositionValues":{"2":{"ObjCellID":1500184848,"Origin":{"X":120.0,"Y":-80.0,"Z":0.004999995},"Angles":{"W":-0.707106769,"X":0.0,"Y":0.0,"Z":-0.707106769}}},"WCID":53447}