{"Label":"Celestial Hand Gauntlet","Timestamp":1496988462,"WeenieType":7,"IntValues":{"93":3084,"1":65536,"16":32,"133":4,"86":180,"111":49},"BoolValues":{"1":true},"DoubleValues":{"54":-0.10000000149011612},"StringValues":{"1":"Celestial Hand Gauntlet"},"DIDValues":{"2":150994947,"1":33555922,"8":100667499},"PositionValues":{"2":{"ObjCellID":1500184856,"Origin":{"X":130.0,"Y":-160.0,"Z":0.004999995},"Angles":{"W":-0.707106769,"X":0.0,"Y":0.0,"Z":-0.707106769}}},"WCID":53446}