{"Label":"Temple of the Font","Timestamp":1496988465,"WeenieType":7,"IntValues":{"93":3084,"1":65536,"16":32,"133":4,"86":275,"111":49},"BoolValues":{"1":true},"DoubleValues":{"54":-0.10000000149011612},"StringValues":{"1":"Temple of the Font"},"DIDValues":{"2":150995314,"1":33560221,"8":100667499},"PositionValues":{"2":{"ObjCellID":1500184876,"Origin":{"X":9.95987,"Y":-130.005,"Z":6.005},"Angles":{"W":1.0,"X":0.0,"Y":0.0,"Z":0.0}}},"WCID":53477}